window_start,utc_hour,symbol,n_B,n_S,mu_B,mu_S,phi_BB1,phi_SS1,phi_BS1,phi_SB1,phi_BB2,phi_SS2,phi_BS2,phi_SB2,eta,loglik
1764547200.180386,0,BTCUSDT,108202,109978,3.2569865694727227,2.1007346040147277,0.7932123666328807,0.8619526284814873,0.0005903876843992879,0.0005829990255717965,0.03478871494489419,0.03939929540708562,0.03253451672387976,0.06285483874078776,0.9233830511652226,1002205.4387239084
1764550800.180386,1,BTCUSDT,49954,42219,2.8607843635249828,1.2792492551802896,0.731851761797749,0.8207948119609,0.0011876648773597794,0.0009606458809607807,0.03694295025200446,0.03812902000007797,0.02596140117231397,0.028309771024391656,0.867014507362364,369825.9721962412
1764554400.180386,2,BTCUSDT,47393,38016,2.7249446994946473,1.3742994381415141,0.7230738591721937,0.8339538552463285,0.00038420947978732315,0.00033919787819165493,0.04632426905913146,0.010009325068100405,0.022113449921988503,0.025079284396402012,0.8509733523704515,355314.7519455638
1764558000.180386,3,BTCUSDT,46739,34261,3.170547287500989,1.454407047317049,0.7124680170156207,0.808652952952691,0.0004543291081264392,0.0005471886309679868,0.03197013836297284,0.01937162890378437,0.014659609163988193,0.014895856873632107,0.83072943497244,326141.82222308026
1764561600.180386,4,BTCUSDT,45197,33324,3.4045298332064053,1.2999412335543687,0.6624369540077268,0.8084617767349035,0.0004837213561251368,0.00047606295621617153,0.038886348868348755,0.029122069928714554,0.01569958075596164,0.03441839547701921,0.8416092502997863,303175.7237304824
1764565200.180386,5,BTCUSDT,27914,20204,2.4238918439261443,0.9915172285236566,0.6337869990938344,0.7779872994568718,0.0008769121753948176,0.0005905956045846127,0.036559269760719756,0.023944707713971457,0.014380295946906306,0.022993086186111695,0.8046119265745173,170371.96660065968
1764568800.180386,6,BTCUSDT,28088,21397,2.3247971318842118,1.2201125425441475,0.6610170593231848,0.7547626454284032,0.0005518901560392868,0.0005553050804850537,0.017197795503174733,0.018010619450147813,0.022810297776881167,0.026473784882003484,0.7790363973738884,176476.10928914693
1764572400.180386,7,BTCUSDT,26951,26607,2.550364619073014,1.5023445071482444,0.617210664837919,0.7461972946361736,0.0006486251942457483,0.0004605493914951918,0.0278649129996041,0.030998325712142814,0.01924570232996865,0.013443728945369516,0.7792571278153793,186864.24275537222
1764576000.180386,8,BTCUSDT,25041,22842,2.285779058969098,1.2815979257694177,0.6381316192394082,0.7336808552828498,0.0008231611926178843,0.0009311292822205979,0.021288297548028825,0.05731384163278934,0.009847724787869695,0.010353498401275116,0.791903616095671,164894.75223565826
1764579600.180386,9,BTCUSDT,24034,27465,2.0402706133351196,1.2490805949280788,0.6395811259391718,0.7884811320912264,0.000766364910914017,0.00048274114752525126,0.040074680195209815,0.04352080139428161,0.009798705730746048,0.010388769348645745,0.8327521686607806,186721.29850471794
1764583200.180386,10,BTCUSDT,15938,14296,1.9112816127858157,1.074518633098537,0.5281309501441432,0.6724156332914203,0.0006375343186865906,0.0011489097448536213,0.03242779706677057,0.041058221294685934,0.013142772814622517,0.00676953125936692,0.7141841443629143,83915.87654550458
1764586800.180386,11,BTCUSDT,18617,20936,2.067154447918822,1.287790372369339,0.5561921927842068,0.7278929239485873,0.0005182653895856032,0.0006428800050835696,0.027252105169656832,0.03451141380560809,0.016060362794609234,0.017036129244937494,0.7640273786278318,129786.37047630163
1764590400.180386,12,BTCUSDT,45424,51848,2.3274010459706713,1.8816366182014927,0.7022331605782108,0.8130807711271107,0.0004150752152985459,0.000549306158981968,0.06954450974013682,0.037683682196598456,0.02996598372412804,0.034264659942204664,0.8624317217895958,410919.34968708403
1764594000.180386,13,BTCUSDT,44824,40611,2.5013068294024072,1.7394731641926604,0.7708856342417576,0.770088279637304,0.0008032544141686099,0.000511230571644239,0.023874220812300073,0.04179573772128275,0.021029728972425416,0.014630958313966961,0.8234194084860439,354246.60958025325
1764597600.180386,14,BTCUSDT,54777,55175,2.7753057336929348,1.6911958030871959,0.7723884624509398,0.8216613890582749,0.0004134599225712836,0.0003778472601960525,0.021310025956045028,0.05683401917938864,0.01815997057813055,0.02793619173414657,0.8842998345289429,483086.4564020194
1764601200.180386,15,BTCUSDT,88583,88931,3.354333508249532,2.678543718152604,0.764815618592284,0.8393375997121448,0.0004573553015622006,0.0006187597416519903,0.0496556088795299,0.02900708133279293,0.021398769951716468,0.043738501032373596,0.8825791225359865,798111.2988981209
1764604800.180386,16,BTCUSDT,64698,62722,3.2558484298967287,1.7932848188462607,0.7614186860848122,0.8319639228955364,0.0011312895596153729,0.0008739865953307914,0.023411928788071586,0.028994906908872086,0.02672924265780657,0.04161657494383629,0.87420442839767,557213.2284101321
1764608400.180386,17,BTCUSDT,38069,36538,2.065509219607916,1.4448138054352357,0.7654824782330089,0.8064931879401613,0.0005315332198122494,0.0004158294649797849,0.028154465853333994,0.02728968513964856,0.019095265713029993,0.018014932753221417,0.8413624087941384,307950.49941430433
1764612000.180386,18,BTCUSDT,36836,34078,1.7485859708175073,1.6322630937613591,0.7760469368529306,0.7831488169248716,0.0002555678444726507,0.0014211399063671392,0.031927820085908214,0.025815085842518435,0.014099747506719005,0.022187712528717197,0.8268855489046169,292255.39916568267
1764615600.180386,19,BTCUSDT,31670,33519,1.7268382543026928,1.3618472067185314,0.7558388194142678,0.805340142921713,0.0005796074227057697,0.0005691835208666622,0.033009795144609416,0.03437621998128487,0.014897325764134283,0.016246009295856748,0.8444010805165515,262940.465277956
1764619200.180386,20,BTCUSDT,39882,39684,1.638038873828882,1.2815521523270346,0.8133061030715517,0.8193357281182349,0.0010550864313850468,0.0002583983500577768,0.027577454785239673,0.04292100961355185,0.019936194041826682,0.01763719206709643,0.8737028060660021,352776.3881346966
1764622800.180386,21,BTCUSDT,34416,32672,1.4608128903785769,1.266230763447754,0.8001965275746271,0.774099026723744,0.0004872700165817662,0.00042811635722494253,0.030390972864912904,0.05763249130283787,0.025849845242016455,0.01951819932294514,0.8540866898079351,292822.5403686819
1764626400.180386,22,BTCUSDT,23507,23177,1.330342751245554,1.1385749206425586,0.7517442258747085,0.7507595964296272,0.0006414270973053275,0.0004758861530743292,0.030619168695441727,0.05447751548862322,0.016497549130916958,0.014577191305941786,0.8135181657366997,185396.14041201357
1764630000.180386,23,BTCUSDT,15558,18350,1.1982468958509311,1.2842832501217385,0.652226852772033,0.6990992754296199,0.00048665988768631466,0.0007524737504814636,0.057396829449259286,0.04055789693854261,0.00960513140028669,0.009936445460819355,0.7428989314605946,109554.66734298745
1764633600.180386,0,BTCUSDT,21261,25127,1.2872739286228283,1.7611977738004094,0.7179591704189014,0.7013439566520716,0.0002701056966858605,0.001105622716905033,0.05004775421268587,0.03329015807848006,0.014141778905897648,0.010676637075937651,0.7724922149052307,160604.98560441492
1764637200.180386,1,BTCUSDT,32653,36443,1.422397618991198,1.2450847053750644,0.7780197942948283,0.7842206599998208,0.0006263342500339919,0.0005702071637991584,0.03303873811393839,0.055040989016124836,0.044704919703409264,0.028580716745975263,0.8641511394456363,283637.2526076861
1764640800.180386,2,BTCUSDT,24457,22816,1.888440971739154,1.0648756651423033,0.6878364215269542,0.7837819143185282,0.0005096550679444478,0.0003739001662510272,0.02429627793953151,0.04412003386263756,0.007662642487603235,0.011200256340894176,0.8287132963255334,173929.544126411
1764644400.180386,3,BTCUSDT,20059,21059,1.4040328043641725,1.1105558295211104,0.7101479311388188,0.7621636340967299,0.0005992813490262873,0.000513957755200126,0.02090259542243845,0.027459575658219108,0.018222853510111728,0.017634034563809107,0.7949674003945292,157319.07325635813
1764648000.180386,4,BTCUSDT,20659,18689,1.3047079850471854,1.0510651433016756,0.7218199489816053,0.7332640647571744,0.0005538037534981718,0.0008395615299370938,0.03473341557186089,0.054338459741946746,0.0069973057048413985,0.01873899360331265,0.7917972851892069,143090.04963783253
1764651600.180386,5,BTCUSDT,16674,15979,1.4392335557190643,1.0571951019453982,0.649290881705454,0.6980755218782143,0.000522419679979025,0.0005344987448008439,0.029059441379636716,0.04998045487687329,0.014012775516433118,0.010778950409066956,0.7503402301794007,105025.41865690154
1764655200.180386,6,BTCUSDT,14174,14715,1.3727472548542285,1.1803538406685146,0.6160690769631862,0.6466322629677045,0.0008437191260670911,0.000627477425495645,0.021185032503282606,0.048625287436718276,0.017413772411936257,0.011633347130344349,0.6988894275112245,85284.6828414246
1764658800.180386,7,BTCUSDT,13583,14388,1.6653034949952075,1.3174094674595602,0.5203369257400129,0.6106858105875616,0.0005901403323029597,0.0004884637939719227,0.02351792232985081,0.04415603618226218,0.01671193692119266,0.01445061560563769,0.6571238229780283,69471.21739653124
1764662400.180386,8,BTCUSDT,19360,26060,1.47228059288759,1.3296089592417701,0.6825380440367991,0.7863739381183181,0.0008497489925459619,0.0007807860704449061,0.018649536385280954,0.025037195722297904,0.013098019134619946,0.019056627583803963,0.8138666705821628,181514.12383414438
1764666000.180386,9,BTCUSDT,24388,19269,1.5789626010724576,1.2651604572009436,0.7324392267937793,0.7200131701866691,0.001619944494007456,0.0007331327369539191,0.028298745194050543,0.03577227706794042,0.005870582632835481,0.007885475165843009,0.7666694317621929,162069.84463393438
1764669600.180386,10,BTCUSDT,22963,18215,1.3563464990375944,1.0754357301075574,0.7354548050680739,0.6985588885210359,0.0014926131420383206,0.0005877531577084498,0.034276808382867265,0.056428133677360694,0.024274176057587325,0.022706530187123007,0.7879438762790135,153378.01417840834
1764673200.180386,11,BTCUSDT,23531,22049,1.8353479689302483,1.3088931966414994,0.681439972545389,0.7337334594175191,0.000502158219854322,0.00036821162153408306,0.02336866149419477,0.03571172034244793,0.016139161689841044,0.015809673771772465,0.773371797946076,167352.52391694946
1764676800.180386,12,BTCUSDT,18497,18346,1.562254165191474,1.3188440626712539,0.6474607880678684,0.6963195555732494,0.0011564684512726676,0.0004336473811408239,0.03441686765113271,0.030384786293013534,0.012507501783937754,0.012973295095967426,0.7304740087549848,124112.26733468863
1764680400.180386,13,BTCUSDT,34597,29258,1.838918493561066,1.8030902396782753,0.7480776937675415,0.7178444070669053,0.0005936909719916323,0.000563451790397848,0.04896231361082936,0.04577554316850197,0.020596037804237154,0.018457491182327482,0.8064503478226572,246236.33515931276
1764684000.180386,14,BTCUSDT,63399,67383,2.641969386787696,3.5703789425919013,0.8199624663634674,0.7317004820850679,0.0009738635551812673,0.0006306467260489317,0.006627146528504745,0.046703606122363406,0.03524333747504638,0.01932265860763264,0.8385955218239824,564544.2886828237
1764687600.180386,15,BTCUSDT,96042,107968,2.27322111142014,4.202182045615579,0.8381176731572837,0.7722541030929685,0.0006438507932823445,0.0005528753742451868,0.042090390066952484,0.0316841588418877,0.03518180999167974,0.032300212659668405,0.8933689151797553,942835.4531729374
1764691200.180386,16,BTCUSDT,56306,65884,2.070720940280399,2.2987358006342253,0.8213918062421753,0.793560942613599,0.0004253001555835388,0.0005970232432576635,0.02613002658863693,0.043175110876859026,0.04046202770798979,0.016205902980277995,0.8688891750834686,539349.2307110679
1764694800.180386,17,BTCUSDT,48019,48262,1.6440888499067199,2.231380926002152,0.833565919602653,0.7569740578246428,0.0007655334416623276,0.0005626446729140469,0.02854394548735042,0.04359433679767491,0.032936636269440385,0.015178629683587604,0.8697754830476785,424884.6179662606
1764698400.180386,18,BTCUSDT,42125,43431,1.396706860042234,1.7027803474466974,0.8509954949395143,0.8044008341921338,0.0003470362485473138,0.0002684857488882845,0.019146058948476753,0.03604510650281758,0.020315834760381388,0.014440928280083158,0.8781934434777795,397613.3665574328
1764702000.180386,19,BTCUSDT,26404,29739,1.1809288848838606,1.5175753001872252,0.8102475871400807,0.784366770380844,0.0006378825620900638,0.0010265148413090175,0.015453139739228591,0.019053004957748858,0.012944890004807079,0.00935324190391623,0.8308420223750035,242709.2674093088
1764705600.180386,20,BTCUSDT,38882,49322,1.330073749139951,1.552929310084804,0.8210331595812568,0.8515924577190052,0.0005913619435129175,0.0006187144934618813,0.02743582695117751,0.015306440284351951,0.024245557218147765,0.020889266669808643,0.8825658111424233,420203.23996157764
1764709200.180386,21,BTCUSDT,24592,24916,1.2319829870431025,1.225772265861406,0.7883194662362264,0.7835406519475376,0.0021339863477529463,0.0008028396282150843,0.026285866819577043,0.02936812835301693,0.0074258450155876045,0.006928112979746608,0.8223957010175952,204973.90092092747
1764712800.180386,22,BTCUSDT,25434,26274,1.1304923274862795,1.5464294213452354,0.793804747415819,0.74366971487347,0.0003594740328450903,0.0007715795063838481,0.03581184269132672,0.0364482905125638,0.009710199146176926,0.010439918077947826,0.8318009864815159,212156.2896066683
1764716400.180386,23,BTCUSDT,14026,25237,1.1416002277602622,2.181685366604423,0.658981023046196,0.6544116191164838,0.0007762408667579878,0.000641108685157767,0.0286857090993764,0.023618329093712708,0.023300725493846056,0.011227352003202556,0.7004259802327975,126442.3899081049
1764720000.180386,0,BTCUSDT,31275,30431,1.583412575520039,1.669634696246359,0.7814805073779693,0.7636857412027379,0.00046348735490293744,0.00020966277133215489,0.025774621384087343,0.030520366684734537,0.008913863802229773,0.010092506815225517,0.8125279187930843,252321.09933926613
1764723600.180386,1,BTCUSDT,34203,32812,1.1965931985177816,1.3550853228313857,0.8331239720179526,0.7950766422854687,0.0005456091173142591,0.0005584079897011473,0.026503226259841608,0.03531489861032078,0.018582853068759418,0.010547162410749053,0.8656518839467064,302925.3848800188
1764727200.180386,2,BTCUSDT,44351,41402,1.674714870665384,1.3879725109464796,0.8327818613687681,0.8117462849474724,0.00043125796873496247,0.0007565400776050931,0.017020958535946536,0.04181300835925565,0.025527122427960573,0.01710908518142293,0.8732979590111001,390928.962681541
1764730800.180386,3,BTCUSDT,27924,28817,1.6075402628590691,1.197755281963633,0.7682630352263817,0.8136537168119782,0.000582785051017563,0.0006122145498099529,0.019630793278988968,0.024648129114004342,0.011705834605696222,0.006139812227026662,0.8398973734810986,240212.3432220966
1764734400.180386,4,BTCUSDT,46065,35072,2.2805345363787386,1.127130046560537,0.7860054813727732,0.8011545210872002,0.0005430789272195197,0.00032311860068683285,0.013721810054634718,0.04548128125752428,0.024776932776513685,0.020708926922005835,0.8560849469825308,357606.3783097508
1764738000.180386,5,BTCUSDT,36067,35500,1.7151575620000987,1.4772329416667966,0.796620070747154,0.8006838459131429,0.0010919591368780586,0.0002501427584450801,0.0194495358569635,0.02583842019335715,0.025460654466096244,0.015002709954234283,0.8420881855624301,313592.0372439812
1764741600.180386,6,BTCUSDT,34216,37582,1.7592961200354424,1.4764732658489286,0.76491765694441,0.8144564108846041,0.0006807115143994923,0.0007139546301517327,0.02577943106025422,0.020914162868372378,0.024807178611902903,0.02059044442827054,0.8453128374408899,317864.46342283825
1764745200.180386,7,BTCUSDT,29244,31764,1.756838740499166,1.7745652052483132,0.7435332749952289,0.7797368696370681,0.000516511588017207,0.00028450821812402985,0.024694234246983603,0.006988376435551004,0.01829956789642801,0.017521979929202836,0.7979846653304684,250411.99209368927
1764748800.180386,8,BTCUSDT,28879,26253,1.7302688809619702,1.3919755800155833,0.6946915518102176,0.7828277781261377,0.0008366557139016423,0.002539543019490751,0.07928750064018122,0.014971407762207822,0.009520200813414337,0.010012168066275869,0.8023768709911945,216278.50157216485
1764752400.180386,9,BTCUSDT,30490,25330,1.671651137969532,1.2144542150787048,0.7418758412818421,0.7871737498917452,0.0006094346449477181,0.0004958430544454398,0.052208361312751264,0.022917544127802666,0.012536833004439625,0.010843475620385576,0.8166865997082164,226558.33704762775
1764756000.180386,10,BTCUSDT,24867,27365,1.3569216779983087,1.197842228405581,0.7633140810470033,0.806005751700414,0.0005140005840454802,0.0014250840045344707,0.027910083611045088,0.029057977259655983,0.011168565508049835,0.009641987469254518,0.8378374407596174,222811.66490860027
1764759600.180386,11,BTCUSDT,24016,24680,1.367536972812111,1.6107902688989086,0.7494941478343665,0.7419707522733,0.0007256210254494558,0.0006243761976073124,0.028308083053428308,0.01462804894174745,0.007515561428581975,0.01470205490263829,0.7826505734150057,192979.1399869395
1764763200.180386,12,BTCUSDT,23201,26296,1.3210734731454008,1.6370541354072479,0.7650585530339693,0.7504012506389279,0.0003396634616073161,0.0006194358555502671,0.019561277232869465,0.01240946865917387,0.02086178925008474,0.00940531502055641,0.7919210049781515,196595.01553051124
1764766800.180386,13,BTCUSDT,26833,25205,1.5108161827044209,1.6627075639510007,0.7667540430891161,0.7301917839599953,0.00017838121736137299,0.00041942822312808216,0.016757336797993936,0.018052534550835043,0.01240086307919757,0.0156493630206378,0.7885290004972002,207762.97847435146
1764770400.180386,14,BTCUSDT,97078,104941,1.7892956906956106,2.5290914449974573,0.8591911382154861,0.8473680272727209,0.0007548133105613657,0.0008019734741750974,0.043614620046198836,0.03017333706421065,0.03519915654726913,0.0311176167635896,0.9263288981858478,966644.7065898593
1764774000.180386,15,BTCUSDT,57974,66386,1.526395611662489,3.272209068798238,0.8598640031594421,0.780099684403891,0.0012293903437798346,0.00033468023568682315,0.030737909469914768,0.02131932756709999,0.024263691232651808,0.02008522811207656,0.8961000204111493,546964.5629043641
1764777600.180386,16,BTCUSDT,37537,44125,1.6024373374704965,2.370687315931395,0.7924143697654094,0.7719395464521626,0.0006224453266917851,0.0005662088593779741,0.0312776692455485,0.02383204985308284,0.013434983273097695,0.018216297555107452,0.8311542713706777,340747.0183336374
1764781200.180386,17,BTCUSDT,40501,35812,1.3356765066800909,1.4185872147298346,0.8496848663460796,0.8180027021987822,0.0005477314773431435,0.0005163861871225963,0.022096766151697367,0.02110522901726115,0.014625230239213482,0.018270512650605662,0.8789383040640988,354655.17488029547
1764784800.180386,18,BTCUSDT,35162,36028,1.4244498769667595,1.4357824134715649,0.8133389979558756,0.818132667988043,0.0005095469030176791,0.0006069137545382553,0.012229328642008343,0.0340928636586446,0.01589018843370209,0.020115195167645178,0.8616453081237878,321088.6973379813
1764788400.180386,19,BTCUSDT,25391,23408,1.2833204803253497,1.2185807778356945,0.7855629838600313,0.7872529188916464,0.000610057573242198,0.00035750430898976956,0.02583703099324856,0.017767486004555258,0.008519533281222812,0.009567328379521131,0.8182493591188867,201860.1513888992
1764792000.180386,20,BTCUSDT,30151,31805,1.5616954810785866,1.2590477977030718,0.7800771278480962,0.813193779882168,0.0004946028755220258,0.0007100516912591414,0.022036185636265894,0.029929635779115425,0.015062031463456273,0.008661440533181035,0.846414288549138,268722.008112033
1764795600.180386,21,BTCUSDT,25860,24156,1.2495026539777156,1.2345130291613704,0.7987291914519256,0.7643563780972318,0.0010980403998845153,0.0005922133153474207,0.023345803427814425,0.03531143223700847,0.01391214852145289,0.0034160430462278424,0.8244980370060785,211859.3840024638
1764799200.180386,22,BTCUSDT,35915,33449,1.2269499571061915,1.11836916223706,0.8234219120914807,0.8142244193690008,0.0005245965912904234,0.00046662547279307696,0.03656742269186807,0.041518710855738813,0.02500590187132202,0.020769673114134926,0.8812474397379219,313048.5904392239
1764802800.180386,23,BTCUSDT,26915,26865,1.4389599568082365,1.1384910072278729,0.7544912167887812,0.8041865153193997,0.0009157691450224392,0.0005204279047379332,0.03599645048394471,0.027112019553990806,0.01532722566012747,0.017564997104183536,0.8375416130962197,224805.20124681358
1764806400.180386,0,BTCUSDT,27714,33915,1.4079846944397394,1.8449858299900819,0.7665717346898282,0.7761889462278353,0.0008077992124616444,0.0006577901068224417,0.02781901853125715,0.013363884350393594,0.012650135783649385,0.017166264132698082,0.8076474525618809,259594.28456571078
1764810000.180386,1,BTCUSDT,31313,35800,1.3043990991117451,1.527149548532932,0.8116570001682555,0.8098687419234746,0.0006619575007673984,0.0007659751581265829,0.020027381066215426,0.024761416762133337,0.014215264316688974,0.011844519587729432,0.8469332827634551,298608.35253139265
1764813600.180386,2,BTCUSDT,32498,28770,1.2717363213762796,1.1668264736771266,0.8319005023545007,0.7984786418491701,0.0006248542798644602,0.00044907918604908246,0.01724169797933044,0.021322448809325073,0.030029678637144622,0.011342109890119061,0.8584857782706586,279531.52978748345
1764817200.180386,3,BTCUSDT,21481,25438,1.1811258441487527,1.0728607082931112,0.7655178290937558,0.8073386699099572,0.0003108891482329536,0.001017525022882422,0.024525610003515916,0.02890742429254543,0.01363383919543799,0.008965934140052942,0.839084850702382,200538.97790758705
1764820800.180386,4,BTCUSDT,17077,19958,1.1031627869767173,1.0674191823006958,0.7228139941820954,0.7568574507586391,0.00022059660983218842,0.00044364181451744794,0.037807428429406556,0.046232699630458014,0.005634881214128111,0.00808270399168114,0.8042348847517815,140673.81156762698
1764824400.180386,5,BTCUSDT,18682,23529,1.1501593253689375,1.1757848211696817,0.7242656457898511,0.7913940831959729,0.0005799517179326478,0.0013069336815545133,0.03763564154626979,0.02554021009693267,0.007408603430577759,0.010708030647691907,0.8186263531225572,175688.18334817837
1764828000.180386,6,BTCUSDT,25439,20963,1.2988213382126652,1.0107111052179738,0.7624702368093366,0.7851831920679777,0.0007867286077302486,0.0016323168499809363,0.04892386192933714,0.0367467963333452,0.0034482957548328374,0.00493234868795364,0.8241154160436582,192255.55736860711
1764831600.180386,7,BTCUSDT,20053,19280,1.0649535150997218,1.3822778538866747,0.7434462815954446,0.7009068093443142,0.0005051304566401803,0.0005912115306726439,0.04736639229255355,0.030340509426082192,0.005639656208723633,0.008507620465007927,0.7917369705221872,148426.75339192525
1764835200.180386,8,BTCUSDT,20504,20508,1.2605215776337753,1.1134674824444877,0.7215007344019785,0.7588483542357691,0.0016242246287027462,0.0002668627424205969,0.04488963594352406,0.03597304803873884,0.009019846561163782,0.0098152821813143,0.7981955412938819,159620.9098289395
1764838800.180386,9,BTCUSDT,22664,21935,1.298938040578403,1.125835654150305,0.7391022793223193,0.7696189507289343,0.0005246739507769675,0.0008330789928263341,0.04608081768844656,0.03240538974613557,0.010531385537597157,0.0059350064383069156,0.8056758032979977,177685.53062482178
1764842400.180386,10,BTCUSDT,17708,19079,1.427167598467962,1.021313567007129,0.6563628492932123,0.7727926319546209,0.0007059062724749772,0.000720890575842308,0.04985495830830759,0.028999784853081516,0.0065270162744433735,0.0073966439669236154,0.8024028392157879,135174.8261568368
1764846000.180386,11,BTCUSDT,18511,24012,1.2659551512136413,1.4028950836664504,0.7126501605641253,0.7463635801066232,0.0010464658327643006,0.00072425666175081,0.028637843443607775,0.035381346153720815,0.010923061740543399,0.0076409572003739296,0.784084546521648,166024.8357951428
1764849600.180386,12,BTCUSDT,18145,21630,1.0443134556538982,1.3473625517736492,0.7421781812726338,0.7284788780437643,0.0004280701487353153,0.0011486827872737432,0.04661415628173123,0.040556016939199184,0.006930820619172252,0.003619387779744487,0.7904321597840971,149864.5149781385
1764853200.180386,13,BTCUSDT,31495,41364,1.2092320426461196,1.6986535947692218,0.801826210139845,0.8083543287381678,0.0008709725399907915,0.0004793049293603574,0.04328728755769594,0.03198819613151508,0.011562936921849547,0.011764992558510141,0.8552952318123948,329732.6213958621
1764856800.180386,14,BTCUSDT,41872,48130,1.1874976462530256,1.5841362269066774,0.8199682516355782,0.8321733002209077,0.00048439131726005203,0.0004894416723852072,0.05591693905126939,0.038141067658388324,0.015833849330917867,0.0237578726585193,0.8931853966998204,404436.94535050564
1764860400.180386,15,BTCUSDT,56907,49847,1.483098001994739,1.6054341861843902,0.863598611340085,0.8350126403762553,0.00047914626052385326,0.00043566897644102537,0.02768293815724458,0.02425214979594652,0.019180859913105454,0.020481638134835656,0.901109241640754,503272.0946325593
1764864000.180386,16,BTCUSDT,36864,40741,1.3579506816867382,1.5270232474035175,0.8402893058154879,0.8305647222169468,0.0008705504861100625,0.0006699600095161105,0.018598175757036872,0.028779644152920572,0.00918927103441708,0.007834633666304078,0.8683683226014359,355190.86418453744
1764867600.180386,17,BTCUSDT,32102,37966,1.3664231367072244,1.5376993386984819,0.8209591629666552,0.8272990940258548,0.0020798290239310343,0.0006427941626756903,0.01674026027901148,0.01107883265712244,0.012117463966267209,0.00997869575836128,0.8503232789925358,316081.9512439966
1764871200.180386,18,BTCUSDT,24322,34427,0.9517509295671811,1.4139948595466483,0.8293376173470512,0.8086055908084137,0.0005293553508544157,0.0006240635578041567,0.01797083669807451,0.03189111669547264,0.011380879482327461,0.008222742003702278,0.8547177323914074,259472.2028939496
1764874800.180386,19,BTCUSDT,52678,59730,1.1181305819084324,1.5120535929853982,0.8594384046945984,0.8543430686616666,0.0007184554754225688,0.0004746929537196284,0.039844325656725,0.03730767630079298,0.021944820139008756,0.01722431972082819,0.9158549549058457,539797.3926828584
1764878400.180386,20,BTCUSDT,35088,35232,0.9005735916140801,1.394376743397793,0.8723207961209779,0.8142038277468805,0.0004493268650796338,0.000471843201113936,0.027182778186260664,0.03321300023228281,0.008706661415145336,0.00862970603775848,0.9010571387255546,324182.58871563995
1764882000.180386,21,BTCUSDT,17284,23845,0.795168102881936,1.0235755716567754,0.8065533579911802,0.7875888843462998,0.0003472525769740335,0.0010818869774072712,0.013619271067178957,0.042977168477743646,0.012516619658380362,0.007760415311928293,0.8372332383324328,174040.38442636613
1764885600.180386,22,BTCUSDT,12634,15233,0.7174192989842071,0.9304154996608104,0.761821461871992,0.7305303945788956,0.0005614176504838085,0.0002369675020407434,0.024681491906590202,0.041300419965675746,0.010844478417183287,0.00530443743695051,0.7899845829107812,104749.63389204897
1764889200.180386,23,BTCUSDT,9568,14635,0.6901875166502007,0.8861303930146739,0.6863485255301468,0.7320946041124797,0.0005413995950707782,0.0004453634141848603,0.04673050537463564,0.04723966713691488,0.004232330732588654,0.005103917769569253,0.7799000591628421,83479.00040936546
1764892800.180386,0,BTCUSDT,15263,18931,0.9313508761647616,1.0076203972962376,0.7291557067793926,0.7505681038469212,0.0007607109998365083,0.0008188570212387958,0.04368785454172394,0.052357023662616145,0.0057939785429144165,0.004410091917526964,0.8040243349052744,127722.50779645432
1764896400.180386,1,BTCUSDT,14673,17206,0.925036654910057,0.9476000786850591,0.7422503158977405,0.7667421164566701,0.0009553926308301632,0.0009165193708586574,0.029064876713221555,0.029908888192171083,0.005015993927982729,0.0010278248617096525,0.797101264428547,123990.41415598053
1764900000.180386,2,BTCUSDT,14181,14440,0.9706735791270972,0.9364544223215544,0.7172824224329779,0.7268074471208152,0.00126560253884577,0.0008993759175182953,0.02854281935255008,0.028934083111307456,0.0089513374119572,0.007388623223065565,0.7612361934628382,105940.60795646817
1764903600.180386,3,BTCUSDT,16170,19027,1.0352979885778226,1.1279588880840674,0.7286194172894789,0.7524774280337894,0.0003494911370670866,0.002801172047738554,0.023036414083840176,0.02567403918738186,0.01021316063485535,0.009671528480681878,0.7824321823814104,143408.30952180852
1764907200.180386,4,BTCUSDT,16203,17876,0.9839494314522252,1.0001721902628127,0.7237768866704706,0.7666351560740963,0.0007819063888176088,0.00118583916133133,0.03616976685570008,0.02756983884382679,0.004921614231601877,0.013278922495972572,0.7964641855532772,134549.19206876963
1764910800.180386,5,BTCUSDT,11954,11391,1.0473557677878096,0.8491340226528786,0.6612543925146493,0.7055136226960714,0.0015586176858731243,0.00033729232825306773,0.020905819713428333,0.02313837978051608,0.008450222062678259,0.007074851019852796,0.7301963997082597,77816.06431487277
1764914400.180386,6,BTCUSDT,14051,10968,1.1401787374321442,0.6482372256717236,0.6584806397730577,0.7387446382396129,0.0022411705952507647,0.0007799412180341323,0.045503878395361255,0.03323616415019185,0.00800866552756049,0.004873149024951675,0.7728225356456647,88000.87843691488
1764918000.180386,7,BTCUSDT,13105,15595,1.1145016946425859,1.1240573948334027,0.6550639675523687,0.7062410109637922,0.001930257215242958,0.00023581379656381968,0.034577694933947765,0.02804559484595932,0.003838364162548692,0.0019392321165334263,0.7345658986242902,97781.77624521902
1764921600.180386,8,BTCUSDT,13698,14241,1.1341967083056197,0.9648504062413719,0.6605195683941549,0.7227055739250271,0.0009228393411177583,0.0007244251641170308,0.032686726338205824,0.029169116646073797,0.003725428713873881,0.00704459917383913,0.7524839005276115,94604.58873602617
1764925200.180386,9,BTCUSDT,25932,34993,1.3302455906078976,1.3095173743605564,0.737218853941383,0.835365785777595,0.001010039230954217,0.0005990923020376253,0.048956621281547784,0.01772225743801588,0.013775460588805785,0.021347337513678295,0.8576292837824369,268734.5946318869
1764928800.180386,10,BTCUSDT,20906,17349,1.1677698999839443,1.0155042844036222,0.7572228963476646,0.7592136442417473,0.0008395884642118898,0.0005359735206048497,0.024964459079161824,0.02570651226256024,0.010235815290776263,0.011189277700223946,0.7950310789039362,153694.11993552095
1764932400.180386,11,BTCUSDT,17445,17192,1.1753077217995722,1.083639436244478,0.732343017053341,0.7351248533422111,0.0005291951559456073,0.0005963679779815924,0.017761926436030497,0.02864531822742827,0.0064440157465852745,0.00681056242646321,0.7668539430843332,131706.2967451214
1764936000.180386,12,BTCUSDT,14467,16738,1.1803834469227727,1.0487874436646958,0.6727544404305967,0.7413477446892539,0.0007072673290075405,0.0005133444565445658,0.02621358232398588,0.02847774649598789,0.009202694913426662,0.006512315375514777,0.7707948232889402,111258.67203356406
1764939600.180386,13,BTCUSDT,36823,42675,1.5602833430376293,1.3119584918806557,0.7660882138765897,0.8498100802890852,0.0004586469804867493,0.0005086783891601986,0.047040314288813494,0.024887065295013364,0.019928346974081513,0.03027526209889216,0.8836024535438514,359662.977650701
1764943200.180386,14,BTCUSDT,49927,47700,1.8735631373710988,1.4254378529422742,0.8028483132199711,0.8485787847812696,0.0006304368345049619,0.0006507319250317084,0.045466989429349014,0.028457405176407966,0.012393760890576491,0.019202961446706426,0.8842349849262215,436225.9286575453
1764946800.180386,15,BTCUSDT,65075,65429,1.8161113771095576,1.4353336040098588,0.8427963305063922,0.857857707494526,0.0005732386730709423,0.0005524013157220076,0.03378670585970213,0.03896101292938452,0.02215801435511366,0.022729263111423106,0.9118323752133907,614266.6550416194
1764950400.180386,16,BTCUSDT,98160,95978,3.0195748928003616,2.3375983867321737,0.8170855911366931,0.8686516680200101,0.0005287792096154249,0.0008459625339164178,0.05084102906897303,0.03007533654421691,0.016784743114347633,0.033210463690526236,0.9120809879925007,918138.2779528106
1764954000.180386,17,BTCUSDT,50543,52937,1.9892101132697184,1.5369012030143068,0.8210176191275402,0.8385875775812073,0.0005738971882216287,0.0010656118779751658,0.03207263989130889,0.03140506626491302,0.018011958870294924,0.009242697859829759,0.8777590780839322,459745.79296467704
1764957600.180386,18,BTCUSDT,38517,43515,1.369285414222958,1.3055686915941136,0.8439220916501989,0.8439634202357007,0.00047072722799279,0.0006269782515562903,0.019754875114858645,0.0322537416186721,0.015499882863918592,0.014130093724507102,0.8865299942633603,369313.4465201791
1764961200.180386,19,BTCUSDT,39293,35309,1.292882781620638,1.7144403785588669,0.8391083742634656,0.789384210024394,0.0009396597327326554,0.0010321715359123188,0.030560335338713978,0.025369356976648008,0.007924289685173664,0.012422480773652352,0.8717607504688342,323801.21339592314
1764964800.180386,20,BTCUSDT,27077,30172,1.1811676992640903,1.7050603349500761,0.8053836990584498,0.7619267683400582,0.0009986493209172625,0.0008244658444928718,0.025980514960621266,0.022831825786989682,0.014442869953684738,0.010198833520359732,0.834767909666117,232294.36874526873
1764968400.180386,21,BTCUSDT,18933,20549,1.1034795318069002,1.601276441882301,0.7294328463106353,0.6957359882311696,0.0007653721263133622,0.0018292545329130943,0.05082979997256312,0.02800897669826205,0.0077444652157125345,0.013167159199802866,0.7824369966644446,135545.05405700114
1764972000.180386,22,BTCUSDT,19620,14683,1.1158628600939984,0.7946884556851518,0.7421384946132994,0.7533701107461139,0.0005732557386504428,0.0004448424781558935,0.0381285530611541,0.04326863024764725,0.007263548490766067,0.019064290067004636,0.8032818301683986,129653.42364949652
1764975600.180386,23,BTCUSDT,12588,13206,0.9361654488645217,0.7535419195954886,0.70251129503147,0.7449570640234322,0.005131518642721583,0.0012234056711274849,0.030971838894766082,0.04520448053363711,0.0006314646667269281,0.002147429364534876,0.790502238543407,89431.6961651787
1764979200.180386,0,BTCUSDT,12667,12059,1.193199526308266,0.7562988999588945,0.6032037382843783,0.715388098121776,0.0013108871159930185,0.0005592701519680886,0.04341958773716825,0.047550200815784226,0.009319590147652322,0.011246745711766115,0.7640074687613907,79588.92764505158
1764982800.180386,1,BTCUSDT,11705,12020,1.070840250948328,0.7862108218357176,0.634015753225094,0.7278347572913522,0.0013718411591884363,0.000701254405647793,0.03202026734725747,0.029834833823925235,0.004664874972154419,0.0049451492167398555,0.7580400719292052,79105.37204969233
1764986400.180386,2,BTCUSDT,11434,12382,1.0091261032668895,0.7941673143660717,0.6592470191561888,0.7327946181413254,0.0040371822586307395,0.0009169128142493886,0.018557961405012324,0.02820861778567938,0.0031015832753100853,0.002333283355786709,0.7612811880417151,81785.80715561152
1764990000.180386,3,BTCUSDT,19530,16199,1.8455544406681061,0.9677862787433433,0.6380293116765716,0.6992832067558288,0.007848303170415042,0.0005346654042661381,0.0171413858238754,0.06466184955105497,0.009133575256519116,0.0033876711453150023,0.7645540033661024,118094.12183674809
1764993600.180386,4,BTCUSDT,11259,12095,1.0241078267125734,0.7634612143868006,0.6392164046385578,0.7064109891453783,0.0007249588554107517,0.00047047921308386207,0.022970673518034605,0.05569467640565969,0.015486656516080674,0.01096982781675877,0.7639285781029211,74990.0408807737
1764997200.180386,5,BTCUSDT,8653,9714,0.8898257170285954,0.8492867230418345,0.5988847137915064,0.6270191649030754,0.003184206616970753,0.0013426132722353834,0.023886145342993256,0.05204723128452637,0.003200119981784015,0.005422797205508246,0.6798234622582051,49127.21432429443
1765000800.180386,6,BTCUSDT,8432,7759,0.9347032880490594,0.7613343164513007,0.566367221981839,0.5589560856868497,0.0033157413035851107,0.0007568419448749576,0.025878586873349648,0.0768400123623102,0.004492881810108018,0.008452517352595385,0.637389079994372,37835.23037739275
1765004400.180386,7,BTCUSDT,9768,11087,1.1167781234298828,0.9125375888896413,0.5711338992417452,0.6302406613512888,0.0014451199087246692,0.0007605159080885382,0.0077722961568573706,0.06682073388256046,0.0049773311840764604,0.006958075403813112,0.6974794681608352,57867.84155526021
1765008000.180386,8,BTCUSDT,14008,15999,1.1242657255776083,1.0307992264338308,0.6640038542945267,0.7220924648575711,0.0012306755043077074,0.0006084729298809358,0.02860405925355304,0.040700582048798305,0.00717812241243162,0.01154404307145532,0.7642200131837864,105451.28851672976
1765011600.180386,9,BTCUSDT,12521,11697,0.9989484388300642,1.0251387326747723,0.6812587873749097,0.6165131853180872,0.001164940863356838,0.0002515096399550361,0.020988810757219183,0.058682577646993216,0.009596545683437789,0.011847929250414897,0.7064179625117395,75170.00568172232
1765015200.180386,10,BTCUSDT,8694,9706,0.9410910969229055,0.8592556486103925,0.5830675750754692,0.6175888819687684,0.004829287779337064,0.0009471351492326026,0.024072912513186738,0.060669633309846524,0.0007390127542173526,0.0032574665709720605,0.6785862113919117,49297.3964357714
1765018800.180386,11,BTCUSDT,12047,13099,1.3823975720276223,0.9934656454560582,0.5591117516832782,0.6348143642677553,0.00016330992589031878,0.0002751161738430847,0.025679645284994352,0.08049236412544371,0.012464253767538524,0.0017811377706757267,0.7155053718639908,70642.17378949007
1765022400.180386,12,BTCUSDT,7899,11130,0.9064832527227644,1.1913003904586512,0.5515500337733601,0.5231481867878159,0.0007847254579709398,0.0006086234162340295,0.02935405269732112,0.08726478882276867,0.0054527405355297215,0.0036491656034954817,0.6112870769994174,42483.57067108001
1765026000.180386,13,BTCUSDT,8925,10922,1.022608829821676,1.1190295886453479,0.5525778992938164,0.5355832394856399,0.0005370082486468152,0.00047424940932205714,0.021032269662514712,0.07787997756753114,0.02188288732693897,0.011198943726552595,0.619203366567802,46296.01405705304
1765029600.180386,14,BTCUSDT,22079,27587,1.3130506963138622,1.576697257173184,0.7410978112039724,0.6788869745834961,0.0006479241712628998,0.0004753611461701059,0.0223491785069896,0.0893202970654326,0.03371271817930332,0.015840793603070058,0.7896241605136739,189097.42842195818
1765033200.180386,15,BTCUSDT,17284,26755,1.053390249275563,1.4744409461088095,0.7316597350002608,0.74476067341635,0.0002844826745732197,0.00039365749555035824,0.02440281145178953,0.0489221926458913,0.013658043571893241,0.014259660207075678,0.798497404743262,169778.22879740866
1765036800.180386,16,BTCUSDT,13745,13607,1.2668563934063677,1.1155324286918917,0.6023765002957505,0.6449679618464301,0.004715059442670401,0.0007695983365907099,0.05871136310328883,0.05302137572754676,0.001187882461270585,0.005383081142769113,0.6989486135877692,79564.5129492698
1765040400.180386,17,BTCUSDT,12517,10184,1.1236325584007523,0.812689336238095,0.6343237105805525,0.6613074524954331,0.0036535371814690803,0.0013947345126181373,0.03912669000685246,0.0407343849030227,0.0028200893737366953,0.0015055278644942752,0.7026840833881088,69649.04493552176
1765044000.180386,18,BTCUSDT,9845,8933,0.9330791825572244,0.8519591605241675,0.617944934724813,0.6175613615802344,0.0010830476350396846,0.002674786088051011,0.036518454500215174,0.03690437331620657,0.0010196312048617402,0.003378040930991399,0.6580320755743836,52807.568167962716
1765047600.180386,19,BTCUSDT,17144,17190,1.0395259485989996,0.7662669221694131,0.7313184809871335,0.803230122004496,0.0019111070017591165,0.0009137428744306169,0.03469166122992144,0.03346188103357881,0.006417355250260178,0.016581162802519027,0.8386965813777963,146493.6085608202
1765051200.180386,20,BTCUSDT,10480,7555,0.9080638405477217,0.6166475002657645,0.6356094798279541,0.6500181148794563,0.0004959044841845124,0.00038519813547533663,0.04478193125175809,0.053039711322527286,0.0036035256237703993,0.009703985656995191,0.7047554090016559,52551.85974043879
1765054800.180386,21,BTCUSDT,9564,10858,0.8653511673095737,0.737431166678849,0.6024159570629543,0.6966550081172487,0.0005021346531021296,0.0005284731032539433,0.061899911037819125,0.05110944484728436,0.008802224364400897,0.00833574384462767,0.7487413599986302,59717.86887297124
1765058400.180386,22,BTCUSDT,9324,9208,0.8312855636441978,0.6702846704374092,0.6087230959012577,0.6871752847027456,0.0007396996814703658,0.001247264900491315,0.06329273861141888,0.04137572484257289,0.00979777432870962,0.005125072200001811,0.7297147801453573,56370.724375099155
1765062000.180386,23,BTCUSDT,16469,18117,0.9005788077169269,0.6428379618471483,0.7374565013816721,0.8320322664905837,0.0011088068883203053,0.00177129631448355,0.050331395007726605,0.03101835065313078,0.005768890364163783,0.013834559488781557,0.8644506753343758,145613.54786015584
1765065600.180386,0,BTCUSDT,14605,11911,0.9191922152990303,0.6151058263308529,0.7414622046481815,0.7754242786511172,0.0009186234997489186,0.0006910236088785429,0.02433735137266274,0.029678310918503308,0.006439065000386632,0.004754441104952328,0.8060968506841109,103675.28343107564
1765069200.180386,1,BTCUSDT,8210,9324,0.785939420261945,0.657477573550496,0.6137329594568292,0.7086978706182652,0.008508388811199346,0.0015079218010689548,0.04000748843025965,0.028306983669992344,0.0018797503434400753,0.0017901578182292074,0.737414312013035,54436.661878688035
1765072800.180386,2,BTCUSDT,9395,7104,0.7919761409965879,0.715635800620607,0.6565100790789036,0.6015964224136069,0.005803141493493749,0.0012883848490670832,0.03221719996452556,0.021805206431602605,0.005707851687856304,0.008229162486278458,0.6903633834602003,47908.50596014873
1765076400.180386,3,BTCUSDT,8034,7869,0.7664312054905627,0.6317612325713271,0.6238719914624468,0.6788634964478019,0.005897409839776294,0.0006582826346646925,0.028982633105847286,0.02155566278304882,0.003672962640970947,0.0009833255130683824,0.700747201745313,48567.3290512434
1765080000.180386,4,BTCUSDT,7747,9154,0.8775014271829786,0.6826920971986719,0.5558347698208256,0.6998538543143247,0.005264602347172227,0.0013059188951573901,0.026525100728240374,0.0238477704547995,0.00394249987580837,0.006213664345402908,0.7241897698774398,50716.681083211944
1765083600.180386,5,BTCUSDT,6433,6417,0.8249124967610173,0.6535121467943031,0.4998849070626335,0.6070859824850918,0.0008267752390560309,0.0004203439391545227,0.03575434230359844,0.019675366762677723,0.0045846013073540404,0.002988546818159098,0.6269633418544388,28918.25402138183
1765087200.180386,6,BTCUSDT,7447,5919,0.8222728499975428,0.6201753852439511,0.5706732023305228,0.5964623966581022,0.0014557625036972265,0.0006230627011201158,0.027096017348663237,0.01025364188751298,0.009694137049837197,0.003676635625842213,0.6104859655979084,34136.07595063473
1765090800.180386,7,BTCUSDT,10913,12346,1.0804609670583365,0.7263859786400269,0.6075154458224215,0.7639346497287722,0.0008805485941917694,0.00027227744918606597,0.02028356891385628,0.021014289136280576,0.004914042873971317,0.010713254271192916,0.7853529697785456,81761.57984590383
1765094400.180386,8,BTCUSDT,10616,8922,0.978123625250811,0.7047024694720289,0.6325067255808573,0.6770557165915959,0.0012117307282140993,0.0005496071254895786,0.031903240444134624,0.031104235721916586,0.003639603216241593,0.004722719316853444,0.7087369778156328,60139.32689739174
1765098000.180386,9,BTCUSDT,9981,10567,0.9836759847740832,0.7160864369143348,0.6080848651358687,0.7175745621139795,0.0004744102616164768,0.000639927322236588,0.02574460798202791,0.03119331363529178,0.008197664288968114,0.009756650435533601,0.7495470134420855,66296.51491152396
1765101600.180386,10,BTCUSDT,12471,8847,1.0369390031979986,0.6828662563359776,0.6685714912701912,0.694712633147183,0.0020732671736681694,0.000343838356138421,0.02530780318492808,0.021200447408634842,0.0023255610115261323,0.004751232516510804,0.716887195546622,71189.94648459868
1765105200.180386,11,BTCUSDT,7470,6913,0.9250003590876961,0.6964735362200964,0.49580757770887063,0.6031003854144208,0.00098912537798808,0.0005323260541660251,0.047422601964856634,0.028310919182434776,0.004506113237071209,0.011844590005650297,0.6321759737726862,32626.32673889092
1765108800.180386,12,BTCUSDT,11151,9440,0.9320539610156827,0.7691922450592061,0.6634270058329582,0.6560953439432535,0.002350293193033231,0.0007688032687803528,0.026487224091119983,0.03422298963758046,0.011384979919909827,0.010696885736068161,0.7026671858972184,65446.406488219305
1765112400.180386,13,BTCUSDT,18717,23075,1.0857112789204586,0.9229586049861533,0.731700588975024,0.8072604544063712,0.0005375806101284604,0.0005623655597203132,0.03153042376562892,0.037349517448854765,0.015370164612723752,0.01941395818388206,0.8483435945674261,174451.466086322
1765116000.180386,14,BTCUSDT,47957,55784,1.4798656569808029,1.1972176098145961,0.7873229229486179,0.8480561537059369,0.0011136948035751655,0.0006105649012398705,0.05776323004381754,0.050668039396588586,0.029252869516161344,0.036158637614240825,0.9147515753455109,463619.6766876326
1765119600.180386,15,BTCUSDT,48280,40007,1.1591294109975077,0.9952013696187216,0.8568681527497465,0.8468719500567811,0.0007347777054355225,0.0008233709727532067,0.03394269810539111,0.03024873692991221,0.025759049890549186,0.026750443380601722,0.9118475018356338,419003.60564126156
1765123200.180386,16,BTCUSDT,28545,28746,1.081366511777189,0.9732293593543424,0.8282487420563457,0.8292873883241539,0.0011084426085405503,0.0006314307706181764,0.022916991246475504,0.02841051248742257,0.014865312567897597,0.013327130998270148,0.8697170370883931,260526.9675502334
1765126800.180386,17,BTCUSDT,56670,54103,1.3478001439043372,1.2372008434623123,0.862903273066854,0.8393837783378244,0.0033172722026146412,0.00013907829263918093,0.03404537431621664,0.03025711821317536,0.04129829714100252,0.02062900639697913,0.916656550044356,537021.9465277591
1765130400.180386,18,BTCUSDT,31708,31749,1.0624324879196778,1.2879514642567103,0.8344229838178565,0.8011427890283302,0.0004410452232452116,0.0006990653799533012,0.028609210556824114,0.026872763840772886,0.02620571175011609,0.015737096267671575,0.8728096153303679,287085.28651337064
1765134000.180386,19,BTCUSDT,14243,14858,0.8009752915928972,0.9288882396551255,0.7734544778078051,0.7501301871101318,0.0012170937831662643,0.00035204338855843344,0.02005031652556959,0.016166621589819564,0.009656987096343609,0.005590061909162909,0.7957021797527261,112774.23075816041
1765137600.180386,20,BTCUSDT,11171,10632,0.7685117244993585,0.6880629941505207,0.7209909656665973,0.7358393413221451,0.0008705699911817869,0.0004908032728527534,0.025583302108217427,0.019394855292354154,0.008529130310382006,0.005000303877339525,0.7592925188738712,80451.19255707753
1765141200.180386,21,BTCUSDT,24272,34692,0.9232354890900495,0.9785324431670975,0.7896838471157273,0.8754001183600788,0.0005269043080030934,0.0001683870190342211,0.038316142763192486,0.0158323366924973,0.014017555019733537,0.0236685694057705,0.896307935511094,283158.6167570006
1765144800.180386,22,BTCUSDT,56709,60707,1.2683809203606145,0.8698268176609671,0.8649968122567213,0.8880237003264528,0.0009039466200604035,0.0006429474881173318,0.041227598868208905,0.03795364460430689,0.019504915073460385,0.01228069730484013,0.9351088099942645,576598.9802649498
1765148400.180386,23,BTCUSDT,28719,22998,0.9721031022259525,0.6661003112072205,0.8533145851653703,0.8499678201216274,0.00045895788666037616,0.000519080119809877,0.016966314374405326,0.02302107542549538,0.014112107450548904,0.012822072436038653,0.8856430421800132,240430.05211049615
1765152000.180386,0,BTCUSDT,24564,25822,0.954401519496886,0.7347610376200365,0.8277233852098301,0.8690640071123525,0.0003233658537015668,0.0004158819236538212,0.0222518826956359,0.01921232595175402,0.011697212778184569,0.012143627380566326,0.8918791621537989,232939.5866966709
1765155600.180386,1,BTCUSDT,39722,37291,1.1114029115288204,1.1486266850292979,0.8698075501726251,0.8336619245343789,0.0004122659776999769,0.00028178235457035393,0.021171676439796425,0.029573712559337467,0.020370472898452452,0.013047908285706001,0.8987743229480636,371977.4868611016
1765159200.180386,2,BTCUSDT,25477,22431,1.0254494579287987,0.8592351216599113,0.8333727153508925,0.847801303670284,0.0007897576136922123,0.0004603911619503359,0.016227628238404176,0.011599088644079537,0.0032261527779526896,0.007742216020388305,0.8620469681251237,220222.76698021166
1765162800.180386,3,BTCUSDT,16182,18294,0.8367283128316972,0.8733058413979572,0.7837216638423666,0.8085879501370041,0.0004763924964191043,0.000740314167481437,0.01893586354529704,0.01454514173347872,0.010018666614795394,0.010923814737931265,0.8279693902831514,145998.11791863205
1765166400.180386,4,BTCUSDT,16702,15130,0.889812373308537,0.9517236162874391,0.7518358052986523,0.7340279264297449,0.0008846680188837434,0.00021501675454575303,0.03029689142150045,0.01465440944273742,0.008730640279561216,0.011313167402709483,0.7851705804565914,125016.1683119653
1765170000.180386,5,BTCUSDT,14943,16457,0.8769990135792842,1.163738960694507,0.7501104077628412,0.7251149444444023,0.00023694393631099362,0.00040243945700020747,0.021175194449848212,0.006451139709192781,0.011313279586288453,0.00681957053780764,0.7732850714045172,122802.52371934497
1765173600.180386,6,BTCUSDT,16792,15095,0.9439831619713368,0.9996580442582994,0.7478855710136793,0.7420204356489281,0.0010950111829645885,0.0007855725578933364,0.033623495857162226,0.004431975193571067,0.010778810964222032,0.014864706157310862,0.7861859389005927,124966.13295208203
1765177200.180386,7,BTCUSDT,18410,21651,1.0690428932202647,1.1034710227806122,0.718511141374833,0.7422832361991624,0.0007108349524223849,0.0006169514865750858,0.06143700506757098,0.06259354735457252,0.014765858128997621,0.007692522740093968,0.8092636495063239,153499.90019779358
1765180800.180386,8,BTCUSDT,17149,16982,1.0650812173120747,0.9427780101201994,0.7217599190606316,0.704040235875719,0.001109576610190381,0.0008432195670101076,0.0510796585300373,0.08234745232119875,0.014862625047987337,0.004516587289064866,0.7910807921411354,123885.32575401095
1765184400.180386,9,BTCUSDT,26265,24493,1.2068380224400796,1.1223339214769847,0.755237683735795,0.7555902986843184,0.0018458376757789503,0.0009868622515454672,0.05776139913192993,0.044325417086158614,0.026480348523736708,0.008860295475568781,0.824394122736843,205039.63564084086
1765188000.180386,10,BTCUSDT,15294,17420,1.1380559928039693,1.2566813709762772,0.6834707837215737,0.6829626606867949,0.0006841487477049125,0.0008273867174086972,0.0477855750987681,0.04035592925705786,0.019396318806453577,0.0003894086170920375,0.7336267064269615,112648.13388357723
1765191600.180386,11,BTCUSDT,14152,16450,1.1630376875099835,1.3212555075971526,0.641993865593466,0.6427894353814816,0.0007163136254658216,0.0007438853779293273,0.05436958236324307,0.061692307435292255,0.006946050934805929,0.005956903876567998,0.7086579197864388,95482.9818765182
1765195200.180386,12,BTCUSDT,18802,21779,1.1611099255158168,1.3674242360313988,0.7382528006593241,0.7195000874962357,0.0010581782734377001,0.001189497538313391,0.04519766541804673,0.04903970028211951,0.0044444019760231145,0.00926063996175822,0.7866292607452563,151943.2804462816
1765198800.180386,13,BTCUSDT,28344,31426,1.3876225112309775,1.2489173443450128,0.770613865970892,0.809805900984925,0.0007279587900989143,0.0005521376689205359,0.04497155998114809,0.03272401937880048,0.007638701312471652,0.01389915693969087,0.846447627580126,260934.20440566342
1765202400.180386,14,BTCUSDT,57537,58586,1.290595130467045,1.4594390285716488,0.8303245617475454,0.8598263947608485,0.0005507055024313677,0.0006389715824992237,0.06173707902138753,0.040722625409834096,0.011134757277775256,0.02453815090707563,0.913974943652952,549226.6748293181
1765206000.180386,15,BTCUSDT,72251,67882,2.2852257112410794,1.3957284371551755,0.8268330329929496,0.8748542088497898,0.00022890225573123142,0.00046247932436606766,0.0415617823419971,0.04863234841075267,0.00929258891431151,0.020835847184251445,0.9269498274481797,658401.383856786
1765209600.180386,16,BTCUSDT,45922,41298,1.7498478304756682,1.0412703159675838,0.8159291743333074,0.8651355937741534,0.000709292985154934,0.0007198578927259144,0.027937012784863276,0.028861795430688876,0.013118157315321025,0.016358181982256824,0.898332980369724,401674.807163987
1765213200.180386,17,BTCUSDT,34177,32192,1.346833443132639,0.9400198884828683,0.8250279651001347,0.8482919259848191,0.0007550250165457834,0.000640478514469974,0.025610505878922545,0.03734674073624882,0.009748724545290126,0.009468885285184503,0.8884471791194981,300629.1351081184
1765216800.180386,18,BTCUSDT,30820,36043,1.0742199629829468,1.0144262900791798,0.8408282602662154,0.8492240317945948,0.0005039547548694251,0.000529670338859113,0.022707495859085162,0.03766497883807726,0.013647329069573215,0.008433106609124292,0.8914351582485209,303356.5841699266
1765220400.180386,19,BTCUSDT,29032,27696,0.8921144448352781,0.8914608706290549,0.8557290362918332,0.8537027636388664,0.000483905687997221,0.00045306779796884587,0.02792571799152436,0.02881480895810995,0.010870210976750177,0.013762616288818268,0.8958034678376222,260929.1016914876
1765224000.180386,20,BTCUSDT,32657,26209,0.9091850873884406,0.9185023347876781,0.8765795495954893,0.8447746970629691,0.00027853392772154853,0.00022755562862143263,0.01676485432353661,0.019865203034884992,0.006070196505211298,0.008822015741332897,0.8952229999242559,280758.3617974186
1765227600.180386,21,BTCUSDT,24271,19700,0.8389738024689694,0.7919102673142782,0.838895657749548,0.7914288158647781,0.0004143937276309594,0.0006954510490643069,0.027938547270577693,0.041163488816666545,0.01686566326148985,0.007587478297676885,0.8706000072515196,197339.2647211708
1765231200.180386,22,BTCUSDT,14146,16609,0.8511485626599408,0.8563510813768088,0.7403862156139925,0.7773996109031911,0.001034808077598758,0.001131202061021546,0.03698644480933748,0.024222441640138596,0.003379459097269176,0.003686078955353384,0.8024693655802306,123641.2030080826
1765234800.180386,23,BTCUSDT,16832,17146,0.8297827878333789,0.6776498660871759,0.7824115000119097,0.8097535587888316,0.000375177610206981,0.0005998477498865871,0.027632059042943018,0.03404488939569488,0.013536123153001919,0.012324213879245956,0.8484764818895923,143292.56388557388
1765238400.180386,0,BTCUSDT,16534,18082,0.9539266201294341,0.7949594048955024,0.7406380325829011,0.8150510009428661,0.0011419816761956295,0.0007120568735038652,0.03761029582091715,0.01727775030927367,0.00404981961108538,0.009720480928753241,0.8333123992526671,141608.4892555805
1765242000.180386,1,BTCUSDT,22275,22928,1.2958301905468617,0.775916778317747,0.7365667166084706,0.8537017485774614,0.0009201117041439246,0.0003782716481800852,0.045262250968628265,0.019684131802063225,0.007560517200229478,0.012343684429463682,0.8745494867675627,192618.44031647124
1765245600.180386,2,BTCUSDT,19873,18190,1.3205779485071145,0.7963168039341403,0.7381978280178246,0.795361392371812,0.0004831369557709455,0.00038407466275879666,0.022418534076610746,0.04173361499577668,0.010066487710197128,0.007661874754173008,0.8381892269327283,149143.41348959436
1765249200.180386,3,BTCUSDT,29884,23316,1.6136512184570562,0.7506029148541242,0.7451149805967238,0.8082092139568944,0.0006189853977130275,0.0005948383696796844,0.04939380150611409,0.05854390096878642,0.012035218929340456,0.010640909245855997,0.8686702749061478,225858.02580781476
1765252800.180386,4,BTCUSDT,15520,17881,0.9491325219273378,0.7000918551181855,0.7224009977071303,0.8359094542507697,0.0006121637609736561,0.0010813217025008172,0.036208284001770764,0.013373632236566117,0.009198990421231753,0.015982569883052564,0.8510933069111144,145516.52867272313
1765256400.180386,5,BTCUSDT,22468,21611,0.9923491346905428,0.8118655535667594,0.7921442762959217,0.8278033864393691,0.0008729655472754412,0.0006282933030669615,0.0336032136726335,0.023180536897278125,0.013279084695401582,0.016418425888348707,0.8583773387388469,203006.131668134
1765260000.180386,6,BTCUSDT,16923,14589,0.9860094757583402,0.8204548876302393,0.751401407962669,0.7631212951985349,0.0015086153623817306,0.0008447587520724943,0.033872427630095785,0.02170853434625349,0.005971432674820164,0.0041411850153868675,0.7911628377425629,125288.63191596998
1765263600.180386,7,BTCUSDT,17168,16201,1.1961745527096728,1.304093230985164,0.7166146574271518,0.6676022519062128,0.000525398644869507,0.00028101155874654356,0.024327571765264268,0.029608105814022817,0.012007854416373696,0.010099122649501541,0.7437383289452402,117746.48142005804
1765267200.180386,8,BTCUSDT,12587,12708,0.9783140794089101,1.0866413825028443,0.6596503235908733,0.6419865544607863,0.0005549444671241262,0.0031016886232680795,0.052712116030830626,0.04997416370102535,0.0003435269147339721,0.004567185694518734,0.7126947561777126,78680.54813359577
1765270800.180386,9,BTCUSDT,11848,15290,1.0715899734346817,1.23608498297285,0.5944991282893933,0.6739581356974159,0.0007339628447993621,0.0008934956257942999,0.06284633333217109,0.03243822963890934,0.005102188208378259,0.013334552842547321,0.7080345299885533,82495.59544704085
1765274400.180386,10,BTCUSDT,20934,19091,1.7359442210700202,1.4066786830192337,0.6065210505783126,0.6035216318185431,0.05182300381292507,0.00013620236805095,0.08466977833333435,0.05882385448092096,0.01860060468916517,0.007922446589437495,0.7046165433189411,119502.52141767669
1765278000.180386,11,BTCUSDT,17396,16674,2.0376847465313843,1.4343593497276688,0.5142377432979801,0.4947927863994319,0.12425113681657564,0.0005988333270983611,0.06234631150456745,0.05862416281737645,0.005055763006763585,0.0023949408295416952,0.5878323733800137,80420.16380683286
1765281600.180386,12,BTCUSDT,17962,14123,1.0400049529841626,1.0854654019679209,0.7395516417639406,0.6729444511445264,0.0006082324710433777,0.0004621967922170815,0.045303758251677574,0.038362481067918466,0.008777208485378997,0.012500744426707833,0.7864739675028387,114553.26563070672
1765285200.180386,13,BTCUSDT,18937,21451,1.1359826680406178,1.228442222918045,0.743003670193035,0.7375576952237917,0.0003204598054084895,0.0005771688716923462,0.030760643793966518,0.03784319810462815,0.012895414717565138,0.008369623246227267,0.7854871568351106,158673.5133367918
1765288800.180386,14,BTCUSDT,33770,39495,1.2316020437423985,1.6390377019040117,0.817635818949179,0.7974052854903622,0.00046056132109840146,0.0007110934104755647,0.03642350071364189,0.03993152629354256,0.015019398202803264,0.010312407258411689,0.8612078662251804,313522.1161132022
1765292400.180386,15,BTCUSDT,98891,77917,1.644274546238252,2.161929825768984,0.8728264856147274,0.804542520843827,0.0008490769935342371,0.0006486821379931492,0.04084104208515809,0.044873240357322194,0.03579078929486985,0.037530138538709165,0.9308462006212747,837564.6337628538
1765296000.180386,16,BTCUSDT,109297,82794,2.276900633643136,3.427565501859278,0.8548931652724764,0.7886362521698892,0.0007526326336326273,0.0012151405871271084,0.04508651623718433,0.03700176904553749,0.022447732737601134,0.031573536378621474,0.9090947012463964,900120.0335538846
1765299600.180386,17,BTCUSDT,50479,53499,1.537806782427105,2.3856254110100013,0.8272095728785301,0.7874457353052567,0.0003526700768309403,0.0006023181138296749,0.03970655788908274,0.02639662609082388,0.031249444615724927,0.028044381102765185,0.8804978517783516,453419.24117830285
1765303200.180386,18,BTCUSDT,29142,29652,1.0733274364414482,1.5063155234404717,0.831174430435326,0.7813354554014283,0.0006265825955075906,0.0006647617498715983,0.028972360238597894,0.02161520098464922,0.01525370924276925,0.008293756257356354,0.8625344190161695,251185.46609422783
1765306800.180386,19,BTCUSDT,28382,27940,1.112806512983681,1.5325539009067581,0.8215784460563071,0.7609199961756927,0.0006601880949219227,0.0005377306632577841,0.03258952116768255,0.024094322773023327,0.015112481970164984,0.003239495149798767,0.855019009292995,236789.87447800423
1765310400.180386,20,BTCUSDT,38909,47083,1.405443803033021,1.8603219327076939,0.8118138840027168,0.817563004685854,0.00025993282340771293,0.0004713553413950875,0.037182747140965824,0.019568975513343936,0.024731621787034128,0.019378163595368158,0.866113444961395,384928.93543156027
1765314000.180386,21,BTCUSDT,28517,34529,1.3823812601033372,1.725881528872942,0.7714318358779961,0.784463469440555,0.0008348697240312264,0.0015799372645247617,0.03397535925303127,0.02286493308872191,0.014748627639434991,0.016224216783454037,0.8230523349978793,270525.4378642396
1765317600.180386,22,BTCUSDT,26499,26716,1.0179038452290363,1.256133589807425,0.8208059794616085,0.7887597560581905,0.0005323283194290212,0.000595193099463544,0.03135372878322435,0.028406581386947266,0.01351109351458788,0.011759328487898419,0.856563565262698,233482.45602348956
1765321200.180386,23,BTCUSDT,15225,15121,0.9362484488993444,0.8188793967020246,0.7427368380444532,0.7658943744490856,0.001323764644007266,0.0005229180400235763,0.028454795865902334,0.029119663901204948,0.009549332520771774,0.007552535198407722,0.7982580968023159,117904.13441272714
1765324800.180386,0,BTCUSDT,22752,23825,1.1498724242969134,0.8583990336762286,0.7741302270161664,0.841026597551699,0.0011858090316687491,0.0006575257923214079,0.02471471014298313,0.022216354056643888,0.006634915550934471,0.014844783976491064,0.8650735691443237,211659.1996795627
1765328400.180386,1,BTCUSDT,20887,18564,0.9946674503049544,1.0306878710394822,0.7887718628489153,0.7698755793375852,0.0006167202275794797,0.0009136050966385587,0.02462519986400979,0.021906119584928482,0.007368919576019768,0.014115126201710562,0.8179783386382364,164522.33399393555
1765332000.180386,2,BTCUSDT,18759,16089,1.1474526084151508,0.8536336411087986,0.7507774356262324,0.7812635419820575,0.0007711513925917553,0.0008163414737052562,0.0204647339214713,0.017536900456983827,0.006198904860272455,0.007939236007920715,0.8008608599252737,145384.7582649017
1765335600.180386,3,BTCUSDT,11049,10267,1.0122382022017957,0.8209104092492233,0.6124435403008693,0.6819509494260235,0.000714553497780769,0.0009358145544891123,0.050705072526595896,0.02154846254067719,0.0066653449612853995,0.0065318776459102655,0.7048218624746195,64426.73299538684
1765339200.180386,4,BTCUSDT,15204,12065,1.129570311664004,0.8523104966661755,0.6943361096200584,0.7103185925116507,0.000577350636569524,0.00045838955546102767,0.030893060138195354,0.02456198626387716,0.008010720947364684,0.008657071007884959,0.7401331505006138,97571.91869911527
1765342800.180386,5,BTCUSDT,13518,11139,0.907262963942648,0.8194262217645842,0.7107175179926402,0.7065209803767667,0.0006681541736043448,0.0008550256003919058,0.039222644768787944,0.021593822508394013,0.005323808332051654,0.00869437105226043,0.7523055176977205,86886.91584320214
1765346400.180386,6,BTCUSDT,11885,9643,0.9059316308787141,0.8006305644437429,0.6645791572368843,0.660984205692406,0.0010141202720729673,0.0007372872500184169,0.05147609875339552,0.028267616627878325,0.011953475589999107,0.011050010569659676,0.7208869954528943,68639.09170793965
1765350000.180386,7,BTCUSDT,11026,11832,0.8932567693634975,1.139186326252325,0.6492529320435391,0.6054364637477029,0.0010438823515597888,0.0013869811143119857,0.041979963598070574,0.036699206798434476,0.009683757385853734,0.014863152722232193,0.6945582845917221,67706.36395612161
1765353600.180386,8,BTCUSDT,12265,13999,1.0267022569774702,0.9435516216403217,0.6341941464400178,0.7046975873661586,0.0009880486605295515,0.0008605365789548829,0.05538356462594138,0.045946633041822914,0.004838508737866604,0.007710931855154964,0.7514513836286435,83786.92877465642
1765357200.180386,9,BTCUSDT,16016,16253,1.084035913811388,0.9070615919307508,0.7086858727932285,0.7272992559278912,0.0007435992738485858,0.0006679043446795765,0.03936520314988676,0.056080857406455194,0.016325727365603383,0.006138839245865821,0.7864091141664904,116401.00936061348
1765360800.180386,10,BTCUSDT,26869,41911,1.2006893599895228,1.3467391987394952,0.7841338052576207,0.8289438374510258,0.0004416330954828153,0.00020519196173250716,0.022884360897018424,0.04500664833763365,0.012636259618702541,0.02076481426685583,0.8778236798033768,302823.1223619461
1765364400.180386,11,BTCUSDT,25486,29586,1.6662144726028627,1.7051429044042532,0.6872485225557284,0.7457418489928895,0.004793440948409005,0.0013060791569717504,0.04689130059730151,0.03942131098993166,0.002929935106165907,0.022154265723592685,0.788496565518155,215021.4697140879
1765368000.180386,12,BTCUSDT,19178,18710,1.271288680569146,1.0781441336661552,0.7066997193717384,0.7670971689594833,0.0008977280660676314,0.001110358593545748,0.043600400043069504,0.015502286799079987,0.007124691300840297,0.012542314747570083,0.7856939880918662,141993.95201022163
1765371600.180386,13,BTCUSDT,19931,15857,1.2432362928394638,1.0874650565026343,0.7502524983471646,0.7253267260646515,0.0017392215272198086,0.0005569881298738292,0.020905561363621386,0.009835211370141948,0.008636630848142257,0.015907121208960803,0.7754031856807251,139106.7021211854
1765375200.180386,14,BTCUSDT,34444,37870,1.482780333414579,1.2151025422436574,0.8043657386254728,0.857766746472433,0.0006695385836678853,0.0003855678382559917,0.022041134366073446,0.017596526390156644,0.012548466341416122,0.0190855077617679,0.8801519662582907,329009.8826283201
1765378800.180386,15,BTCUSDT,36141,36945,1.357111588694139,1.2028577710006338,0.824331108084916,0.8549852500603237,0.0018055012904845376,0.0009414939063241309,0.027982529023914418,0.01912319162213226,0.010600356847219217,0.013206301382704969,0.88036530760847,332231.3867780752
1765382400.180386,16,BTCUSDT,35113,34713,1.5781075154485076,1.1925766921711225,0.8048020133724748,0.8598478336048039,0.0004944780593565395,0.0007176264634165374,0.008276268694163567,0.01881886887700627,0.008539871686416749,0.004250976822878772,0.8793440970008537,319735.309663457
1765386000.180386,17,BTCUSDT,27338,27362,1.066840561028778,1.0509667834625291,0.8103470510088573,0.8286037952065689,0.00035257405738276724,0.00036584036161436647,0.02399421904764045,0.013863352990214165,0.009592166817655795,0.009907871140715311,0.8492981006536964,246480.43762329285
1765389600.180386,18,BTCUSDT,38149,41423,1.208266414279956,1.1335728183321119,0.8308677081529222,0.8553063523548344,0.0007042808586928826,0.00039371932742322845,0.03145079022719802,0.02772966397400821,0.02082553169018893,0.020009671264136854,0.8960564160708856,369490.9485242179
1765393200.180386,19,BTCUSDT,109409,99986,1.5267155426417938,1.0126335169431102,0.8621507471401354,0.8578895857892891,0.0006875392034655077,0.000675713954827509,0.052188045139881796,0.056255832717740255,0.032724680633394364,0.030342371863815866,0.9464351551192811,1039272.4967953289
1765396800.180386,20,BTCUSDT,98856,93883,1.1849636161470176,1.7045966180271586,0.8711689048961613,0.8843118795262878,0.0005509800128228679,0.0006799473977038005,0.05351769114556451,0.03170953830830532,0.013342122722624916,0.03139317141008751,0.9419031707962586,955381.3631756415
1765400400.180386,21,BTCUSDT,44466,38738,1.1166957803719118,0.9157244089390635,0.8441766175809271,0.8702655186964479,0.0009009236403275472,0.0006709734215123918,0.039714364112185485,0.025182656901697287,0.011683216766954729,0.01604995070523289,0.9052840155451813,391141.81324484915
1765404000.180386,22,BTCUSDT,29742,25946,0.9125204929583854,0.7309582128123093,0.841016927671276,0.8452001207206346,0.0011658602717256451,0.0005216450799222241,0.030854656276036632,0.041233708859066215,0.012260602236717493,0.01472555489496635,0.895206700294279,260615.13129169054
1765407600.180386,23,BTCUSDT,15753,19035,0.8837118906298139,0.7597717566963109,0.7573430300365175,0.8220169039894425,0.0005353623798293593,0.0005283081413445468,0.026994496646433212,0.02923029924481434,0.004898147319645132,0.00952716723347099,0.8520540451134355,144369.99915326826
1765411200.180386,0,BTCUSDT,33046,34377,1.4057600236811636,0.939528895699817,0.7696342468537636,0.8644832615660022,0.0005772629318660182,0.0006046776222065259,0.04846006792244848,0.023608176553739507,0.01517643537004012,0.023843399735505113,0.8932182668366992,302306.7633068328
1765414800.180386,1,BTCUSDT,36424,36710,1.3551012371641533,0.9191464436624378,0.7989626842976104,0.8661340774037447,0.0006416188876116053,0.00041341219969527355,0.043676045173926856,0.03127506959787193,0.01479834158020887,0.025336184997018268,0.9038990385594449,332172.9807857405
1765418400.180386,2,BTCUSDT,44815,42649,1.9521490385783866,1.0232067371381424,0.7840839444575696,0.8710694609521891,0.00046937631749859895,0.0003959306615433126,0.031835823108007276,0.025453112204241627,0.016242246303441753,0.03049363647459583,0.9024858205399752,401750.8707157975
1765422000.180386,3,BTCUSDT,38759,39742,1.8116953407179126,0.8986904975527273,0.7789729954806923,0.8641145307880183,0.0005183942702331821,0.00155231850879324,0.031303722470259504,0.035321774149277084,0.01959303781482956,0.020450976822496903,0.9041502815129331,350880.07455912494
1765425600.180386,4,BTCUSDT,31048,25717,1.5056370494303,0.7635090642617702,0.8009823320433007,0.845768171356308,0.0006526939490773066,0.0003880264479916724,0.020821906508269688,0.031162921457949855,0.014119116719326667,0.012877663513097739,0.8802820761692206,258041.06827596342
1765429200.180386,5,BTCUSDT,15310,15704,1.0733439048331401,0.7098154040962581,0.7026051671974607,0.807750120442934,0.0025406191891629904,0.0007492728395708173,0.028328133006211086,0.024596980306158766,0.0036985771885286183,0.013210393231782441,0.833198777195031,122944.80596152421
1765432800.180386,6,BTCUSDT,16078,19159,1.0809964758513149,0.8188637052217412,0.7252265052380116,0.7942545043208643,0.0007759182042796942,0.0008161393754086138,0.018691854654542785,0.04436866351288247,0.008160085053837364,0.011518924545559837,0.839773097138792,138459.86797664472
1765436400.180386,7,BTCUSDT,16351,18396,1.3914040234013347,0.8772622540064638,0.6619446443980105,0.7847337399028785,0.0007197547035005322,0.0008843151700679934,0.02110164809110757,0.03528808786851974,0.008476451514649746,0.007633486233426208,0.8205913245902596,127009.6904912643
1765440000.180386,8,BTCUSDT,18166,16842,1.1698925804518001,0.8633539814019864,0.7292947654833811,0.7686096116446537,0.0016217632639137231,0.0019406727836230053,0.031696260826497284,0.036631871085513544,0.005748100561317999,0.007340778022855097,0.8067367700075244,134479.19145823593
1765443600.180386,9,BTCUSDT,20417,15110,1.207062951210868,0.7974100881322506,0.7529832482113414,0.7697205469590522,0.00014318683550152862,0.0011282386922203535,0.027603801256285244,0.035144480961388114,0.004892532456902737,0.00797029163987971,0.806624697052476,139267.0990407735
1765447200.180386,10,BTCUSDT,13041,10678,1.135921814652859,0.8025228341027213,0.6524989229980447,0.7031879061680333,0.0023342685466783988,0.002523379150043748,0.03167001008017037,0.014999831229817927,0.004323259262540543,0.0011815224218898843,0.7188979641020922,78708.39934833073
1765450800.180386,11,BTCUSDT,11284,9497,1.1680339920310414,0.9258295008201038,0.5739868573830179,0.6157771648604146,0.0011339009300444247,0.0010885675996617726,0.04184524248843762,0.026461167155388265,0.003351096800567251,0.012053171905160927,0.6443081641158293,55751.07948661959
1765454400.180386,12,BTCUSDT,14623,15934,1.4286505446644089,1.1907832861355745,0.5957285122138356,0.685127078876035,0.0008750005503148904,0.000551745401544489,0.03912237578740313,0.029057935609050987,0.017601190643117652,0.011497875313292032,0.7168984538637594,96203.60411687838
1765458000.180386,13,BTCUSDT,17779,19203,1.2676771163273646,1.1309776890061214,0.7034356036889285,0.7560643758804038,0.0007502109095354754,0.0008580461324294975,0.031483515435415166,0.0285554920102183,0.002629338436467338,0.010958739959026947,0.7854107984409183,137519.04642144544
1765461600.180386,14,BTCUSDT,43484,51617,1.280638749122116,1.4157124425516125,0.8136016710600176,0.854224884313896,0.001257503028464381,0.00034168822523261894,0.04398056894061548,0.03146692364665415,0.016009118886445146,0.026166994589976678,0.8972349214793273,427117.5130637758
1765465200.180386,15,BTCUSDT,57925,55580,1.496412357628219,1.445730565587048,0.8566606867261056,0.8579868149987949,0.0006195806077027475,0.0005973629517421254,0.039052175734554107,0.028711701581570045,0.018059451305037312,0.020894066745490558,0.9117423326025113,525476.4885747788
1765468800.180386,16,BTCUSDT,45551,45404,1.5864184439473978,1.4334492706971371,0.8241928854938341,0.8629304801393353,0.0004265313085897778,0.0003412413214313471,0.03432671829882781,0.020347498079965682,0.006186362137837284,0.017655257339761057,0.8873988881001699,415305.7774346442
1765472400.180386,17,BTCUSDT,33043,29013,1.3254900400227536,1.096498518637813,0.8200848499528063,0.8345275572129839,0.0005776232305569881,0.0005461204180542206,0.027997915204164423,0.028515446613842785,0.0015050995778074974,0.005635763430599772,0.8638591086785401,273455.9542625637
1765476000.180386,18,BTCUSDT,42154,43642,1.1528026317733826,1.2059181790486002,0.8589396102265208,0.834549839794203,0.0003373974411316537,0.0004721684192495203,0.03087849515344541,0.042118486893215186,0.021151186780795455,0.015301739789010347,0.9027928483820994,408045.3611184907
1765479600.180386,19,BTCUSDT,41030,40197,1.4024742542831892,1.320064885300769,0.8335852400359411,0.8426472413854941,0.0005449053442822521,0.0004301861308269221,0.03165139970585329,0.022516730643057422,0.01396675040838969,0.010595525531936876,0.8778495213639046,368627.8227171944
1765483200.180386,20,BTCUSDT,41375,35108,1.082806618146398,1.0560884235947159,0.8712849028029116,0.8429291141833118,0.0008063111286455323,0.0004006247446351278,0.021919573429161367,0.03227977658753289,0.0130349578324898,0.008205924850248085,0.8983518537653059,365031.72681730747
1765486800.180386,21,BTCUSDT,70803,63719,1.3929756121785817,1.9426084454694343,0.8912491970454407,0.815710155108607,0.0004943410311392779,0.0016165783441200337,0.013132230332872367,0.030060737162201052,0.03565145279029505,0.01895894996559608,0.9151076163362477,662247.1357677
1765490400.180386,22,BTCUSDT,37799,43542,1.142695612368466,1.207267009898815,0.855808027017318,0.8713058728549806,0.0006952774095519237,0.00040147144949405274,0.018387503050885,0.02025107914701446,0.007440770399599745,0.009417721650315694,0.8953359427730273,400546.552941577
1765494000.180386,23,BTCUSDT,27793,26293,0.8929438749661803,0.8625605464124158,0.8479689611157072,0.8404567465237476,0.0009646366171096857,0.0003909216206153328,0.023593708888911276,0.026363101281066337,0.014658555064345881,0.012898773089255106,0.8837943763268652,255343.93945771185
1765497600.180386,0,BTCUSDT,23293,26196,1.072399470559018,0.9504470186893842,0.7590234977099815,0.8337205427608326,0.0005542176197368324,0.0008718607852734312,0.05367617101872411,0.029715597242800734,0.008527509226187424,0.016920981675267475,0.8664428425052577,218149.1657045859
1765501200.180386,1,BTCUSDT,29622,21896,1.017491921827309,0.6974260576296754,0.8258968105059078,0.8517241201794447,0.0007067925455886275,0.0005804902078838012,0.03720823666087014,0.02435732749189583,0.00897696682492411,0.01211036561851385,0.8824381661242284,229638.417534685
1765504800.180386,2,BTCUSDT,24487,20797,0.8950932746938919,0.7952398794490928,0.8327858259368316,0.8262367179264544,0.0009104226817233681,0.0005939209860031445,0.024244608771512677,0.020926402387493617,0.013915920680221903,0.015424778085183622,0.8682782393110131,204068.12533958053
1765508400.180386,3,BTCUSDT,14780,17925,0.8368494431062525,0.8565609062027798,0.7729050284703437,0.8009470028939586,0.001042363507088566,0.0006168904430952667,0.019833107941086198,0.019619915498044774,0.0059543928346513725,0.007290200380603771,0.8224301781931368,134545.81093001855
1765512000.180386,4,BTCUSDT,13513,11138,0.7891127731450999,0.7214616247134058,0.7385892297111092,0.7342600653164297,0.0009783406164302808,0.0009606096086416626,0.04944374376330914,0.02602836628846864,0.00832787058844868,0.005727624964887953,0.7901194626549188,93527.88688125381
1765515600.180386,5,BTCUSDT,13126,11989,0.9290181561167532,0.8097914943858321,0.6987867817539388,0.7289948919111887,0.0012698797736974282,0.002152531066391938,0.040589732876833734,0.020940519240017948,0.004808922223303982,0.002514898057409077,0.7521556263108328,88967.95458019736
1765519200.180386,6,BTCUSDT,13539,13065,0.8818550748221125,1.000139658970739,0.7165919020423612,0.6910669609051024,0.0022545254690469023,0.0015440345421713732,0.04173892139053463,0.01597018549947793,0.016340145729153977,0.004760035119959881,0.7605224911349339,92723.75027715517
1765522800.180386,7,BTCUSDT,10682,13557,0.8706483095758789,1.2728884792283908,0.6320299051987056,0.6329349701939815,0.0003875881585218155,0.0012659146419664639,0.061097629569193866,0.018862423638512645,0.010993384390017215,0.008129884002157561,0.6955704383324544,72723.05960157765
1765526400.180386,8,BTCUSDT,15353,16443,1.0730366591317915,1.1247085717120286,0.6532158823443907,0.6902853183052718,0.0008989923876680357,0.00041283289968293657,0.060053248940453205,0.04903383453306821,0.019808467239419147,0.03303884117556253,0.7556599401284934,111457.25627822918
1765530000.180386,9,BTCUSDT,12862,13007,0.879153921971662,0.939148618369322,0.7180382603039283,0.7056112772016605,0.0037493355289365173,0.0005984664192082868,0.033387278595659375,0.029441025327576323,0.0018168576728669738,0.0013285432357970357,0.752056336739039,90450.43961909138
1765533600.180386,10,BTCUSDT,12298,13290,1.017822810195823,1.1541451875580258,0.6607587473987254,0.6403856948713021,0.0004977537447599324,0.0004620331079478516,0.02983096631244703,0.032012222693564324,0.014879941389847315,0.009799159483488524,0.6970028082921472,81565.09764166658
1765537200.180386,11,BTCUSDT,11219,10611,1.0992390883335121,1.1274547751485802,0.5937155145536424,0.5861700898792749,0.0005443673906134414,0.0004487327160692033,0.04357002608967537,0.018093627894069226,0.011669224344503031,0.01092959512852536,0.6410620747679908,58368.44250741988
1765540800.180386,12,BTCUSDT,17460,15604,2.314119100003501,1.6171392197388639,0.47778283554679446,0.5355013371998553,0.07181482055465044,0.0004912317967080865,0.04436059815205525,0.0075109405239879206,0.0022100373436956,0.0011933094514656763,0.5478610192992572,80653.97263767761
1765544400.180386,13,BTCUSDT,16068,15511,1.6319590713529886,1.3609199827148841,0.5827527945222433,0.631585889815759,0.0008712739585269794,0.00048377405062964514,0.05057744970587577,0.04695498712499932,0.006223652617295639,0.006037626119426416,0.6795421101617785,94172.73305539743
1765548000.180386,14,BTCUSDT,38780,37824,1.682120485972853,1.4334980531797308,0.8104244469582601,0.8187231434011041,0.0004893855336692069,0.0006167657609168391,0.026262726023772755,0.024440531997879662,0.02064547034655386,0.01740649168535929,0.8597093878860976,329285.90083747276
1765551600.180386,15,BTCUSDT,75948,86815,1.7713047969107238,1.4659899737754785,0.8298711194988277,0.8740483252189456,0.0007366820933501827,0.0004648714259050358,0.061760927924288944,0.044924559912273516,0.021930154573799387,0.0278991012271004,0.9341087483524787,776893.7669973599
1765555200.180386,16,BTCUSDT,70978,72624,2.407506735769135,1.4550368631203578,0.8174479646176859,0.8770256797339794,0.0008251871793292112,0.0016644754527947341,0.03949424217986362,0.04145897628871982,0.009299062906926853,0.025754907625804194,0.9227058442399955,664833.7081196306
1765558800.180386,17,BTCUSDT,42769,49634,1.6211469669774403,1.3467100700657764,0.8157562868065635,0.8579173678121673,0.0003444842793862439,0.0002821814258532234,0.022211856217759368,0.032094153346862185,0.009815787445448587,0.01049603375709053,0.8920368978363394,424818.75018991996
1765562400.180386,18,BTCUSDT,35418,36771,1.1841104257276494,0.9421831919249131,0.835893125295444,0.8808597476223862,0.0008478621767213662,0.0001631325050470987,0.027365963265212366,0.036392678488591165,0.00880544620750988,0.013977531076146679,0.9196721526157056,329683.8763894169
1765566000.180386,19,BTCUSDT,25876,30517,1.0259475231270827,0.8781732983802804,0.8098128527272346,0.860456036615733,0.0004993163836084002,0.0005297549106441965,0.03346655348896402,0.03612006722351282,0.004067232240110807,0.009266003531927115,0.8974026035553272,246669.9260795685
1765569600.180386,20,BTCUSDT,25330,27615,0.9949430913041645,0.8550275724039641,0.8168317845910669,0.8535958401025013,0.0006151716839645639,0.000555810343586014,0.04146767694324287,0.027310350843320823,0.006235963180012746,0.006414051453492862,0.8828511286530698,228765.3643844861
1765573200.180386,21,BTCUSDT,10977,11520,0.9392704885764569,0.7415051892429624,0.6487809217174515,0.7403669663276304,0.001019571187809591,0.00044585049786714814,0.041271096554863766,0.02867807179574981,0.003908291162355515,0.005653527731144386,0.769423723402785,74434.63678804359
1765576800.180386,22,BTCUSDT,8712,7485,0.8307338712150196,0.6666545299058529,0.5866682710239948,0.6555296344692969,0.003347624328145201,0.0014006593751360213,0.06097628753437194,0.02028980032979868,0.0014314851629140713,0.01084753840264506,0.6777629477123804,43644.48446262101
1765580400.180386,23,BTCUSDT,7306,8349,0.7772038028947097,0.8013908326161068,0.5339270798706375,0.6248410391702729,0.0035400631213195017,0.0008464612242700776,0.07406242611709779,0.02473882396060948,0.0021621099470613293,0.008522548846512793,0.6508269886295878,38617.721290199755
1765584000.180386,0,BTCUSDT,7916,8429,0.9220634195501558,0.7106967958433394,0.48960643380341007,0.634991006756917,0.0010098082203092555,0.0004518241875234725,0.08072329289830973,0.04927270856672654,0.01188710219209454,0.01176688736978693,0.6856304339849826,38982.05423653285
1765587600.180386,1,BTCUSDT,5678,7266,0.8234140121926509,0.8149539449868028,0.3954341124087537,0.559770677601548,0.0004698182680634725,0.0006056222084803906,0.07450397299049556,0.02988642953958803,0.008028269769051593,0.005363480623908637,0.5900793265297067,23181.653972796772
1765591200.180386,2,BTCUSDT,6579,6541,0.8939315428956609,0.7296708958634416,0.4455147908055863,0.5436006521895763,0.006118104742395246,0.00041629816802011,0.050410126711950554,0.04354771025309479,0.004499412886897807,0.015553926869549402,0.5889707350160844,24651.005794031724
1765594800.180386,3,BTCUSDT,6952,6304,0.9530600272050497,0.725601994014882,0.45775693017797,0.5369496549477404,0.001086962424128869,0.0004387537893053927,0.0395156314626178,0.037040279335933984,0.00855293414713347,0.008776736345871625,0.5751309338858337,25280.724467872486
1765598400.180386,4,BTCUSDT,5837,5585,0.7783229652277671,0.6862329186778527,0.43205215149543913,0.5120002879703712,0.0006319929431765582,0.000779499294453702,0.08344854750518511,0.03571292866971377,0.007230908224394759,0.003676997058914697,0.5487665779661597,19153.715461520576
1765602000.180386,5,BTCUSDT,4977,5131,0.7170247015152551,0.8516256075742811,0.3585279228185518,0.3852918881513637,0.005947285266671545,0.0022901759534696927,0.11731093394299857,0.00998913068327968,0.0015233051042403043,0.002368135662822823,0.4762685566738317,9299.710768258223
1765605600.180386,6,BTCUSDT,5298,6055,0.7426547417421876,0.903875751290481,0.39017787621233907,0.41445510435456645,0.005020161229004898,0.0010321491754382553,0.09065906967076706,0.03902600367358834,0.00522405457718407,0.011294633744536223,0.4848611084890225,13946.59655419769
1765609200.180386,7,BTCUSDT,5582,6136,0.817423408326903,0.8574435715990221,0.372229338854523,0.45586469736158003,0.0019981645305867245,0.00032647575515806673,0.10655103330986421,0.03413108766455994,0.0007071379467548116,0.0018720312967525554,0.49050314179926063,14698.820505214742
1765612800.180386,8,BTCUSDT,11022,9876,1.0386255639052537,0.7603829367854238,0.610054099230933,0.6789021238239566,0.0024567872571837875,0.0011154808948836358,0.04141620284866158,0.032771911971749085,0.007246927463564902,0.004598954258253856,0.7125814197647239,63314.10636652624
1765616400.180386,9,BTCUSDT,6714,7355,0.8038966089391492,0.9406286938827296,0.5170293542411831,0.5128394873772238,0.0010435692080033071,0.0011419520968595034,0.041911446058583816,0.018540092315632837,0.007644412321296456,0.00825314485733925,0.561638346723924,29244.69882817703
1765620000.180386,10,BTCUSDT,9038,7462,0.9637291177024339,0.8832384718553156,0.5499897575584363,0.46130681104984056,0.0034778272810049252,0.0004600481343864243,0.05556522114842623,0.10721047779894863,0.0014072520516954592,0.012730950181496201,0.6072199562789358,35246.19287288503
1765623600.180386,11,BTCUSDT,8840,10337,1.1429998600341351,1.3013023947061708,0.4240946426528236,0.529577708476981,0.0023056012569891834,0.006889404059677386,0.08087779760071413,0.0075730226970731965,0.00906919208291034,0.018367564140449377,0.5444315107310099,38908.77557906419
1765627200.180386,12,BTCUSDT,14733,13359,2.3129797222060766,1.8809045014701156,0.37964834569216793,0.3262729696849027,0.12410877564728302,0.0030706995540265764,0.04792525347886865,0.024890743658416505,0.003319502081610165,0.00574793139722992,0.4401954269306776,42224.49141992887
1765630800.180386,13,BTCUSDT,11428,11069,1.2557933668871966,1.4047731849383431,0.5298680652764228,0.5152671835267455,0.0010718378995425901,0.009016938508441586,0.04863172373793312,0.019342403021790026,0.00763072075510969,0.016720212062688065,0.583117190121616,51613.73729562063
1765634400.180386,14,BTCUSDT,18251,15877,1.3210882454985604,1.529714498712457,0.6584206896463095,0.6374992425427096,0.0009405717449007249,0.002424963803373115,0.06229540385139006,0.004329345207658068,0.009647215139614163,0.027664295818314002,0.7245665470395125,111920.27566148655
1765638000.180386,15,BTCUSDT,11926,8463,1.1551609800149212,0.9766302215780911,0.569466797312613,0.5735239355664582,0.0027486264063920625,0.008617508536143625,0.07211381675015605,0.0066825547399614205,0.0008578646752103943,0.004271184529193451,0.642328862319991,50931.885166396445
1765641600.180386,16,BTCUSDT,12291,8371,1.0781333511302535,0.864857499564614,0.5404289848674739,0.5885786782365,0.0019215011549679293,0.0009820095206455022,0.1315839802443268,0.0336287040613901,0.0019345258082317503,0.0171958682444119,0.6733826575359212,50042.63034371526
1765645200.180386,17,BTCUSDT,9291,7635,1.0703129705243004,0.9304739596530488,0.4727147053584025,0.5072301319595925,0.0026267483531819684,0.002653647106015013,0.11159444633188315,0.048857642545796866,6.773067812947575e-05,0.00025411794728192455,0.5845840963656896,31698.013223524762
1765648800.180386,18,BTCUSDT,5898,7181,0.8309224658509091,1.0259143440740481,0.420152704386286,0.44488650479888037,0.00288670360704817,0.0030815908228574536,0.068711816997961,0.03831678214762713,0.0001430044048136613,0.0004651454429546039,0.49036495128128965,18739.310264206375
1765652400.180386,19,BTCUSDT,6131,6950,0.8637398594795108,1.0502926604732732,0.3940088595223654,0.4257344768536571,0.0006913749145614282,0.0007174076162301345,0.09469564135890753,0.027944097469261832,0.0014435499940083734,0.0020835280111421058,0.48887440134233834,17715.282980816188
1765656000.180386,20,BTCUSDT,5575,7233,0.8064183937260424,1.0078302298596669,0.3533780607890048,0.453190574764476,0.000547254875251188,0.0005247978102828397,0.11494802240238404,0.03909566330704235,0.007900366058351144,0.008229859344819871,0.49505330545748366,17323.70748749808
1765659600.180386,21,BTCUSDT,12882,12496,1.0233801316073619,0.9079438742254075,0.656285039612116,0.6897985141640174,0.0007451130853434895,0.0005704694364291973,0.04160515043538665,0.04540981245523177,0.001835772856536212,0.016545589478664538,0.7363567171590616,86191.32613504308
1765663200.180386,22,BTCUSDT,11119,12111,0.8745312745437215,0.8985302375216184,0.6612647970400164,0.6920318362571236,0.0011493758355348616,0.0006787202876665115,0.051548935132758975,0.03766773177948734,0.002981188459585905,0.005059732105218992,0.7310027216090688,75152.6771771882
1765666800.180386,23,BTCUSDT,9617,8137,0.8866082510477088,0.887415335015897,0.6084792236092178,0.5652577938197787,0.0010633548043960828,0.0013892001019218216,0.05122026477124886,0.03439216707023166,0.00839284796323915,0.009565001120867896,0.6613775886364126,45805.6801486822
1765670400.180386,0,BTCUSDT,12536,10994,0.9263942232182457,0.7451230348429924,0.690975552942186,0.7183502038443629,0.0008210744272052612,0.0006646463361572919,0.03152754911294051,0.026709804820982924,0.00751428281596703,0.012025643675512196,0.7490452904772469,83311.39133940943
1765674000.180386,1,BTCUSDT,6212,7769,0.7059737162231573,0.658890717913142,0.5414095021709298,0.6377677579186289,0.0013633725118070387,0.0011380193407985587,0.04205674622943277,0.050541485845724814,0.005157110427360813,0.003832809525178229,0.6886174874437341,35166.412186795744
1765677600.180386,2,BTCUSDT,5086,6258,0.6727200931129882,0.7493786159408059,0.442680272812056,0.5213837653872502,0.0007334743689557266,0.0009588432930068968,0.0707768304878029,0.045009517044950216,0.0022685637996658296,0.007669066136049067,0.5668781347964438,19578.676956819396
1765681200.180386,3,BTCUSDT,4405,5083,0.5767356611724163,0.7381976428868152,0.2025954573798865,0.4151299275908803,0.0065845326628707675,0.001031324192831047,0.32415016918544676,0.05628315698395779,5.633826404106823e-05,0.0005703350254276854,0.5269371904270846,5924.169992632973
1765684800.180386,4,BTCUSDT,5917,7612,0.7960807206473238,0.7532383207010279,0.4276698483065359,0.5878238761463787,0.0013963944950519537,0.0008297688588971038,0.08421125187612002,0.05083275962362286,0.0024821197606292693,0.002418861995459794,0.6387559451412499,26888.00380458361
1765688400.180386,5,BTCUSDT,8078,8082,0.986061741964886,0.9852892273916561,0.4677220289690747,0.5031465401416395,0.0004562725158076733,0.0008512618643330253,0.06886561995022954,0.027708997311133233,0.030148515850457018,0.023490958467157725,0.5611661332090822,31451.0752343051
1765692000.180386,6,BTCUSDT,7050,7477,1.0435653526316477,1.1704777922221161,0.3556418596947666,0.39511115000069164,0.0012523360679584552,0.0015142697757272272,0.10531563918950158,0.015179250039858106,0.026925332006524146,0.004557659368965904,0.4641350267889627,17650.739662267788
1765695600.180386,7,BTCUSDT,7829,5390,1.204694237811263,0.9779461599846521,0.38123451612209414,0.3211335812226107,0.0011060959501109024,0.003624673202727584,0.05717233464560601,0.02247118751195959,0.001253842510873436,0.007846105293881439,0.43869154158787704,13787.034413530584
1765699200.180386,8,BTCUSDT,6157,6363,0.8670581589630068,0.8664733938440923,0.3949394498334506,0.48665784689306,0.0006798906963855522,0.0007444874628166916,0.08774824753926802,0.019131421015414606,0.0033679244864024322,0.00881471119118352,0.507357724606182,18667.22838702186
1765702800.180386,9,BTCUSDT,8169,8260,1.1399276457084377,0.993389257706464,0.41208718207416317,0.5207948059347216,0.025993314610152463,0.00045117225872737276,0.05617875179081894,0.017874063329575616,0.0027843777388201507,0.028265510586904633,0.5489156489722642,30984.520977027998
1765706400.180386,10,BTCUSDT,14908,14766,1.572186140064145,1.1606626558618376,0.5319241302165032,0.6453767107483109,0.0010526456855174788,0.0005325662797379043,0.05755032181723032,0.049421855698973595,0.02249173341368492,0.029787623370814902,0.7011887091042062,82438.24182989432
1765710000.180386,11,BTCUSDT,40538,45832,1.6049023813120864,0.9375702184232017,0.7594340801116831,0.8712419490624265,0.00048182769322937857,0.0004520247208825838,0.057540997956820016,0.04022138890945654,0.020647993002177963,0.033700653474715445,0.9185666806517065,402517.84086953214
1765713600.180386,12,BTCUSDT,22409,17365,1.2488287683522439,0.7468207276517744,0.744051985131303,0.7847522995896099,0.0007269412725608204,0.000431105958342759,0.04243070780826537,0.0514538183227232,0.006065681300696766,0.01789899537236807,0.8385953541768589,152032.96012700227
1765717200.180386,13,BTCUSDT,16357,15249,1.1498122173125307,0.8281765526889713,0.7057687519571801,0.7480832443415965,0.0008307972232616743,0.0006895932485800858,0.024954593115052572,0.04543366396689172,0.007191768700393115,0.015287100672542473,0.795495746178254,113501.71444414949
1765720800.180386,14,BTCUSDT,18411,19406,1.2636013265123025,0.8922719533031538,0.6892673998448902,0.7871852120433479,0.0013730116047606078,0.0011393220640824892,0.04596984024644674,0.038714464203845236,0.005982435873109853,0.012549013250187613,0.8269969318022876,139461.86627828912
1765724400.180386,15,BTCUSDT,16706,14286,1.2604138461063676,0.7735136297407391,0.6833815635351078,0.7495156185686911,0.0005621218764946946,0.000853965516210536,0.03526461842294941,0.045489061939790486,0.007524858888571749,0.009561204909199964,0.7960922411127844,109039.92881984879
1765728000.180386,16,BTCUSDT,25825,25669,1.3167557429467123,0.8169485403532608,0.7330109662794128,0.8395243785911792,0.0006408483683616909,0.0007577400695386572,0.04996757501409283,0.03567535079849317,0.011871048626064156,0.03248850792467575,0.8795089778028848,217236.9116341918
1765731600.180386,17,BTCUSDT,23087,22769,1.2919541588527907,0.8095751221893391,0.7477532579743034,0.8235143199081147,0.0011688422628222054,0.0007252162180452642,0.030071136248292624,0.04046155107748201,0.011348719270737077,0.017090570867494524,0.8664910247671536,188571.865950963
1765735200.180386,18,BTCUSDT,16051,14457,1.0236250517814784,0.6677740779423483,0.7358089272510658,0.7950986945969825,0.0006424676501219583,0.0012107517761796186,0.025469911345083345,0.03009679766708717,0.007929736654037498,0.007362518635323525,0.8263253276569306,119634.89553432036
1765738800.180386,19,BTCUSDT,16307,18928,1.0850897968786064,0.7388155167208192,0.689557288156266,0.8231712098248526,0.0006469134899865815,0.0004883571253299368,0.04907679731882714,0.03218983903954199,0.0044807923925402685,0.02018614274249365,0.8562623016255091,138127.00566827488
1765742400.180386,20,BTCUSDT,18272,20993,0.9158448449178591,0.7328898714528084,0.7439219937666166,0.8168326091970208,0.000575066428942447,0.0004886776840376413,0.06211900482275694,0.04788051877335073,0.010384735545299336,0.012822112442009329,0.8671022632859767,159719.58219807432
1765746000.180386,21,BTCUSDT,14309,14431,0.98915644474879,0.762034861203815,0.6865931392255246,0.7623230967511425,0.0037124945005048066,0.0029087739317021012,0.0578603950213252,0.042004649115485196,0.0019350576283083426,0.003900687441472285,0.8049632927441754,103136.58445351683
1765749600.180386,22,BTCUSDT,25598,25470,1.2949463827066463,0.8383693217523958,0.7358209693015227,0.8285486176985083,0.0003373055505178819,0.0006728534467838622,0.05753833772186033,0.04522740696375627,0.005112711116681913,0.024940160829095042,0.8754759403677153,213667.44877984098
1765753200.180386,23,BTCUSDT,38823,39055,1.410501255501374,0.8857269246689143,0.7818372894286049,0.8625472617293849,0.0008399959836630451,0.0006444678869620324,0.0577256217893687,0.04999409743150347,0.011026047026940697,0.03019202903910647,0.9172512937349676,345704.9403111416
1765756800.180386,0,BTCUSDT,36061,26705,1.446787006573239,0.8909126418000515,0.790389336003578,0.8189010130600944,0.0008825275124424111,0.0006078113146266138,0.03886289681916756,0.04417726341699647,0.0005533997939818511,0.015001931083528463,0.8637284195891363,272934.98668887885
1765760400.180386,1,BTCUSDT,34944,26541,1.3902679885483502,0.8857989456843623,0.8175205945416536,0.8159259361122005,0.0005396499444490142,0.0007041136542759834,0.03155425003754169,0.04477006976263205,0.014624159190065142,0.008727320489289554,0.86818126347372,272064.4016276503
1765764000.180386,2,BTCUSDT,33298,37404,1.2284478750113585,1.0446590904458206,0.8116535358147958,0.8503122486319691,0.000586756269198681,0.0006315977842510081,0.03636770096624573,0.031906944490150115,0.01653214654987514,0.015904386862971843,0.8891088157584234,324382.805303379
1765767600.180386,3,BTCUSDT,16031,18907,0.9814103429389969,1.0939180220769325,0.7142948719673392,0.7578449275596296,0.0017574216110464056,0.00045876372749504185,0.048750163527737415,0.031117063540317784,0.005697389580847728,0.005229587656614083,0.7905061934814606,129262.74718236658
1765771200.180386,4,BTCUSDT,19042,15436,1.1695825263974085,1.04946042986178,0.7185207098699203,0.7185640019265466,0.0014415510935743793,0.0007284864298366667,0.049955817237602146,0.03205244995505574,0.003841313791607626,0.013513237825466384,0.7719956933543145,125932.93401965938
1765774800.180386,5,BTCUSDT,11015,12220,0.8862182289875429,0.9628499273852671,0.6619820373306857,0.6798658352428008,0.0013247182768675691,0.0008259202878075577,0.03973638203282256,0.03302403771240646,0.0021763067158144115,0.006788157415083503,0.7149105526809627,75776.2263612781
1765778400.180386,6,BTCUSDT,12573,11286,1.0264427520827353,0.7570315985097181,0.6445703796967102,0.687126140513271,0.0030680043646536988,0.0024414390325687057,0.057818383715448556,0.06437368390934614,0.0018151435752637977,0.0020119798774498954,0.7519387089289319,76593.95824472432
1765782000.180386,7,BTCUSDT,15491,17337,1.2792426830226562,0.9350727092457479,0.6391207683314337,0.7535932011612752,0.0010102992192430194,0.000778703542810105,0.059395128285876335,0.046717915936396334,0.004754390119071377,0.003142940446062296,0.8005327183875277,116602.67818808701
1765785600.180386,8,BTCUSDT,12512,13521,1.012414570359828,0.8916938471481889,0.6320532490299751,0.7025773281272479,0.0018132912857602016,0.0031420111652559818,0.06805029335654748,0.053223604263867665,0.006698334978424096,0.00583438164559064,0.757140480126904,83868.09889813782
1765789200.180386,9,BTCUSDT,16205,11232,1.1057817905219032,0.656334694423622,0.6983836323857413,0.720378158140054,0.0007011806227240641,0.0006591557724386918,0.047081605483570155,0.053859930599833745,0.01024738485896192,0.012994733979284284,0.7787318047985494,97133.65928060276
1765792800.180386,10,BTCUSDT,17414,18268,1.1525571734185778,0.9391666034029846,0.69939416616012,0.7653439691933002,0.00034587725035170136,0.0007248071323233647,0.05187205217723177,0.041970102489333694,0.010450467223943072,0.012185513123031013,0.8096994319286931,131499.85382824644
1765796400.180386,11,BTCUSDT,13632,16431,2.2950039674594187,1.5688222559991813,0.4635527158215966,0.5491303959276429,0.05599580490561662,0.00037964001423534873,0.013688787301381147,0.10873250367045724,0.010622663809532681,0.0005717731001651643,0.6582131295542913,72881.16230735077
1765800000.180386,12,BTCUSDT,15632,14930,1.2016017034207531,1.084985818980767,0.6744168287922169,0.6978938228667235,0.0022273564317981573,0.0015809886525561185,0.04251625703299062,0.036894021397824786,0.0014530209299391497,0.005996015868264641,0.7362327519498962,103780.83289622475
1765803600.180386,13,BTCUSDT,19455,19070,1.381500755349237,1.0627828796054815,0.7056621605345021,0.7440040421518365,0.0006122512107976219,0.0005459332593633227,0.030288570712800306,0.04988230055159425,0.00472461028533156,0.007006466485550688,0.794573888602027,143640.06328132344
1765807200.180386,14,BTCUSDT,59132,67603,1.5366610256182156,1.4034244503398567,0.8157374792511293,0.8637566785587467,0.0008087707960566367,0.0007164919650709643,0.04398184728008985,0.04371212818850045,0.01992708519467345,0.0342604937083887,0.9195840784916889,591976.1926477803
1765810800.180386,15,BTCUSDT,107547,103148,3.5636363326300518,1.7948654112232996,0.7816137300926534,0.870079190309142,0.000854364544143422,0.0005474772823400285,0.04988089588922776,0.048037404554163936,0.019540331576141785,0.05094848720734624,0.9288989179606965,959047.7688261855
1765814400.180386,16,BTCUSDT,65689,65382,3.1141239038051114,1.2936223176454191,0.7812303028724209,0.876395555504454,0.00039070766741589063,0.0005611860142634066,0.01655481120563544,0.03919652236086393,0.02102854854571619,0.03189114770974807,0.9212232768025548,585269.7309078283
1765818000.180386,17,BTCUSDT,56518,51397,2.729427153143324,1.4040051625806718,0.7524247139433605,0.850612464946829,0.0005464686435119591,0.00034410155698358293,0.04300874544022531,0.03324835291766839,0.013675735164123052,0.03577081744564478,0.8893309707078243,457700.5151037014
1765821600.180386,18,BTCUSDT,54465,41978,3.0403421829095727,1.1819007071346943,0.744693413381939,0.8449502754435447,0.0005419341997167056,0.0006448862091912575,0.032135260198497266,0.03306186426936182,0.014285109246312646,0.034670800469906234,0.8829465327078557,402684.3768780347
1765825200.180386,19,BTCUSDT,44401,39927,1.9391137753235244,0.9938689240436804,0.7950868411586426,0.8607506918953376,0.0004550344969387846,0.00046607304383958464,0.038607534504845074,0.030350436742012925,0.012817264712779339,0.021722918102680695,0.8958399822107623,373783.07944961364
1765828800.180386,20,BTCUSDT,35469,36434,1.685369989927344,0.9148961561457413,0.7956173159624369,0.8631324019370339,0.000464226376670533,0.0006605870558421023,0.021845535888651877,0.03676169897019241,0.010106046600935935,0.008253150671299626,0.9010216971620104,317217.6318553007
1765832400.180386,21,BTCUSDT,28052,21346,1.5589500794943434,0.6964645507798571,0.7645374595781418,0.8276586796898145,0.003021035319674673,0.0007120237749810334,0.026424090835178875,0.036071140521216925,0.010258963388142058,0.014893511414432275,0.866474277920246,208129.72586726578
1765836000.180386,22,BTCUSDT,17368,14840,1.4735485043121206,0.754226988498146,0.6536772532172371,0.7725965798498545,0.0013950666041651061,0.0012180532339916028,0.023204996157907987,0.03991943769633498,0.00631086196836564,0.014955194598673735,0.8134287461443825,116157.54904602906
1765839600.180386,23,BTCUSDT,20882,15833,1.5818738211859351,0.776390795371832,0.6895400497881172,0.7739879971555523,0.0007839968187580822,0.0007097765164294837,0.02666146065185299,0.02900499356418353,0.012751295771196965,0.015685923368980573,0.8054787376683766,136890.27942253923
1765843200.180386,0,BTCUSDT,19301,21463,1.494288837689453,0.9913422886340848,0.6763201783845446,0.7998894736949935,0.00045901804278177595,0.000707897244293309,0.025029998676854192,0.02084506542877166,0.013201970217862609,0.0158641128013056,0.8226016507375413,158298.66351803552
1765846800.180386,1,BTCUSDT,25195,23599,1.6305619406167609,0.8515493729081689,0.7238924994960388,0.8298581499576241,0.0005932560178082621,0.0003174964118033455,0.026334115886381328,0.028522019439357837,0.013710861587196733,0.01927234989973736,0.8609118129382328,197679.63852199313
1765850400.180386,2,BTCUSDT,20675,16090,1.4553760670623428,0.6270871780922725,0.711294348834368,0.8184019180443199,0.0004944164333289544,0.0006761032074751402,0.020984126424654755,0.029268157479549077,0.01005366297276788,0.017550439968208757,0.8493127989460161,145441.64236794697
1765854000.180386,3,BTCUSDT,21639,22618,1.594101290095021,0.7954275296612682,0.6833393738545743,0.8300139404821543,0.0006138380038730876,0.0006144014492029112,0.027792874226905625,0.028815242592430595,0.015439052117293373,0.019863358828178447,0.8610223054302295,179939.95835736088
1765857600.180386,4,BTCUSDT,19506,21291,1.3587463577179764,1.0114191963542578,0.6745559626114916,0.7765473959818446,0.0015796109523433877,0.00028073538567820845,0.045592706197072654,0.03845577254379304,0.016010699136793486,0.02732794464819921,0.8198730435602701,153249.24747612234
1765861200.180386,5,BTCUSDT,17338,13453,1.3316306573249677,0.7861026659943159,0.69354736505004,0.7467466359351049,0.00035543309910440307,0.0008283306965558894,0.016621695322415142,0.023453182373950252,0.0156514202220904,0.016295127006642,0.7744629406268009,113098.4496944136
1765864800.180386,6,BTCUSDT,15927,10516,1.4701914431338927,0.9070817748648239,0.6490799220645576,0.6487627344103565,0.0024659131894738608,0.008217548048572726,0.013561420070971476,0.023736057148247426,0.00859912662331327,0.002623909441972713,0.6795806241215498,86951.59451832477
1765868400.180386,7,BTCUSDT,18931,25465,1.606813971186314,1.3201677533693246,0.6379693325084805,0.7790988109379121,0.0004987141614502926,0.0012683585056782536,0.031033273826330938,0.0228460837055346,0.017014088229366855,0.018044060112833576,0.8044420589803398,167305.8318387607
1765872000.180386,8,BTCUSDT,16261,15028,1.1739122887920435,1.0576449785665056,0.6953692761442157,0.7049965657295758,0.0007906091000051715,0.0005698032296285154,0.033840302423156964,0.031214551891966223,0.008117959849360196,0.010840833966172983,0.7433831094755038,109191.21249320342
1765875600.180386,9,BTCUSDT,13071,13624,1.1068987107607515,1.0324449351370375,0.6621206915089455,0.7016517258547945,0.0008072332631388411,0.0017211841472139756,0.022838053634039387,0.017681690031244316,0.008414479144247915,0.0098205548041316,0.7221920051493045,91252.26034822741
1765879200.180386,10,BTCUSDT,30538,25003,1.247284267309164,1.1588493407309024,0.8079703861747939,0.7514046295823934,0.0009481403189254174,0.000767913785628403,0.03222609266570063,0.039377384930718254,0.028823472215107903,0.01855906375223795,0.8499253121881514,235595.5708338553
1765882800.180386,11,BTCUSDT,24863,22222,2.4875083238929983,2.1505063199433603,0.5951987775666113,0.5855401106846838,0.0004046562857275111,0.000634539958522505,0.02507677544964756,0.03786200588216575,0.025344700062024408,0.022824820166709718,0.6464662031743883,142574.0195541742
1765886400.180386,12,BTCUSDT,25975,27265,3.054746400094015,2.179669755415325,0.5474345008541294,0.5568718041814624,0.12960480963701662,0.0035077676258689944,0.02333892699077893,0.024089885739423902,0.012619923479979915,0.0012062934209687447,0.6022570690207519,155532.1348188595
1765890000.180386,13,BTCUSDT,59686,69080,2.851090798005767,3.2431155711593744,0.7548176095940995,0.7651703392471224,0.0015039979628118899,0.0004714421788410259,0.03751484071467094,0.035861320371198754,0.0346527312162727,0.033846652826340674,0.8321749997229947,552643.6724794665
1765893600.180386,14,BTCUSDT,83482,73427,3.375230714548812,2.5054202541768826,0.803472946593397,0.8123216597452645,0.0006375920032884126,0.0009711879833936933,0.04022609215469862,0.042081168822694935,0.03269081150302271,0.01721946548295359,0.8742483187980943,686370.4442605402
1765897200.180386,15,BTCUSDT,70795,68610,3.532621035335145,3.061874760109118,0.782964953213859,0.7832898795200162,0.0001327819862139003,0.0004827757724549802,0.026359739289985407,0.030901771306914797,0.03574490940796405,0.017579522276314444,0.8373307228891721,599791.2420959113
1765900800.180386,16,BTCUSDT,52301,57117,3.423755292920246,3.000056937541188,0.7196226032137207,0.7608081240082973,0.0006225957468471101,0.0004688318744506438,0.02820662181073603,0.021920174373574727,0.022266839233125373,0.014372151638324112,0.7906596217645584,448437.20319499285
1765904400.180386,17,BTCUSDT,34287,37612,3.034042488703493,2.885680338705713,0.6521880984134281,0.6885297020887344,0.0006924469898547209,0.0004969536385684066,0.018324053610507967,0.013585541368352102,0.021810476298494513,0.01536914795816865,0.7109454356846667,258648.04556990362
1765908000.180386,18,BTCUSDT,31286,29872,1.4427440404162306,1.4704553873726576,0.7753393974687124,0.7558363158449805,0.000806893311434033,0.0006121515420961897,0.041984245444268334,0.0357662092076005,0.02623629986538173,0.016533188217334686,0.8295441268477332,254306.43464516258
1765911600.180386,19,BTCUSDT,19460,26737,1.0196396115803767,1.5211799453239774,0.7705383693382464,0.7630382575973235,0.0010192115291348504,0.0003046169929808288,0.03242486368091649,0.017073591908186442,0.012540979230345629,0.00835815293709809,0.8072860410283259,186938.8595766269
1765915200.180386,20,BTCUSDT,18490,21308,1.0175484254604537,1.1901270759448932,0.7610622022105467,0.7648866088642741,0.0004240454359791717,0.00048672087478387034,0.02927731907597413,0.02991480110592498,0.008166547752117006,0.006860480036454686,0.8008223700604316,154216.03021560278
1765918800.180386,21,BTCUSDT,11660,10324,0.9546125363869865,0.7537004158226,0.6632575238193364,0.6885928468387923,0.0040792174678229145,0.003109492769148794,0.03550083884553843,0.041670089841168594,0.0014436559591064803,0.003668197815335279,0.7314093736832125,71044.90573927278
1765922400.180386,22,BTCUSDT,10739,10173,0.8930040265771704,0.7280645225969531,0.640956137557774,0.6966925036510413,0.0017850204121599405,0.000472631088946276,0.053109172651844304,0.03743113044280607,0.007338717030660528,0.006075620332905521,0.7355633299412381,66020.85548068387
1765926000.180386,23,BTCUSDT,10358,9554,0.9614698439782445,0.658063014846141,0.6096852343710687,0.7032613992862623,0.0011987947831995967,0.0004460131619384491,0.0549975210391145,0.034944055060048024,0.00999561838003793,0.005089968004939319,0.7390389033902621,59142.61964952455
1765929600.180386,0,BTCUSDT,13020,15451,1.2064215228418294,0.8421536832263455,0.6116901849904525,0.7761862725531239,0.0028903074989245887,0.0005821888491970672,0.042942312469354926,0.022021769516576594,0.0021218177426911657,0.00945092449723706,0.7985574409954205,101121.14954452279
1765933200.180386,1,BTCUSDT,14273,13551,0.9384874520841918,0.61722492374449,0.6985355304065195,0.7881032743511356,0.000576789428445816,0.0006234868664513981,0.05418135072692646,0.03137502271528672,0.014381214306973545,0.010762749193354957,0.8219387250453658,104430.0196540998
1765936800.180386,2,BTCUSDT,15648,17519,1.2212530238138004,1.004454371874719,0.6559170217323765,0.7517411866643698,0.0005622790828342037,0.0007554998393702135,0.04577008360365459,0.027565292728770525,0.016162575459991644,0.01444191617639364,0.7824535126790338,116585.62236411634
1765940400.180386,3,BTCUSDT,10706,12718,1.1248081512283221,1.1089639783497474,0.5525474656829623,0.6623855114482007,0.0004012616057487346,0.0008873105164327297,0.06148557921740701,0.014890195646708699,0.010128340625065646,0.005990899702205373,0.6784008780707671,67720.09406994752
1765944000.180386,4,BTCUSDT,13519,18994,1.232892289760878,1.3105959336230093,0.5937913259213005,0.7123611340527652,0.0005162434870473519,0.0005918212512647297,0.050887688269419334,0.02073811738410787,0.024004314103915902,0.017957669401486617,0.7379745526704131,106392.56763947364
1765947600.180386,5,BTCUSDT,24620,25166,1.3491838588801912,1.14044027097921,0.7364931189876978,0.8043917410540438,0.000633637222077613,0.0006265203563682836,0.04381706242436402,0.021041852624200497,0.010305526467455776,0.022405221567419368,0.8304577277280325,208009.86855207302
1765951200.180386,6,BTCUSDT,19297,15877,1.1292737141721418,0.9084114797906968,0.7426516600888661,0.736400387058088,0.0009940450142923952,0.0003413578723941418,0.03714808900441594,0.03877689950233714,0.013933595808048028,0.015694443578339625,0.7931319980765241,135451.48648303654
1765954800.180386,7,BTCUSDT,21033,17584,1.1932356609745038,1.2784067598205626,0.7507374088036041,0.6966449569589515,0.0008570236251596245,0.0008180531381926186,0.032014977149425736,0.023045839353664374,0.0157262909192144,0.0135402030885076,0.786325700597529,147995.3745857356
1765958400.180386,8,BTCUSDT,15246,18599,1.1515528627046423,0.9896272018767952,0.6757032138311161,0.7817647790986331,0.0003943795038648408,0.0006230768074838962,0.0393241631779392,0.019637221934971902,0.010938951419002583,0.01195855396229707,0.8030224529011405,128922.35078288674
1765962000.180386,9,BTCUSDT,16116,13907,1.0250735024199498,0.9185763054332425,0.7193805914484854,0.7289199121540422,0.0005194869353026721,0.0005087676060055252,0.03820787952569762,0.016306940283759522,0.015586145197326451,0.012229351458965004,0.7670075932100663,111160.00815306477
1765965600.180386,10,BTCUSDT,21221,17581,1.063383943258663,0.9862355403949907,0.7940707217781116,0.7691531588049806,0.0009005454079996497,0.0005030404347411036,0.029103462582149915,0.02185256563714923,0.004531756305609432,0.0032735867602286407,0.8237997788095791,155988.4979423259
1765969200.180386,11,BTCUSDT,15866,13670,1.013760958523384,0.9356885057845296,0.7344047512853433,0.6923837988376724,0.000697116227646047,0.00042774370972790043,0.027170234321152606,0.04180990191838349,0.015865827829716187,0.007966961115576193,0.7659529545395075,105903.97972454819
1765972800.180386,12,BTCUSDT,18966,18216,1.0803780239684353,1.038409348666694,0.7157693528526436,0.7516632780583825,0.0006341426437357521,0.0005605259761393939,0.06293701419187984,0.02457770536317962,0.017253912997670633,0.016419752863326264,0.7949454725587058,141431.03883780778
1765976400.180386,13,BTCUSDT,31869,27020,1.1123694221284206,1.1504079215269933,0.8385531645824795,0.7832721295601222,0.00034649151058190866,0.00036682109246899386,0.019693190813126617,0.03138499636806349,0.026427200568788518,0.01593452660371127,0.8666420121924261,263227.82084794313
1765980000.180386,14,BTCUSDT,80570,70489,1.2785886023298518,0.8906691586292987,0.8655994583925636,0.8639256600234441,0.0007617968048216703,0.0001821287606598312,0.027824343608641548,0.046711531041392994,0.056019903793180566,0.04424465462442842,0.9529883566084636,726668.7250781403
1765983600.180386,15,BTCUSDT,109534,132150,2.517380822613854,3.624343301582202,0.8528438796095732,0.8805852781809921,0.0004487786050864105,0.0006941701450433853,0.03631846884923762,0.037773752114139234,0.00851005983020556,0.017740319263264897,0.9232096782917956,1177700.947541776
1765987200.180386,16,BTCUSDT,93538,87862,2.141452770136986,1.4768782511939056,0.8475567933694365,0.8700439603199248,0.0001920613405932042,0.0013985712646953613,0.037753055915404655,0.03982393730272351,0.02869356633087691,0.03577688458769,0.9325833131665004,856998.9494546774
1765990800.180386,17,BTCUSDT,33926,37921,1.6056492015334003,1.2166200952504556,0.7849320615032513,0.8375334965757998,0.0005372144817913476,0.000679630415488309,0.02621838540363473,0.03195862658851529,0.018626749438782474,0.012611197026994161,0.8735724915507629,306341.66400787234
1765994400.180386,18,BTCUSDT,37663,40193,1.3389747182338123,1.0224763389574774,0.8027460523622864,0.8584890854219719,0.0005296172495745952,0.00036236637312909547,0.044288989035296274,0.03633750562664931,0.016358273976428448,0.024600641130030427,0.9024360635622227,347510.51659611333
1765998000.180386,19,BTCUSDT,46850,41188,1.6086849265491816,1.0809567618778853,0.822456740534999,0.849018248761962,0.0005660588775132623,0.0005454348522213204,0.029655069191626967,0.03347785509448413,0.018420989314468245,0.027236905571649973,0.8948413126732457,402018.01744828554
1766001600.180386,20,BTCUSDT,30742,29048,1.3521957888507978,0.8334474686166803,0.7951411571886091,0.8642599841707513,0.0012365331628280314,0.00024619804542165655,0.03299328594466255,0.021214811179524135,0.016125169139460216,0.015553483737557489,0.8899148649321862,269336.9162609388
1766005200.180386,21,BTCUSDT,15629,13693,1.3458526153209804,0.8112370421845381,0.6483925844806377,0.746689427601098,0.0005406284414798845,0.0006029111418879898,0.036445831113310234,0.030688761424353925,0.008074068750730625,0.006367101598720664,0.7780225535120235,99928.28021183544
1766008800.180386,22,BTCUSDT,18392,15303,1.2553158018836945,0.8243522861374909,0.717982418308262,0.7589412066253763,0.0007818071485119968,0.0006625860820483139,0.028084185542051256,0.02286229234090051,0.017798331688204015,0.00924297588381714,0.7863700271095037,134249.76640996875
1766012400.180386,23,BTCUSDT,10906,10971,0.9310496097170312,0.6075891440512998,0.6488670843213611,0.7701571156903709,0.0008825201608465234,0.0006123755271410558,0.03403017290257904,0.02200122070733906,0.008620306467494057,0.009487433449352631,0.7930298020830417,76811.33324184599
1766016000.180386,0,BTCUSDT,13581,12858,1.0886986196979025,0.7487690724727347,0.6603370478328939,0.760717379922961,0.00120203519357799,0.0003142763712478719,0.04209910629816023,0.022619149613595086,0.005308135246646629,0.008600769950441406,0.7840476848175378,92554.73635870927
1766019600.180386,1,BTCUSDT,16298,17198,1.2624615021996393,0.7898919891965047,0.6738644886662623,0.7907784347445898,0.0006693232722779255,0.0008379009936415244,0.031114311634103185,0.03168426836882354,0.011020407135932242,0.014761971854119404,0.8239949183377031,124910.30250044144
1766023200.180386,2,BTCUSDT,24583,22756,1.1532666672277478,0.7762276541125607,0.7869329557374585,0.8288029317663856,0.0013959672601195209,0.00040517217697094807,0.03303890998706133,0.023891237922302543,0.019005464187437437,0.013223178735096519,0.8596937788469575,205662.22269321154
1766026800.180386,3,BTCUSDT,15429,17699,0.9333627414646717,0.7703098727198474,0.7331210710018289,0.8053867587189378,0.0005540004611950794,0.0009365652772037845,0.03275666894108792,0.029394311824128067,0.01037213481857466,0.013924004933073449,0.8370620316451474,137004.01548403694
1766030400.180386,4,BTCUSDT,12828,12820,1.0207670699452895,0.9003305878024338,0.6669593448525062,0.6987167348572154,0.0020231776591257385,0.0007610554608305411,0.04350247471766388,0.038583774750680665,0.008153318836078434,0.003508716810907025,0.7388320890853289,88054.0717342249
1766034000.180386,5,BTCUSDT,11274,15737,0.9119351875844786,1.1953108320290893,0.6330620137885764,0.6878623687522183,0.000473553965696672,0.00033840341396324853,0.06160384927499398,0.03081864696497437,0.009790158835818399,0.009678890415915983,0.7223895621998554,86667.28634477557
1766037600.180386,6,BTCUSDT,11064,11051,0.9715189233982368,1.157716812011181,0.6339596890783651,0.5882329440107084,0.000250194533220689,0.0006025582979458953,0.04292719229189726,0.02018645228073246,0.013502406967048937,0.006659465808502296,0.6783157362106835,61462.450599186384
1766041200.180386,7,BTCUSDT,13492,15973,1.1909035581320682,1.4020254775545833,0.6383206195361527,0.6529557603849139,0.0005877429697130429,0.0005796318970185066,0.03433405150665696,0.016874184309860797,0.015302884439065393,0.007884575382465715,0.6829254724197293,92520.64295757726
1766044800.180386,8,BTCUSDT,17669,20863,1.1792708807319445,1.4749027167676176,0.7175616188153051,0.712972363776031,0.0030780391006047917,0.0013380825854424111,0.034426507832717786,0.019712547750438857,0.01038750862808073,0.0027429354991764594,0.7545064275629624,138713.9713758282
1766048400.180386,9,BTCUSDT,15813,17504,0.9819898209574527,1.3553528754460953,0.7398606567300132,0.6464899054395618,0.0013441335326742259,0.000371068428804393,0.030559819856687757,0.05509773440151403,0.022556394245358175,0.004309158752847675,0.7720089155719595,115826.13313992735
1766052000.180386,10,BTCUSDT,11579,14247,0.9354429463177616,1.3359993005560302,0.6689020055230936,0.6169223290335716,0.0005403888814616747,0.0004387793723138722,0.03254626695148186,0.03573572635792966,0.01090527307858031,0.006756695622081163,0.7030815771613003,79166.38834261136
1766055600.180386,11,BTCUSDT,9794,12430,0.8168221397068252,1.3405322004449587,0.6457073555159328,0.5750389822930861,0.001067052397335034,0.001076167058240508,0.03706789143650508,0.02672877005594674,0.010790306084796544,0.012836523821814157,0.684762925947061,62616.93663880373
1766059200.180386,12,BTCUSDT,13802,14707,1.0455112206412842,1.397370518066943,0.6760099774635419,0.6152037858836195,0.0006012571422902848,0.00046385033430654385,0.039939733047031196,0.030445942021204164,0.012681624083355337,0.010906575269242874,0.7180361785099623,89071.96258192214
1766062800.180386,13,BTCUSDT,76749,71040,1.4922219822264355,2.2136581371887427,0.8754781498380401,0.8123068428069571,0.0009499687836923633,0.0006376572053673268,0.02533893524210114,0.03745602571831673,0.03747336106598196,0.03596040032333093,0.9206535358924698,713760.7516892299
1766066400.180386,14,BTCUSDT,89499,100334,1.848287438487111,1.8856415285917494,0.8796954462302513,0.8629044825105605,0.0007327592892637852,0.00021276834017144606,0.019446183544801928,0.03996108170154916,0.03431439441761941,0.026615782091788377,0.9317238061830488,927198.544230127
1766070000.180386,15,BTCUSDT,68315,69927,1.5452251150577383,1.925035386867565,0.8853641101195053,0.8534782003756627,0.0009299978760503721,0.0007011592475379111,0.014691537360233643,0.020567552326097135,0.022983363190483302,0.013700183921792501,0.9097115291938878,688059.7191453159
1766073600.180386,16,BTCUSDT,42921,46053,1.3853341224299605,1.4326596386881953,0.8380324713173618,0.8484795587244295,0.0009261520432380714,0.0015005393294306715,0.027599931213562596,0.021226374005376008,0.015983249580076683,0.016183262802779392,0.88508097180314,417435.28081286006
1766077200.180386,17,BTCUSDT,99426,105602,2.181171110709614,1.5714949970103147,0.8300251578770002,0.8707033633965386,0.00048394805271356414,0.0005537861643794598,0.044039016247485074,0.03703464729522833,0.038472273607861575,0.04622103297227747,0.9367884767279031,985894.3321126507
1766080800.180386,18,BTCUSDT,46505,45966,1.580438298008136,1.0820971503825252,0.8344930054537986,0.8791400241982159,0.0018966179564513094,0.0006621542115013241,0.0328447233806756,0.027447956509193697,0.013246263358548609,0.00721007238807614,0.909420676595518,444819.8249483541
1766084400.180386,19,BTCUSDT,95410,76243,2.310626948036784,1.3352361265292443,0.835650874485831,0.89116799726091,0.0005381237862978014,0.0004055326868683766,0.04324472653218453,0.025165758704896256,0.01681325580034553,0.04180927886441816,0.9305219585508687,845369.9725485775
1766088000.180386,20,BTCUSDT,54080,51605,1.7603673741435644,1.1869796890358506,0.8316053213557275,0.8580913817022892,0.0004938822540772874,0.0006543795036448703,0.030879457466721362,0.03578885913127013,0.014182395840117407,0.01875292778187272,0.9012312798061292,492677.70835341257
1766091600.180386,21,BTCUSDT,42582,30502,1.2966066702437968,0.698299863106111,0.8428561210547943,0.8463369674575675,0.0006346945094662558,0.0004627908658065481,0.03179481586902684,0.033317243088320056,0.021419456092339407,0.020850681113728453,0.89897707161266,347713.485523621
1766095200.180386,22,BTCUSDT,19660,18665,1.0902399564604017,0.6790223029760708,0.7514642634326075,0.8293401347245148,0.0010889605524333364,0.0003043660001555837,0.03927952862056094,0.028741571040564632,0.010985298702775282,0.014255024165464973,0.8605982778844703,159313.80822404352
1766098800.180386,23,BTCUSDT,13871,13490,1.105343077858198,0.6469115077590242,0.6561267780501231,0.7878626299888417,0.0007218377997299406,0.0006222533580760714,0.038627676188213486,0.03323589362059129,0.005466073390680531,0.019508174693205718,0.8220768690265653,95970.40642815059
1766102400.180386,0,BTCUSDT,15437,13857,1.2723635115333978,0.7225027512112407,0.6495317150669715,0.7662871504689163,0.0006171538203958243,0.0005895839574664107,0.042302487732734734,0.03480528481501441,0.00981014286024055,0.012050411822026933,0.802285727870433,100988.60348699064
1766106000.180386,1,BTCUSDT,18294,18997,1.2992909560174324,0.8757952198705763,0.699267654935612,0.7963191348049308,0.000693781463795787,0.0007071846685667325,0.034439060477071126,0.029805440859340702,0.010055187192816267,0.00953370398019616,0.8273007087385188,144725.8111404678
1766109600.180386,2,BTCUSDT,25118,20402,1.3532540775470172,0.8532398411376928,0.7635835080689516,0.7958323454170521,0.0014011220289955495,0.0007048369667723434,0.02778291680120173,0.03036967071468197,0.015621567968634432,0.01494195060635563,0.8326532384730368,189729.93630299554
1766113200.180386,3,BTCUSDT,72995,62737,1.449700563729114,1.371207695152179,0.8779078894211471,0.8596491916233215,0.0005754107730111559,0.0005548404039771201,0.022855324267639556,0.03303467365988113,0.02033003186123261,0.03276887299381074,0.9234249616665103,668747.8367218499
1766116800.180386,4,BTCUSDT,30666,25539,1.0494927683165116,0.9916481535992056,0.8336640725107577,0.8068923449480774,0.0005779622935682349,0.0005040833078140772,0.02899868675742455,0.03093196944602751,0.018330205599837796,0.018813085892297708,0.873035846156916,249956.65851644153
1766120400.180386,5,BTCUSDT,23611,21196,1.0408761536050484,1.0445952303014692,0.7987921468811063,0.785898648508,0.00012801062445751908,0.001587129203706926,0.02939228883717788,0.02523136089737809,0.010068029284579191,0.01004108219912947,0.8334874456890848,192177.63190663804
1766124000.180386,6,BTCUSDT,21915,15784,1.064208787678174,1.187198624669461,0.7925531888273383,0.6687201039496165,0.0007969312107865011,0.000504405097652783,0.02523771875608084,0.034893018479383586,0.016892794245981467,0.010665537734737935,0.8194960187630975,145007.82499936927
1766127600.180386,7,BTCUSDT,46229,42395,1.2910857931439348,1.5791588898575746,0.8607036422727841,0.7997534247714462,0.001199470233649562,0.00036789954702598813,0.023929510376461058,0.03831613276701026,0.026948608361665388,0.022146212489799054,0.8956408737916489,416623.6455368007
1766131200.180386,8,BTCUSDT,19623,20174,1.142242135013819,1.1337385545694856,0.7471560009503955,0.754760852803369,0.0006783563029287385,0.0007410156610171907,0.0340682085110748,0.027255005713125363,0.015584761099403708,0.007622434960214833,0.7932893294432197,151473.79841110506
1766134800.180386,9,BTCUSDT,15008,14233,1.1340347056809958,0.9665475253151935,0.6894914387157995,0.7124539453601153,0.005390000467297249,0.002405265197389619,0.031836308177256335,0.02492079628501059,0.013714773343009226,0.003782364842409798,0.7428638229451048,99198.1158245761
1766138400.180386,10,BTCUSDT,19061,17599,1.2200286564719884,1.019101909611265,0.7274130510240334,0.7382537746015349,0.0012466487984699591,0.001470626104984337,0.03184489814678562,0.031083071890713073,0.01987381292790555,0.011188342717958355,0.7814076085059909,140937.8366999308
1766142000.180386,11,BTCUSDT,15266,15262,1.0133580934808093,1.053880688418811,0.7201010765151186,0.7042398139999182,0.0014177515980453922,0.0012066356283608522,0.03129992104095374,0.03382629482818964,0.012017439073341168,0.008430234776441633,0.7579217299315322,107125.46447053035
1766145600.180386,12,BTCUSDT,24469,26610,1.0370830718985895,1.312947680986504,0.8001615810648359,0.788871420957468,0.0006163524089339159,0.0005141436005300429,0.03267243815682123,0.021558867310631315,0.017137685781295185,0.013843747318016878,0.841135802989542,214946.89192100777
1766149200.180386,13,BTCUSDT,24360,19968,1.0647324661258302,1.111773216741389,0.7956093857653777,0.75111809899495,0.0007999860926432266,0.0005658362722346382,0.03483110005067559,0.025035994402028208,0.01655870634079854,0.013842598245600257,0.8347116920950548,183121.5777764531
1766152800.180386,14,BTCUSDT,59032,58131,1.0727469768017408,1.1014114721292665,0.8680649263694121,0.868914173517691,0.0005211985655144605,0.000631053722846096,0.04263336084550374,0.0354117787989813,0.029858234636539093,0.026121428449766327,0.9361979509053279,549804.6424010979
1766156400.180386,15,BTCUSDT,76216,81075,1.5121323244364473,1.4148905851789024,0.8752522815075477,0.8741104605221167,0.0007684114692984453,0.0004285686416831044,0.029765219101100054,0.0392443803615452,0.02611724194200978,0.019881263299830046,0.9329226598112375,769788.1622192868
1766160000.180386,16,BTCUSDT,40529,42333,1.2999799439024837,1.5490019347184183,0.8350710602487051,0.8333057656428666,0.00040800705607188097,0.00045147931319170295,0.03448796234288597,0.01915089034592431,0.014357951534433547,0.01562007077918197,0.8786269930440853,378113.4908914911
1766163600.180386,17,BTCUSDT,52708,56234,1.5547539220596454,1.187743685136384,0.8305751324155531,0.8668605501888693,0.0004353129726596831,0.0004027320148593836,0.034604471770227935,0.03163837941937261,0.023604290898905003,0.02161506763490824,0.9102442584188524,520823.5300351783
1766167200.180386,18,BTCUSDT,29725,25925,1.2002865695227445,0.9383517918946465,0.8054000664151191,0.8218580814721699,0.0005604583370675487,0.0004810589374894075,0.039310023828229665,0.03312091959651231,0.012561591141627282,0.01357187192965679,0.8643623239483036,236449.23942209393
1766170800.180386,19,BTCUSDT,32482,28107,1.3796642784389626,0.9415824781950497,0.8239130361319542,0.7957834097338292,0.0005106111967678026,0.0005448325350105054,0.020139419909451523,0.050778681747446666,0.026717119730088924,0.005681422922169444,0.8583878462174772,267592.9253838591
1766174400.180386,20,BTCUSDT,33614,30195,1.1069040048077599,1.1196475080485961,0.8478516904795507,0.8113674663145912,0.0006717376180867715,0.0005736610048591576,0.01962025360095813,0.03281104508225816,0.019001897983473993,0.018518920054458217,0.8784364303604175,291117.39435841766
1766178000.180386,21,BTCUSDT,13669,13981,0.9078362005213032,0.8186846004571264,0.7258123397876285,0.7448603292502299,0.0006802813722523844,0.0006173326476522144,0.02555758605860715,0.032189426091728805,0.011156619065240146,0.008781397049542717,0.7808265562261634,100324.07018932694
1766181600.180386,22,BTCUSDT,19343,12595,1.0451043194187533,0.6991682503197952,0.7712752907684126,0.7415880407334547,0.0046962496003684195,0.0003759336249911089,0.02979992824117251,0.03184869076640411,0.013733374382208006,0.004378471319054372,0.8039470924532796,125079.45976786054
1766185200.180386,23,BTCUSDT,6946,6656,0.6874820453456797,0.6691047583476504,0.5545293858980409,0.5933141223723368,0.004724451664536235,0.004054346673096447,0.07890795992293617,0.0294117519322912,0.009823488672783586,0.006936804687777516,0.6418141451436912,30765.18457401256
1766188800.180386,0,BTCUSDT,9979,8072,0.8517021661396814,0.5790326268142812,0.6275586137220568,0.7082340787675595,0.00047757190220281033,0.0005794843882609836,0.0525999087692089,0.019697314659296188,0.00997229586272128,0.015605971690661267,0.7312423415666223,55243.681691662496
1766192400.180386,1,BTCUSDT,7054,6269,0.7206293695997517,0.8712189631572319,0.5287486635472756,0.47209766558257693,0.0032958594750871675,0.004283658913667916,0.10003505053583027,0.02336207042157632,0.0010575932676905504,0.0004010451219810696,0.6289365094878853,24241.70802554863
1766196000.180386,2,BTCUSDT,9737,5882,0.802943393084434,0.7192380218579402,0.6435400794078747,0.5138853618936325,0.003179052828128102,0.003173913617657766,0.05541751566705812,0.02659014396744931,0.008736137514252937,0.00417430700832848,0.6995081452498714,42048.06381592482
1766199600.180386,3,BTCUSDT,5742,4565,0.7222637416367393,0.6405982415844599,0.4329202895208345,0.4689958381269746,0.003228479934124413,0.0035513215435109325,0.11011605828695732,0.021669887819848067,0.0003867077976271028,0.0013124077347936366,0.5433699697921823,14461.261207335901
1766203200.180386,4,BTCUSDT,6684,5773,0.8358402957468754,0.6429071549009638,0.4603476387108356,0.5434548044752977,0.007352997395458278,0.001257557086432578,0.08046430608631755,0.027848597105161937,0.017363902912393526,0.007823352740609649,0.577432522360009,23862.994500417866
1766206800.180386,5,BTCUSDT,10484,8478,0.8969146784444451,0.6685100336407366,0.6529056914914954,0.6575802747032701,0.0006294894716971055,0.0005671283239247206,0.022527307195293618,0.035013025829367064,0.017520567141866575,0.01905951538646337,0.7047458215151367,59563.23929443444
1766210400.180386,6,BTCUSDT,5390,5912,0.6321008286094286,0.6298260736152673,0.47088620014277394,0.5890817026574752,0.0035235580482485805,0.0015201972635445252,0.0904024803993681,0.015597620607655948,0.010014492378882689,0.01351166045867234,0.6089491519481742,23189.248951383866
1766214000.180386,7,BTCUSDT,5693,6734,0.6194025339912668,0.7332391413523269,0.5280592653217269,0.5928378557575147,0.008486274251428063,0.0031771961454363927,0.073959524940115,0.009277481223662275,0.0005210823098453615,0.0036525146212714864,0.6099105303552541,28245.632390375315
1766217600.180386,8,BTCUSDT,6501,8058,0.6934842929703968,0.9951531400618571,0.5530790836811424,0.5213404002369076,0.005331284459780619,0.0008085909074842176,0.058146043258062864,0.027629810554199486,0.0031038942575218743,0.0019585050210459546,0.6115978211637841,30781.86640341075
1766221200.180386,9,BTCUSDT,4944,6042,0.6164676203227378,0.8334632046728243,0.36904398531869115,0.46743245440353093,0.0051652432320377665,0.0005876991276345316,0.16617045629764163,0.022403232722782468,0.012219203683895782,0.011860593633203652,0.539566042986402,14781.548158446156
1766224800.180386,10,BTCUSDT,5141,8302,0.7437342903094238,1.1162040571104601,0.38256054595262967,0.48680688112978193,0.009443074241943744,0.0011480443142996431,0.08225982957860625,0.01679715472194864,0.00984765114580819,0.00749215513120671,0.5075085314052636,22228.53356502379
1766228400.180386,11,BTCUSDT,6984,6053,0.889018742185748,0.8628704517238757,0.4849898409240774,0.4544700298939208,0.004118132236263634,0.0034022564688648655,0.045152715368439414,0.01808170680595259,0.009333140880162715,0.0072414251083341395,0.5325296206314731,23395.0521884486
1766232000.180386,12,BTCUSDT,5394,6296,0.8488336929053363,0.9559343564222376,0.3208189097711147,0.38827813008055323,0.004282098676529476,0.004154760137994331,0.09991184630874711,0.05369805384884042,0.009552198565319216,0.007053083861216592,0.4477209590134149,10588.229715314374
1766235600.180386,13,BTCUSDT,13965,16777,0.9639157315338515,1.0843555983301936,0.7052031647678579,0.7102636793760874,0.0019410130022325229,0.0012405252185122917,0.023127311986891448,0.04540830154407182,0.008229943558577216,0.018256229009947413,0.7616274893789132,116186.70641132726
1766239200.180386,14,BTCUSDT,8564,10449,0.8037614447624335,1.1250503314259197,0.6249256306462567,0.5690619859788859,0.0007471095743854793,0.0009905436907573534,0.024323344003563556,0.03393484098490566,0.011280309982430355,0.01045106312973171,0.6520541232428327,52481.892399506716
1766242800.180386,15,BTCUSDT,7069,8685,0.8992887097210817,0.8881946776036735,0.4702543659212648,0.5840023320496581,0.0010341538934540671,0.0006388983347837634,0.0596363235932882,0.04173514674104176,0.007304335796118428,0.008296934384985067,0.6265086742283018,36033.73292275053
1766246400.180386,16,BTCUSDT,6057,5913,0.6907044198877214,0.9024134053129983,0.3048331462684803,0.39642326440364006,0.006195850299401714,0.001302105962500474,0.2825107898814386,0.046308083282583005,0.001623071942119496,0.0003325501470696621,0.5874322648852148,11016.29498491262
1766250000.180386,17,BTCUSDT,6740,7190,0.9610853180375782,0.9960965390371335,0.3718500927448662,0.42089139605681936,0.004657590573578731,0.004187021993746571,0.11064425978502779,0.06612888623942778,0.011482681522403594,0.00025562063181954603,0.4935223884831953,17277.049274561366
1766253600.180386,18,BTCUSDT,7377,5825,1.1411307355735034,0.8548030816007287,0.399878163554181,0.372101201830473,0.008000559778225017,0.0035453032467639978,0.04055055493294989,0.054967225759812485,0.026389823936103642,3.83899243036292e-05,0.44670499717808854,19783.279356593725
1766257200.180386,19,BTCUSDT,5406,6362,0.883766462461687,0.9953457446457165,0.2790938232906276,0.37671229289748126,0.0013365957255488752,0.006474105795537313,0.1061501956759323,0.05861535998480043,0.0008153822950336733,0.015693442011740544,0.4362626846979438,9114.144588113293
1766260800.180386,20,BTCUSDT,5522,4359,0.7453373663354017,0.7984204234905052,0.31116844578918734,0.24684701713228296,0.002450023382351086,0.004808195820652732,0.19941583622931125,0.07711697608370158,0.010845168758172355,6.635709049776788e-05,0.5109309108145728,4734.881148669296
1766264400.180386,21,BTCUSDT,7038,5701,0.9448973973260667,0.7987076767618247,0.4243898276802185,0.4242008784146667,0.004551905330522143,0.0011822110335441753,0.07957479323885978,0.05024803840224221,0.012170247680629992,0.013656614033102745,0.510792210731247,18330.040846943673
1766268000.180386,22,BTCUSDT,7546,5509,0.8981432030526875,0.7505514798744367,0.47968397103788574,0.4519556217517491,0.004285773423696078,0.002821773853115532,0.08821566078017846,0.044007689086938265,0.0054340385853517735,0.0016766313142231506,0.568502391764961,22166.680042557084
1766271600.180386,23,BTCUSDT,6813,6278,0.7511255889565329,0.9877038522538597,0.5103320698145482,0.3864956796091721,0.007154235202932802,0.001440862397103949,0.08549012508189237,0.03666003163559658,0.0021248102001267576,0.007173555992501221,0.5962838966071745,21244.894153912584
1766275200.180386,0,BTCUSDT,6810,5259,0.7486558188794692,0.8740036250196307,0.3904096856146857,0.35822528519330754,0.0010436547159552838,0.004222606232921874,0.20377974864357914,0.025919959375188987,0.013248557205857445,0.00912519720825259,0.5950937763452431,13755.087663412676
1766278800.180386,1,BTCUSDT,6438,8189,0.7551513844890277,0.6939572735111343,0.4376428234899594,0.6621921943236997,0.00291056093058207,0.0043172866521449865,0.11169430641038347,0.017249014266744415,0.0165036960072479,0.01695521148419437,0.6825416275097761,38549.19167185702
1766282400.180386,2,BTCUSDT,11449,10380,1.0353163807652708,0.7144834051603682,0.5769612583678755,0.7187254305101017,0.0004809788853956834,0.0016990486804814467,0.08613492613558994,0.025877653415252885,0.005212681340488742,0.010965131318110612,0.7454783406715402,65595.92941386938
1766286000.180386,3,BTCUSDT,7991,4580,0.8226887058003008,0.5076804744338693,0.540305975618776,0.5566269506101363,0.001554637764564887,0.0005672728327632792,0.08597559715844204,0.026930424916441972,0.009194421312700896,0.0012440394600836309,0.6267325243861291,26849.748593920747
1766289600.180386,4,BTCUSDT,5493,4015,0.601928080833381,0.4642248955503796,0.42562070119156503,0.5511449434160844,0.0037890958571149703,0.005555153153615147,0.1685832598269532,0.019829248032633567,0.00632876384939199,0.00870425053875957,0.5992977624364408,14558.83889984592
1766293200.180386,5,BTCUSDT,5318,3786,0.6231732150166693,0.5642882901386869,0.3992593947323125,0.43342938076320453,0.003453798719996758,0.0030202348514895058,0.16967519110166218,0.008904424105838193,0.011533449092461723,0.010322703311701108,0.5704949181044254,10457.846026954816
1766296800.180386,6,BTCUSDT,4956,4474,0.6634019629400133,0.6835376525876852,0.36937859625874125,0.41829973519109276,0.007633967568694798,0.006665614008972005,0.13265569019658208,0.016582382726558823,0.005653877772988729,0.011394651273521602,0.5054357013816942,9840.01586952536
1766300400.180386,7,BTCUSDT,5420,4283,0.7036282024973125,0.717139184033691,0.4044503016041107,0.3247490594239768,0.008105027548037064,0.0025091210019820213,0.12197871441870281,0.05309902471343046,0.006977263202792931,0.005919968289782478,0.5272797724912945,9083.695147362745
1766304000.180386,8,BTCUSDT,16367,11934,0.8629641898546324,0.9316642052843374,0.7572620665580694,0.6478542321955504,0.0013852542408310823,0.00102415668838795,0.04338154052678543,0.03229832069070999,0.02566548551036997,0.010939786159030924,0.8032722164793173,103527.29479523741
1766307600.180386,9,BTCUSDT,20519,15873,1.0308213019138903,0.9726776632315213,0.7763403859490756,0.7043608020138135,0.0007342347910543671,0.0004951249643930049,0.03029711351223288,0.04041338928775886,0.027105439048444247,0.017377360348419302,0.8138415423847278,140742.97659469943
1766311200.180386,10,BTCUSDT,11076,12993,0.8411463496646344,0.868431817947166,0.6739058632045344,0.7159277037725746,0.002762258527845812,0.003947004268385989,0.043990496808360285,0.03103667983193499,0.013838724370248696,0.0031666424082390596,0.7505778516806406,81561.88275391534
1766314800.180386,11,BTCUSDT,6655,6387,0.7848346153188227,0.7045539367869956,0.4906412203844069,0.5586413556192479,0.0005530047780340639,0.000699868192569896,0.07495370319288865,0.026513008752431868,0.016974656787577813,0.009655574354993486,0.5920224553436462,26489.73788033933
1766318400.180386,12,BTCUSDT,11319,12735,0.8535996288909656,0.8055228832838381,0.6688545265090025,0.7071273040622487,0.001502516520888273,0.0003384121700907216,0.04016046364216548,0.04842511624843629,0.01529435454185344,0.014000416631676746,0.7602529840925095,78639.2076668879
1766322000.180386,13,BTCUSDT,27045,37085,1.1332414322629938,0.9602825871246896,0.7685452560681452,0.854922314305704,0.000566181689545367,0.0004889121761115234,0.046491262420386856,0.034921539358721866,0.02721522591921009,0.02270147056849711,0.897643015906708,285350.21354036115
1766325600.180386,14,BTCUSDT,19324,18541,0.9274874062492795,0.8162214731408539,0.7768850508384877,0.7899109480454217,0.0013515034628196147,0.0001555620746827739,0.03354408790879732,0.03749224804060098,0.017472787702309544,0.014421712081182536,0.8375289723836279,154902.06651280037
1766329200.180386,15,BTCUSDT,12027,13421,0.7857003397804468,0.7634602787573975,0.7293121870874001,0.7627476493903208,0.0004022724034436329,0.0003380906552892491,0.02436375254857065,0.020022686243112358,0.012152789046149672,0.009727376575684954,0.7866077379626405,96066.57089768891
1766332800.180386,16,BTCUSDT,11711,10939,0.929828658610039,0.8658585416556015,0.6696194868978377,0.6811910741650538,0.0011906030201353126,0.0006523101357241622,0.04018145680430288,0.023975083321577637,0.007699300942069367,0.0059290977936618935,0.7154759466834323,74081.13099753884
1766336400.180386,17,BTCUSDT,9348,10613,0.8644005898137666,0.7830470456896261,0.6286183318695029,0.6884703959500003,0.0009153861592722819,0.0005231205580896049,0.03280811629770918,0.0273170467772748,0.016675868555677806,0.0035297300031013794,0.7170687471985968,64971.79887703597
1766340000.180386,18,BTCUSDT,10441,11595,0.7898991179819449,0.7432941732644706,0.6844743405821114,0.7337521715247078,0.0006854947396082915,0.0004290704808752965,0.032851052691517564,0.025653531811936584,0.010650245686038458,0.007202195430261498,0.7613697690751957,78712.49441251147
1766343600.180386,19,BTCUSDT,9799,9361,0.7504804885650235,0.6910597159913976,0.6755985016782786,0.6957823292177541,0.002667794691753731,0.0003312171136847647,0.03713744704407862,0.024640366386942766,0.013421847581513071,0.011542297567664743,0.7309254757650184,64039.33019953941
1766347200.180386,20,BTCUSDT,5160,5769,0.6688208688297624,0.6005089335385413,0.41817969063855054,0.5978122878592459,0.003800176299939606,0.003390876005074968,0.10954632703581961,0.02128293545075559,0.002921143189202762,0.0016390382993644497,0.6194637484604869,20762.477817542655
1766350800.180386,21,BTCUSDT,6034,6393,0.7338423436827944,0.6514932887206271,0.47823180568652385,0.5789606442498966,0.0019234949601380541,0.004410697472441839,0.0736547773471384,0.04984058712175982,0.002771531820221539,0.0019468113718443764,0.6291873681262128,25683.860833521685
1766354400.180386,22,BTCUSDT,10214,7126,0.8656080370849542,0.6149572592859784,0.6455215540683159,0.6320660554746709,0.0021681606449880588,0.0032907571378392488,0.04542592032948489,0.03863118969679536,0.012781228874180801,0.0028423654753614324,0.6947580831186888,50402.51248521343
1766358000.180386,23,BTCUSDT,15059,13414,0.7509260389748125,0.5769678108097647,0.7603481128420956,0.7835309013479136,0.000744564627248469,0.00033123555350637976,0.04478634142573578,0.03140576502616753,0.025103247391163635,0.01667258868639746,0.8315653650829863,112454.07064227518
1766361600.180386,0,BTCUSDT,41397,41548,1.2245644950219197,0.8365072880910872,0.8273108035411795,0.8566083496905047,0.0010319972454895993,0.0001222278290756345,0.047978516325771874,0.04729819284956595,0.022337281859777923,0.024161290856108904,0.9173868621687853,386120.54415219254
1766365200.180386,1,BTCUSDT,24114,23588,1.0005715082248638,0.7198730749052085,0.802152790041379,0.8455630415386528,0.0004472514183827557,0.00026810019724299755,0.03604142441162734,0.025158305044112,0.01063378512027993,0.014472805785413826,0.8751422698505595,215124.9873378671
1766368800.180386,2,BTCUSDT,26122,29407,0.8675983853733364,0.7194473942063212,0.7995364212045147,0.8622524943449456,0.0005644481107750798,0.00045055998363350495,0.04828815517889805,0.03059224540006784,0.021169390181236196,0.025651229598270823,0.9031065339821632,255902.44501633084
1766372400.180386,3,BTCUSDT,17244,15018,0.8762294536270597,0.943413760808206,0.7774185554120965,0.753906979195223,0.0006610139111556327,0.0005153206843939043,0.027938349947708444,0.010220984747052644,0.010669041723436747,0.010059951719578498,0.8080828465430892,131041.97537264785
1766376000.180386,4,BTCUSDT,15065,14148,0.9752527066638259,1.0959573071447282,0.7259426540828532,0.6977652542101993,0.0022868518452185136,0.0005594746682831762,0.037322386394669435,0.014112037459239977,0.006941108502142043,0.003223705431605875,0.7639356538902273,104393.38213204106
1766379600.180386,5,BTCUSDT,10520,11029,0.8523706211360559,1.0349025139628802,0.649965504034464,0.6330974014810615,0.0006165833154603855,0.0005878094854670959,0.04350406329298733,0.015447787312064778,0.012658691449523477,0.013614173639349945,0.6973338889355156,64468.99341044658
1766383200.180386,6,BTCUSDT,11067,10726,0.8848364648375391,0.7893213599505309,0.6592591673580812,0.6920730716244808,0.0005524121251011577,0.000835827988718527,0.048472539233821166,0.02667716939587443,0.01588006783358157,0.00397830558809782,0.723703295668756,68673.52651456196
1766386800.180386,7,BTCUSDT,18162,13893,1.763323368995997,1.7718002413983778,0.5861224139431961,0.5148851079219959,0.001969065260089845,0.0005324780753336749,0.04687885620393865,0.008243570002217806,0.014144905224088282,0.014729446715926228,0.635195761147915,85411.6615869601
1766390400.180386,8,BTCUSDT,31890,27465,1.489051402122139,1.3115476603831293,0.7865525673171833,0.7594687681215408,0.001069594431641411,0.000829999358212492,0.030464275949127404,0.027991106982873395,0.03804706388969296,0.013622921870237791,0.8302339583603987,251296.73187863742
1766394000.180386,9,BTCUSDT,16717,16329,0.973232751587015,1.1401594011075702,0.7407821510572006,0.6994065040006968,0.0005812026051230407,0.0007180246842039758,0.040846239135484574,0.023502831490046804,0.021601287181783915,0.0076192894494236775,0.7846250713941982,119228.1282546547
1766397600.180386,10,BTCUSDT,11557,13625,0.8705027109138828,0.9743566560238245,0.6703085184477459,0.6994597435596845,0.006607082151359518,0.0007827749821793765,0.049009893317696535,0.030941666102696084,0.005530055804496264,0.006052402254526858,0.735521416220664,84281.94069304627
1766401200.180386,11,BTCUSDT,19525,21154,1.044654224328908,1.0881608125076574,0.7501575857775502,0.7369121024359943,0.0017753775385445703,0.0001683183515738799,0.03427451754605693,0.045167137852196095,0.03315880934038015,0.020258428568710015,0.8099947029281656,158245.66974527534
1766404800.180386,12,BTCUSDT,28546,26642,1.2313534277973122,1.2752215401037983,0.8029689200853423,0.7565153040928067,0.0018008913910080413,0.00037426711374882905,0.024234610970139413,0.03419376037166668,0.029122523947702945,0.019754962439502234,0.8398662645807943,233782.27680217216
1766408400.180386,13,BTCUSDT,18440,25074,1.0626074960227352,1.2673844719587744,0.7440056213160056,0.7889556193718468,0.004112919116350566,0.00023197744944667922,0.029875469320227464,0.020403620221130094,0.010881243046034814,0.014309277139813087,0.8147006480537706,174525.11890164908
1766412000.180386,14,BTCUSDT,43656,47902,1.218791151377821,1.389121329926832,0.8526322523652168,0.8456574485724531,0.0006062348678798783,0.0006201285285580002,0.027168855108058318,0.029106056057603927,0.02153539037525297,0.018489237618804416,0.8980056451761944,425518.3201468631
1766415600.180386,15,BTCUSDT,50813,57336,1.211218566586998,1.5453558007277042,0.8563369810491931,0.8598867441688895,0.0002909690513861608,0.0003658380389951502,0.029054940616194305,0.019925257572328436,0.01816135111162692,0.02643579828104914,0.9050148207547519,507651.5444465602
1766419200.180386,16,BTCUSDT,26463,30507,1.3037072524591764,1.2618369162364407,0.7881611785352676,0.8088312982419643,0.00031240565048582555,0.0006286061590219952,0.022930665067265984,0.027545759968152034,0.015436734646693267,0.01248918610260062,0.8428767984675679,242890.6704155592
1766422800.180386,17,BTCUSDT,22545,27187,1.0618300258481592,1.1470839092009575,0.7800619809829022,0.817479749215919,0.00045547937953076,0.0004554638944174136,0.027587828278218648,0.017989969141139622,0.014949989266219738,0.01746004265465116,0.8432273342760566,215602.63526748226
1766426400.180386,18,BTCUSDT,15565,16658,0.7303089261761451,0.7988563017686929,0.791866248286596,0.7815413586030542,0.00046513741714559277,0.0005148812932106635,0.025827988134801173,0.031604120241647896,0.013489920586968433,0.015733136611014612,0.8306486077845963,129749.1924772147
1766430000.180386,19,BTCUSDT,30304,36634,1.457445559615556,1.0939230109262224,0.7538851525684804,0.856289665668679,0.0003621067634307695,0.0009032720998005587,0.030773269321593293,0.024903892625875168,0.01466352214584709,0.03291766164654738,0.8861982994095926,294504.83786288614
1766433600.180386,20,BTCUSDT,30539,23070,1.2696729255021135,0.8498181893940241,0.8112556095036484,0.8123998411125919,0.0004724711402814715,0.0005365712514484902,0.02157232161917663,0.03993433961698086,0.013684112758128463,0.021550843160659878,0.8627752575359221,227120.09738911228
1766437200.180386,21,BTCUSDT,12841,12256,0.8554654565587384,0.6641800556030361,0.6931148908497782,0.7748153495964076,0.0009040028716149596,0.0006563721795207554,0.05025692859686291,0.01975338107141682,0.01235070483316201,0.017257737322188695,0.7988488161006632,88108.94217608927
1766440800.180386,22,BTCUSDT,18512,15170,0.9771013190152383,0.640840098584423,0.7775263935551243,0.7960050963355887,0.0033654286209420705,0.0008105397119699457,0.023916807556710253,0.03213980957009496,0.010572149513950666,0.021424692454197057,0.836888182715132,137516.45902549903
1766444400.180386,23,BTCUSDT,10857,11303,0.9893066101645831,0.6014929502966311,0.6135724392686135,0.7522622610235727,0.012749163013678,0.005228067378593639,0.03658149514644145,0.028448383657530534,0.017339768023540186,0.015978142102343735,0.7854275452694918,68865.69242220506
1766448000.180386,0,BTCUSDT,13526,11397,1.045893300312989,0.5967241156818998,0.6686920166843343,0.7652666427153446,0.000575399813213555,0.0006844065100065005,0.04288509415202673,0.023999893489121696,0.015347737721551966,0.01078221804262577,0.7915496285106837,85375.53940973764
1766451600.180386,1,BTCUSDT,11707,11795,0.9167942737625847,0.7262435315107606,0.6387844627478433,0.7553330537532648,0.0009753072258776002,0.0012594687678667636,0.06384488725340211,0.013063468158805668,0.005585136259512919,0.015994515337014254,0.770074822665935,76594.8055793576
1766455200.180386,2,BTCUSDT,15440,19126,0.9538502599679335,0.6232917808490371,0.7113514165803427,0.8460817524937105,0.0009999159952076518,0.0019044344255953894,0.043553338862939286,0.02143787719622342,0.01603848947788372,0.016326053149882377,0.8702134291187383,143363.7828568499
1766458800.180386,3,BTCUSDT,18000,16661,1.0152894930786212,0.7109970110892252,0.7295218230131739,0.8024342099051194,0.0006687103082023738,0.0005485515262597777,0.04699318507589965,0.03150306183544622,0.012675915067158145,0.024559250105902118,0.8392758579385483,136033.58041117943
1766462400.180386,4,BTCUSDT,11238,10756,0.8684626231806536,0.7091046244493239,0.6320049939710727,0.7166960512199796,0.00063607145389126,0.0006005982361547924,0.07685544138533586,0.03523785272925981,0.008873682421711916,0.014514423862066469,0.7550461263068649,68720.79449333966
1766466000.180386,5,BTCUSDT,16050,17052,1.154663961676894,0.7621346609852937,0.6567988606936817,0.8001139143929431,0.0004192485634369048,0.0005602260641265136,0.06086340066911943,0.024520791436881007,0.015852043868806807,0.017627108285113366,0.8273330669317086,124744.11475293999
1766469600.180386,6,BTCUSDT,30209,32991,1.51475930892602,1.1926687429129716,0.7433111396817167,0.8147397681581035,0.0004278284109861207,0.0004782428295587025,0.041296929861409884,0.019432554797272975,0.037026215091119884,0.031966006568395475,0.8521607717939246,266525.74889940256
1766473200.180386,7,BTCUSDT,17258,13302,1.679429201324872,1.1605716484105495,0.6140276802197445,0.6489208856053672,0.0012567950618006573,0.0003847333657837614,0.027458650675693263,0.016628099856905016,0.013753331459122234,0.010492941209356085,0.6710683877314114,91277.60445292245
1766476800.180386,8,BTCUSDT,14830,12818,2.0107021863088117,1.5605686937549148,0.4661323607508503,0.5245624369109405,0.0006972624183770763,0.00030255801233407574,0.02155658660751574,0.011030270553958332,0.022125903174363127,0.028515050914396035,0.5467321599398743,59994.49136250734
1766480400.180386,9,BTCUSDT,15427,12788,1.6327366321690464,1.1531207915799062,0.5702521824055152,0.6318284628911899,0.0006301146538978331,0.0006258717725197314,0.03258325143465702,0.0239430082812659,0.015336654457155475,0.01749909181310338,0.660766972983672,80140.1041269649
1766484000.180386,10,BTCUSDT,11025,10007,1.560233974737114,1.3168563026716587,0.44306339836029246,0.48703051415395504,0.005699776011629997,0.0008838326646723607,0.0360592618676199,0.026225329558593857,0.005749929606829209,0.011460116431482155,0.5169883658220077,40980.27551414696
1766487600.180386,11,BTCUSDT,16198,13195,1.824829669543267,1.5811631718804922,0.5667201675496862,0.5196666512034364,0.0006661679542664384,0.0006587030394609242,0.014912780921094741,0.02748709180971812,0.01664740603671266,0.015430261732275935,0.5883883740657898,77260.21558375025
1766491200.180386,12,BTCUSDT,16800,16552,1.7270861438651846,1.7152729035179493,0.5609063662881589,0.5787770884593584,0.0005194104805296552,0.0006354081040029797,0.03417131007786692,0.03311770445273846,0.015548655818210718,0.0336856540759106,0.6284297098336102,93058.74307261335
1766494800.180386,13,BTCUSDT,24383,26138,1.9259960238279061,1.9857361784397343,0.6316381542927682,0.6755030105485308,0.0007557094383386291,0.00032418510473709183,0.04925346742072242,0.029160136217092045,0.022006032262690003,0.031438361440403066,0.722175381298088,169845.1193045716
1766498400.180386,14,BTCUSDT,47221,57930,1.8205856366512152,1.9398995748372643,0.775320545715539,0.8266133785514657,0.0005068526949521718,0.000580627942241738,0.04583337732870562,0.027178897994211488,0.0333653220501751,0.03458020167653098,0.8756475584663269,474416.63845689874
1766502000.180386,15,BTCUSDT,42911,42341,2.0771739774886857,1.8312091267636008,0.7802508387549466,0.7849447924265802,0.0006251233358482512,0.0006266757414324929,0.028971397713354205,0.0339663810159599,0.030296098908748504,0.013543461202956766,0.835552207709988,362051.4616643913
1766505600.180386,16,BTCUSDT,40895,42654,2.0136236745245557,1.9439156618223596,0.7800610218713352,0.7821809846831121,0.0008202191848334407,0.00047855684275731835,0.022449977843445032,0.027834923088517864,0.027625332305334264,0.01899269893879769,0.830095187212424,366350.5728021271
1766509200.180386,17,BTCUSDT,26465,33450,1.534843210616101,1.5205975995152472,0.750397410405734,0.7908783254597587,0.0005122733450476856,0.00037679502248899084,0.020256978940828205,0.03256053655238474,0.01704920497105117,0.015494333645155265,0.828275948768314,253555.19756141826
1766512800.180386,18,BTCUSDT,30824,24460,1.1579613784460654,1.3002083309884256,0.8197070644636958,0.7665226191871938,0.0004671198500293606,0.00040280306884612983,0.01959743476793663,0.024337387719933042,0.014774692569655837,0.01585089559817023,0.8439691538265311,241929.91292058188
1766516400.180386,19,BTCUSDT,18524,18390,1.0398038734576796,1.0512762347547724,0.7558903531327964,0.7466852567615605,0.0005752892635486344,0.0004928321427082825,0.02893057172457012,0.03178025865953993,0.016273731028765594,0.013660453530087853,0.7974092216862176,141687.38214067408
1766520000.180386,20,BTCUSDT,30985,24538,0.9094353492994776,0.8745320797627614,0.8573841932692043,0.8194296461933989,0.000839317996242192,0.0004174643199449796,0.027881311443048402,0.041928115313712454,0.011983134607041762,0.014395465133043224,0.8915553479758346,255763.6053975976
1766523600.180386,21,BTCUSDT,16736,14220,0.7900581116490681,0.8068639060369928,0.7903620361386213,0.7632861383789888,0.0005845777038900159,0.0005141382780100514,0.03288573373656888,0.021270274779455697,0.0084785550556075,0.01029254622017474,0.8256322016739857,126356.3667849844
1766527200.180386,22,BTCUSDT,21928,20189,1.08704529663603,0.8027824209673643,0.7899135315338586,0.8036111842640494,0.0006851896703900757,0.0005479372222304632,0.02085102491361474,0.02121500730643749,0.015753790124830663,0.011561681103717235,0.8335593254987329,184502.6631092947
1766530800.180386,23,BTCUSDT,17322,16003,0.8513338561424063,0.7300988472431723,0.78487490066508,0.780138572342634,0.0003956196429256481,0.0010571236501268995,0.029712324259672913,0.03206873082657041,0.019974359240788116,0.008922450006943427,0.8277045947397956,138480.1296665
1766534400.180386,0,BTCUSDT,15287,11889,0.942482923237836,0.6901242080744644,0.7424224553510373,0.750097056316645,0.0006138395706020469,0.0004624062576857564,0.02917882737720658,0.026650752604287894,0.010013456389004598,0.007495775133586408,0.7837241862318651,104781.41843150125
1766538000.180386,1,BTCUSDT,15739,12941,0.9147630851660145,0.7327398088851699,0.7554090286631948,0.7508274983057787,0.00106196496573758,0.0006576812663039002,0.030584014884352365,0.027928383154553208,0.011483790148041316,0.007966025271363425,0.7933874112082523,111418.7546315728
1766541600.180386,2,BTCUSDT,18348,20161,1.0397220387060617,0.898728194813314,0.746761062444317,0.7992538367947911,0.0007794265126331654,0.0008982321873398551,0.030719273591461232,0.030317063981600143,0.007865882221425306,0.01363305708324329,0.8318802338292764,161606.98969939028
1766545200.180386,3,BTCUSDT,16048,12995,1.2363564023373983,1.1559610572843912,0.687468673728486,0.618234941308149,0.00042752779749205566,0.0008728489206788121,0.021008386852468627,0.04278602231695764,0.014595247688192025,0.017859950366128825,0.7138082433811427,93004.065342891
1766548800.180386,4,BTCUSDT,13800,9952,1.1845031567240991,0.9266156955052801,0.6507555511640709,0.6104961548921664,0.0007340801832533966,0.0004175521356662073,0.03151932525131834,0.045177305686955466,0.005988157065464357,0.0132909892454214,0.6853772443862782,69556.74055185291
1766552400.180386,5,BTCUSDT,16110,13974,1.4083622675273333,1.2383296747532575,0.6131192934725935,0.6137482799725495,0.0008454984092580878,0.0004633335561369486,0.04272011221116989,0.045485748997179436,0.01771103372479449,0.03275815500463506,0.6824235911125882,90403.51926823346
1766556000.180386,6,BTCUSDT,14636,11657,1.6261722415464086,1.4063332569827813,0.5721685829455254,0.5080200876010207,0.000812634585185082,0.00055208857219254,0.015929247471780737,0.03570253215867165,0.016421629916633606,0.013108059411792298,0.5928863707308418,65890.72752333718
1766559600.180386,7,BTCUSDT,13849,10375,1.8934828153107872,1.528480421435502,0.43259757480477345,0.40334232967186145,0.0007648543417888612,0.0006413440280621366,0.06162699609137417,0.04679381349708378,0.014075247208243574,0.017394115413391305,0.49963204941164846,41452.53346778483
1766563200.180386,8,BTCUSDT,13672,13165,1.5826911512730721,1.50474077933067,0.5279019424858304,0.5442170180233242,0.0005633089300464573,0.0008193903441183584,0.035242050907571126,0.025744181082645742,0.0165740184809855,0.021110619892186974,0.5862361004849259,65287.655386012324
1766566800.180386,9,BTCUSDT,10320,10414,1.5394916514841692,1.3487464878473252,0.40956666282240434,0.4795523736729905,0.000579006856457417,0.00047638313162943276,0.032898724180905496,0.024822481162442064,0.025455550986950546,0.020201990116179534,0.5121053617256764,37373.831052160676
1766570400.180386,10,BTCUSDT,13387,10863,1.5697345470428115,1.5392820529515767,0.5370189513120431,0.41718862263932605,0.0006464954090254968,0.0005266104876621138,0.029671433491711738,0.05290489807307249,0.015040192405878235,0.012829611554407268,0.568812716572516,50496.30635956117
1766574000.180386,11,BTCUSDT,11936,12730,1.5131033053252618,1.8037908569950893,0.509470513552918,0.4488481278270992,0.0011195145638522308,0.00041437057302108686,0.027500301937259202,0.027341141194647364,0.012631385084502863,0.006589236138759096,0.5385159936406275,53180.714322196814
1766577600.180386,12,BTCUSDT,13543,11945,1.7002707750706683,1.7759838945638313,0.484469940307312,0.39629287136530844,0.0004909268288660069,0.00042660424031264535,0.0513294599374594,0.03575435105679837,0.027876718391584846,0.013240878673039582,0.5394106333726131,48841.992896348165
1766581200.180386,13,BTCUSDT,12825,14242,1.5610840075423478,1.6038985185477082,0.49541137927518103,0.5621934218975576,0.0009095246711090684,0.0003260980419568303,0.041434993537505356,0.018333690560319086,0.014722723800204044,0.019728753531394194,0.5868026487533076,66251.16041115932
1766584800.180386,14,BTCUSDT,38532,37890,1.794834971369632,1.8472979178256783,0.760666015036955,0.7788207198972499,0.0005502067450891185,0.0005987487793828205,0.04330260194109816,0.024958510226638295,0.017753498514392393,0.02965381940534363,0.8274056693051797,318312.394024054
1766588400.180386,15,BTCUSDT,35562,33591,1.8679803955990404,1.6610754263335132,0.771727528559207,0.7825729543184897,0.0005803008141776733,0.0005116430427430172,0.023705378749860687,0.021583871753447184,0.016062314198751523,0.01808661041055978,0.8179208221627384,287655.1762614726
1766592000.180386,16,BTCUSDT,33742,30623,1.8574546809195212,1.5922055089068352,0.7498637562845353,0.7533113584384544,0.0004434902146568607,0.000560443119810095,0.04177745374361213,0.03470424634055499,0.02335307271832951,0.016492882728836592,0.8100545487837253,260319.30849597373
1766595600.180386,17,BTCUSDT,21311,20190,1.4188985511595784,1.328703623621241,0.7234354185514923,0.7221137252705858,0.0007930179434671879,0.0005086088348238217,0.026957598269053862,0.02682597778727861,0.0125110301928485,0.009362180324163354,0.7611489330105072,152990.8161663005
1766599200.180386,18,BTCUSDT,11325,11634,0.8604212287011357,0.9322720164458314,0.6878030230914974,0.664114921750699,0.0005351639988850545,0.000601106368190227,0.028247962553601593,0.03154749620913092,0.013905797522720677,0.01049755357813844,0.7221108933938823,73715.36009976327
1766602800.180386,19,BTCUSDT,6775,7607,0.7592549244836109,0.9415157460473819,0.5393345261441255,0.5168230850788256,0.005641176402022647,0.0007301993996027159,0.04120481909653271,0.020401021121344027,0.013520821866166896,0.01430233342338799,0.5863972822512987,32240.878631428117
1766606400.180386,20,BTCUSDT,6502,7695,0.8007169698585808,0.96377484493142,0.4970324971929408,0.51759985992406,0.0033626823829801156,0.0031083394138911235,0.054826015252571296,0.016789576490689666,0.01507667221990234,0.0016983013425640712,0.5559662292048613,29081.312088274193
1766610000.180386,21,BTCUSDT,6980,6743,0.7437325053770678,0.867966974790414,0.5798851751886314,0.48482163636724573,0.0035231780442825595,0.0003966744311285823,0.04191253248455452,0.018425665581406184,0.021905190530282226,0.000958078341858606,0.6220875854135827,30420.070844756236
1766613600.180386,22,BTCUSDT,10928,9533,0.7773632056608196,0.8969077077420822,0.7058622595338561,0.595154577162319,0.006316618755186005,0.000220272965920967,0.03451407016579271,0.027551452611059086,0.02935755293375572,0.0019706158231089193,0.7410368351576939,63686.56403166731
1766617200.180386,23,BTCUSDT,7744,10793,0.7376468842489944,0.8051974106112224,0.5764291145564596,0.6878318569648678,0.0008856609448448292,0.0007512141450254813,0.04888605369478086,0.023515365006271438,0.02337696084159917,0.022164732617278835,0.7173860574184878,55596.76574621727
1766620800.180386,0,BTCUSDT,9211,10016,0.8565871505931022,0.6869003896198649,0.6118327248172638,0.7105123802424947,0.0006071151925123088,0.0008376965800995561,0.04212621738906788,0.031107160811243047,0.012676492371564983,0.008238727281452963,0.7429740045511076,59368.436990942006
1766624400.180386,1,BTCUSDT,6743,6151,0.7721814895470015,0.636016168509789,0.5321013335877154,0.5942027563139916,0.0019984420212226057,0.002595559470947292,0.03953716853169044,0.021365014131929053,0.006470392140641394,0.01578578862749069,0.6188640496201279,30115.701104522614
1766628000.180386,2,BTCUSDT,8554,7099,0.9599902622202909,0.8285752691694513,0.5577054592721622,0.5222647555005452,0.004533952635167619,0.003151674446510986,0.03243842906165476,0.02800813161708799,0.021635411203119487,0.0040846102628689695,0.5944322014612298,35694.72958722603
1766631600.180386,3,BTCUSDT,6607,6540,1.0367276413624307,0.9208005910165269,0.38112561218847385,0.45520231140852935,0.0008770122927346857,0.0007624918186530222,0.03928602176618032,0.024663332023883176,0.011636714052595502,0.014777821926187798,0.48297401663058254,18039.086321348033
1766635200.180386,4,BTCUSDT,7744,7063,1.2583203423618055,1.1700348288228497,0.33312022037279543,0.3661187215557012,0.003746827689630446,0.004122958115367657,0.07826570172373312,0.02893380096758496,0.005963185406763893,0.00016214034538585928,0.41362611173845687,15582.47823337216
1766638800.180386,5,BTCUSDT,7484,8148,1.3165895963282603,1.425963551352292,0.324536992850848,0.3211326632628846,0.0006278196508266503,0.0011971818911859315,0.03655135834040872,0.03778909043218393,0.011612759386370105,0.0038645485786695075,0.3679506202679864,15380.976770866533
1766642400.180386,6,BTCUSDT,8233,6967,1.455701614841451,1.312379491883891,0.27007827248331717,0.21620315020316683,0.00029924184667810567,0.00047626247624977733,0.09043093303946126,0.08249178655414087,0.01949426292758794,0.002871474315266586,0.3615632100421274,8473.06662334329
1766646000.180386,7,BTCUSDT,8518,10635,1.593219868283913,2.0325903464481825,0.20944359241623542,0.19601784622161003,0.0013352014047180753,0.00022524833181922379,0.10328668297014365,0.05709768520742059,0.07159369577621356,0.01099598446434218,0.32423672140011034,11062.417733181155
1766649600.180386,8,BTCUSDT,16013,17204,2.0240293703263865,1.948124415262771,0.48931244977473204,0.5564988488338668,0.0005608714959845236,0.00038224589794209375,0.03518377816602175,0.026180476353471246,0.010883206380202261,0.017870391639371673,0.5860716619031521,83685.24470178208
1766653200.180386,9,BTCUSDT,10197,9956,1.6794607051910875,1.6751621760918742,0.35559016423970496,0.34571919142150054,0.0005661128798116548,0.0005096718677076446,0.04200347948765788,0.02063952362603138,0.02325882082011221,0.012942342351278944,0.40573325284581596,26220.063617707812
1766656800.180386,10,BTCUSDT,11718,11300,1.7784224538298974,1.4714927675097926,0.4065970838868771,0.48576140513932553,0.0005763061366426672,0.0006085081450948594,0.027144308703640273,0.026986527976786915,0.016929504738713796,0.019809170868917956,0.5170389134895419,42338.921905547715
1766660400.180386,11,BTCUSDT,9687,8629,1.430196562772799,1.3975547915550741,0.4144196827472608,0.38130464687748605,0.0008821106860857853,0.00029454169763413167,0.04799905075525375,0.025732378976973353,0.008875543581955109,0.005325368950204667,0.46339180353099807,27551.90982583925
1766664000.180386,12,BTCUSDT,9701,9026,1.6510901426497882,1.5616138837374727,0.33915638380305346,0.3056768758100518,0.0006958232616923365,0.00048048641595652955,0.04010232382288897,0.054603363431641315,0.013465932006779554,0.007905272887500427,0.38421947815869095,19058.009039358934
1766667600.180386,13,BTCUSDT,12302,12975,1.8502915648069571,1.7703973985627781,0.42279378677412927,0.454045198783006,0.0009929035281686428,0.0005997080003219892,0.01462168028258816,0.03440088270266705,0.0194125617744324,0.018665295988350688,0.49524396465367704,46902.28186796703
1766671200.180386,14,BTCUSDT,11014,11516,1.6244420294583157,1.65069723958494,0.42279147104150006,0.4145423926039919,0.0003452332271692146,0.0010559402738386614,0.02796310986115056,0.04794256818433052,0.022833530852734804,0.014780983787975606,0.47665675613883074,37900.22041481122
1766674800.180386,15,BTCUSDT,34618,31749,1.820504548819183,1.9825593648217181,0.7730639455649286,0.6965749445188782,0.0003651452763546369,0.0004594334982284733,0.018341953172273124,0.03746253225734466,0.036722077216828644,0.02042320439004002,0.8026874605777153,271034.6424920979
1766678400.180386,16,BTCUSDT,15368,20900,1.474090010121065,1.8846048294613607,0.58448056838563,0.6290357404607115,0.0005490248924757204,0.000577499394545274,0.04170501373546303,0.030645068545940166,0.021060398936257104,0.019736026469699054,0.6697556888462863,110730.10813711528
1766682000.180386,17,BTCUSDT,10559,10154,1.0892603486509804,1.0472881743503777,0.5803930923271472,0.5749223296892536,0.0006650886927227494,0.000549225579430666,0.034353937043767935,0.0387169713099731,0.014766573512957792,0.012128433958091513,0.6281911695099034,54682.99664411905
1766685600.180386,18,BTCUSDT,7195,8204,0.8653974426022949,1.0161405153064236,0.5117878950100083,0.49375834795811746,0.004261680705617553,0.0013772040997100782,0.0514592101519799,0.048508705087141474,0.009570724443295488,0.0018866341140340544,0.5652145017591403,30091.625980027064
1766689200.180386,19,BTCUSDT,5045,6056,0.8328251846326487,0.8304749652649545,0.35293831651448854,0.45254975922816937,0.004238787807700186,0.00047821963071731176,0.051777713300080706,0.04354059495018198,0.008245178719390324,0.00039825650316645825,0.49620994572286636,13999.120268779387
1766692800.180386,20,BTCUSDT,10074,12354,1.029524241643613,0.8760958752447026,0.5599173533426183,0.7065260016330468,0.00044988030795746806,0.0011458983935197186,0.04927627587492978,0.026189541293375782,0.01487453299890367,0.017640398198279207,0.735003823109234,72661.31127367768
1766696400.180386,21,BTCUSDT,7037,5735,0.9614271641799504,0.7155189658980075,0.4659828678716067,0.5043912441459228,0.0009994584521494144,0.0008976475991309371,0.0343752909840522,0.03508552304772493,0.00864955974027336,0.008431371408910527,0.541656420076483,23818.314295031265
1766700000.180386,22,BTCUSDT,17180,18642,0.876557109380458,0.7410291522301269,0.7528081168122785,0.7938822237940887,0.0012393936768288194,0.0012531476785759793,0.04363159629273274,0.051005056119831804,0.01403078993356851,0.020709847518017414,0.8510307593382456,148415.88515916752
1766703600.180386,23,BTCUSDT,25007,24309,1.1228492741061495,0.716865515258781,0.7757960498372127,0.8420149500322196,0.0010707253418516596,0.0009962478705270582,0.03138446025686619,0.03281103491787768,0.015242786838644273,0.03216626432983565,0.8820516898048412,217395.17952020987
1766707200.180386,0,BTCUSDT,19651,16645,1.167461631875509,0.6784212678501239,0.739657886878415,0.7968832035185625,0.0005064783900664316,0.0005114248508525752,0.02786120456392548,0.03435931873589595,0.01621314200875334,0.023283766618384414,0.8369709049767573,146488.74405099463
1766710800.180386,1,BTCUSDT,12738,9434,0.8693609927365857,0.6800453503722086,0.7021994298987728,0.700961729681875,0.0004891444322687903,0.00048781699162595764,0.04085341426134356,0.028682225430668742,0.008207304344290439,0.013546753930738882,0.7492712671006301,76767.47805496924
1766714400.180386,2,BTCUSDT,98668,62872,1.779984177255748,1.7156386309209308,0.8852161623393294,0.7961046155948948,0.0007311887221945028,0.0006020537061612606,0.028450943751258898,0.059342990516440625,0.02787447629183394,0.027529600272755375,0.9252034163586302,779187.9361551956
1766718000.180386,3,BTCUSDT,23944,29760,2.003404002473715,2.0085443106729204,0.6667463431340992,0.7060164866308664,0.00047910410955277294,0.00045061138946358,0.01689382840988858,0.03613967348672219,0.01807266704994275,0.014051697972603524,0.7464402849387951,189165.91462051665
1766721600.180386,4,BTCUSDT,15657,17252,1.3211576732465826,1.4561372429183013,0.6487366938770123,0.6162093097264737,0.0005520165502418263,0.00048551086859709836,0.023548726108499694,0.052919552900529854,0.029413162733656628,0.02074405531787854,0.6959784436171107,103040.2380142757
1766725200.180386,5,BTCUSDT,9967,11357,1.022780502414328,1.4836877515829543,0.5791405742859119,0.4782680177985508,0.00073425296809881,0.0005773273510050417,0.035451336135496885,0.03166165912100383,0.019392027714355067,0.013267829056615329,0.6171898140909425,48738.33836122041
1766728800.180386,6,BTCUSDT,13320,12086,1.2256723949070145,1.3312374542737584,0.6144294812184401,0.5303688269877731,0.0005906748893638905,0.0005766024631844522,0.0410137327784959,0.04497986104043421,0.02630131721032086,0.01525196555824312,0.6604453128140488,66879.97543131134
1766732400.180386,7,BTCUSDT,27638,29580,1.6826132613685867,2.1618436053544205,0.7035631125937164,0.6880854432763293,0.0006170618906854963,0.0005931736424062437,0.042484372623245684,0.025831265930145262,0.025616705993604556,0.03113966264120094,0.7630058546165528,218254.9590910228
1766736000.180386,8,BTCUSDT,28466,26837,3.5025894155294943,3.704514085352894,0.4836796971337478,0.4227756478264236,0.00044576673887063,0.0005670191389162413,0.030189189177612954,0.049375155866098024,0.02614692274590963,0.04714850349366852,0.534289182221916,127069.64296971672
1766739600.180386,9,BTCUSDT,16110,14772,2.349764056560341,2.7030091346764946,0.41549913584051723,0.3088802927727418,0.0010958613280078128,0.0010333117049482685,0.048583273878476003,0.008030443716327947,0.018323674022454845,0.011851943922668124,0.46576343850630586,50193.73214150667
1766743200.180386,10,BTCUSDT,17090,15785,2.7850143954597684,2.591292467964792,0.3512116705230373,0.34349030647361495,0.00046391958896997926,0.0005329403298688089,0.03530054321749223,0.03548176035903529,0.027236046872964707,0.028402495548670505,0.4113030236280606,52417.572472674234
1766746800.180386,11,BTCUSDT,13283,14381,2.3712153879111417,2.327349576532643,0.2954617931593902,0.36437701128905053,0.0005024357406213461,0.0005986519752860563,0.05013222655461156,0.030913858496118763,0.023872324642759384,0.010259514689826874,0.40014277197697423,37276.69855902718
1766750400.180386,12,BTCUSDT,13523,12008,1.8841933448557309,1.9063954165977592,0.44424456074799296,0.3922328587126415,0.0006121822892097539,0.0007138322870783601,0.037758834033309104,0.010051911410263983,0.025302421080593756,0.01651986022383871,0.4872591474013438,44436.88252623385
1766754000.180386,13,BTCUSDT,18145,14092,2.244391043616873,2.160849688910786,0.5171502692937017,0.3848689186120852,0.0013195479397253732,0.0006007620415610769,0.021175957478732188,0.0309780186552862,0.023799630633491706,0.020697378650519266,0.5425486770729796,70448.99992624646
1766757600.180386,14,BTCUSDT,50561,55337,2.193993738378338,2.332361352715532,0.7434210790178983,0.7991636951119269,0.00028602918680740525,0.00044780768053230633,0.048671703805804295,0.025320996823915025,0.025283913640747415,0.04346636156628328,0.8455069015062161,461390.1713420883
1766761200.180386,15,BTCUSDT,78960,75077,2.9858755027202837,2.587325613647534,0.7700317938704518,0.835168078145584,0.0007287284179605501,0.0017944912688480253,0.03702678019641424,0.005715102700815181,0.038014067512669336,0.05584286369758076,0.8741610984901481,690287.5550813942
1766764800.180386,16,BTCUSDT,30687,32255,2.364663764185937,1.9364550337105966,0.6533649889407559,0.7234162626971071,0.0004884334621079769,0.0004890553408778779,0.03254102973631039,0.02497714187181756,0.03690144727577908,0.03482312825117291,0.7650713839853062,224228.95034757457
1766768400.180386,17,BTCUSDT,24516,21077,2.0095155305726973,1.4630320467199318,0.6626014310248274,0.7043837451484487,0.0005706480407855531,0.0005387568458782516,0.02641581369787619,0.021200278279458213,0.019087619027321638,0.019039307613867767,0.7341176649707107,159231.69254757703
1766772000.180386,18,BTCUSDT,15237,15804,1.55059110810431,1.442509320941203,0.5999576337554429,0.6421694632146346,0.004437372748665939,0.000977476811756797,0.031305414159655,0.022305682236380027,0.001306651762428836,0.001117263484184658,0.6648335623477355,92790.86091369009
1766775600.180386,19,BTCUSDT,12252,10819,1.2636178315522988,1.1341651866953355,0.5976841749307615,0.5788806078271219,0.002059251846042504,0.0008842943084477517,0.021356039206528607,0.03404983797068405,0.006631620705484716,0.007997097936550264,0.6252869086170001,61608.29239442143
1766779200.180386,20,BTCUSDT,13745,12284,1.1649382128046615,1.057419596828332,0.6689568464106892,0.6545086404045383,0.0013022776159188868,0.0003600062926876254,0.0188742448474923,0.025988093560684617,0.006643435075713715,0.0066280039234668095,0.6924689063316848,84651.02958700489
1766782800.180386,21,BTCUSDT,7661,8876,0.975078936860446,0.8604102632646988,0.48093383632201503,0.6116735906899902,0.0018913722016145548,0.0005192808135971999,0.052308211067318554,0.03489828985139796,0.003514106807309922,0.007555200883783049,0.6469557081398934,37263.412597725066
1766786400.180386,22,BTCUSDT,9850,10390,0.9487705734565851,0.7994616132108346,0.6116436620358698,0.7012106353062112,0.000615736666319759,0.0005677112534254835,0.03162858741859165,0.01683499137102523,0.0072114548884289155,0.007798483638734168,0.7189113666858744,64132.33049818948
1766790000.180386,23,BTCUSDT,7417,8494,1.0277693881588705,0.8713152892694989,0.41363850954816717,0.59922595173089,0.00044142477856907704,0.0008444910462098286,0.07000731360526921,0.028284190186768084,0.002892814560700872,0.014694710291648079,0.6278693856881692,32389.87082948609
1766793600.180386,0,BTCUSDT,6841,7409,0.8861380060754416,0.8007848836935694,0.39072488321994714,0.5156679345499615,0.00032561263710390454,0.0009348758357493631,0.12405955041501286,0.07031457462938685,0.02729967242794324,0.016937755209277743,0.592348075751618,24199.588364646996
1766797200.180386,1,BTCUSDT,5438,4971,0.759237655266589,0.6760966381303917,0.3844273770655977,0.45374087213397907,0.005517263840069704,0.0027464752299650452,0.10535870222621982,0.043768464941385636,0.007883650811134417,0.0069595561025630505,0.5056885501469632,12988.605461468214
1766800800.180386,2,BTCUSDT,5396,6199,0.8797576410751424,0.989726398154619,0.29189688920933204,0.3951700100939001,0.006420735659058694,0.0030828665570291386,0.10629519624943021,0.019642633854215098,0.005733056617427802,0.010553883386780129,0.4218255160525558,11354.293492622446
1766804400.180386,3,BTCUSDT,6732,6175,1.0101928353134166,1.0699513026281522,0.28847869802511766,0.31440577414987975,0.0009617971652858091,0.00029402872211967265,0.15437903808840414,0.043132883183947535,0.016142407881218134,0.017927736446574062,0.446366422904767,8890.651647318471
1766808000.180386,4,BTCUSDT,5879,5407,1.1213507274887562,1.1009353361747576,0.14156286143221214,0.23977632565573248,0.004519344111366518,0.004655968554600651,0.15808454636513553,0.020224430173135605,0.0020682743475906504,0.010460082861067388,0.30201739234601027,1060.2604659427798
1766811600.180386,5,BTCUSDT,5985,5536,1.0704564133589491,1.1541794495574613,0.14541230946951744,0.16447770902805725,0.0020364494035683806,0.0053594419423485225,0.19697018782434975,0.02595222064952147,0.052788345145659325,0.009813630828187887,0.34767278901724646,-555.7144870365491
1766815200.180386,6,BTCUSDT,9704,7920,1.030324166429263,1.3754876024707747,0.16853437598183546,0.33900668317985583,0.0008773530515775749,0.000601630624917453,0.4397353573591437,0.02502330040803379,0.008383858188626496,0.010668699403398787,0.6086963424898931,14557.24861408328
1766818800.180386,7,BTCUSDT,11031,8046,1.5815635747900194,1.377384873318509,0.3339811727065111,0.34811170684977255,0.0006969578112975013,0.0008573051124480767,0.13821621959002248,0.015823508664410638,0.013445980331780568,0.01565539107254774,0.47431319511841175,23618.19947099688
1766822400.180386,8,BTCUSDT,9409,8044,1.7106346015397342,1.5205596538580601,0.2557837530845689,0.31082165963301694,0.0013176742064971289,0.0026891017600584447,0.08639357813677152,0.005278508482318674,0.0015791034274987986,0.0011497397889869518,0.3425970140160919,14475.78519512726
1766826000.180386,9,BTCUSDT,10567,8070,1.5953522980211035,1.4405295172532693,0.2941398354010006,0.3369671259857747,0.0007058274425440188,0.0010295213643120422,0.15185815348684353,0.005876844680414356,0.011117161310457042,0.013218873968704699,0.4476060010385424,19003.932265108146
1766829600.180386,10,BTCUSDT,12583,12003,1.933854432891348,1.6125229739759483,0.3765858967771778,0.4722545977379459,0.009130204586761894,0.004724110342826388,0.04886536282943681,0.03290790141052531,0.0008997832258705902,0.015852829555969176,0.507672630683651,43770.025500189375
1766833200.180386,11,BTCUSDT,11765,10309,1.9817415199176183,1.7433751493428153,0.32875683255603144,0.3262132332319693,0.0006792880100509874,0.0005298736133968593,0.048308123598565914,0.03085493749738677,0.029473421957086854,0.01848015761630102,0.3930121182630072,25082.315444939777
1766836800.180386,12,BTCUSDT,8703,9034,1.7095663376237105,1.6361098641005298,0.20492114995532215,0.302485266869369,0.006948371855584315,0.0013733353612716713,0.0725166922423939,0.03299232831183441,0.006340991299551308,0.013415271784867264,0.33868634575484574,12016.598317512793
1766840400.180386,13,BTCUSDT,9361,9467,1.618714892254429,1.5355549914191573,0.2994255062632895,0.34467093104716556,0.0005584145470914684,0.0005225615184586293,0.04911052239807798,0.03038210104501053,0.04084947705472099,0.0287687900912152,0.3990595405077422,21602.007172300426
1766844000.180386,14,BTCUSDT,10002,9236,1.7322308440041425,1.6488722155464366,0.26870929081109723,0.243686390550304,0.007576817829209596,0.00046711944998221436,0.08481849312248797,0.07261774598173491,0.031015726460150383,0.024302855953640682,0.3710038578479314,14365.999316539494
1766847600.180386,15,BTCUSDT,10578,10072,2.042837430981017,1.7965083092540195,0.20947151307027886,0.2432303660932782,0.000781729919355375,0.000474220724897554,0.07147276192207386,0.07397262686135495,0.03765111626013535,0.024204249828910916,0.3348106948460194,13581.324130898949
1766851200.180386,16,BTCUSDT,9336,9086,1.244045521197746,1.483416777180961,0.2370732486984603,0.33157906322821423,0.0005288888141078675,0.0004752816916802554,0.25086754926094595,0.05163036048442263,0.027717982144279587,0.03296156501997683,0.4962929128567122,16614.834653709535
1766854800.180386,17,BTCUSDT,7191,6706,1.2555766613354962,1.3805757660987494,0.22609734842831147,0.17290760012691023,0.0035410695996241372,0.0007035845501766999,0.13806405736038338,0.06574821890326633,0.015504020497026257,0.007051175093485993,0.3653273355896699,4214.476672153582
1766858400.180386,18,BTCUSDT,7159,7789,1.3313683992209318,1.2747526543788483,0.16571343164244465,0.21457754276887722,0.009315737079382668,0.0006850015588334801,0.12832985400017832,0.18225022664253182,0.006273395010411626,0.0334521686196115,0.4017678573296039,5390.894519479898
1766862000.180386,19,BTCUSDT,6205,6043,1.179476954207053,1.2221323526296006,0.22873226371745178,0.16023267317227716,0.004535517557176894,0.0003901771620310878,0.06985424544259716,0.059863591646307356,0.0464932815973528,0.01733281465761085,0.3087839051713185,2847.1615196344446
1766865600.180386,20,BTCUSDT,5794,5481,1.0081440312844512,1.0229992923900475,0.25447988337154226,0.2661290268669866,0.0004168729451578533,0.004950030612298862,0.11365744933108718,0.04449380078950188,0.016011989668399174,0.0011887785931468267,0.3698404351630904,5094.913519760131
1766869200.180386,21,BTCUSDT,5321,4692,1.0042269343442267,0.9182885909533773,0.24364180299978805,0.11210669374927404,0.004424052431893064,0.007159477809015718,0.0707796445295712,0.17836146923363927,2.215566845306415e-05,7.287248030180547e-05,0.3156960880084458,-0.9966527061633315
1766872800.180386,22,BTCUSDT,11789,13556,1.0826113982791081,1.1366011865040688,0.601513724296157,0.6356515715042221,0.0008916226428178097,0.0010457384445467922,0.05159467886868922,0.03876427234049202,0.027749401194848786,0.0158412875192418,0.6881990519176902,76038.05509215218
1766876400.180386,23,BTCUSDT,10069,9995,0.8794409153831642,0.9757634848543877,0.5974400645146224,0.5911517481153542,0.0007304369178726664,0.000550229899249562,0.0722195167750135,0.040221433402742444,0.019597826716782514,0.015230311485582446,0.6767318941288728,55167.846829864255
1766880000.180386,0,BTCUSDT,8130,10285,0.8890006473504718,0.9721131262878956,0.522228418100539,0.6111372814399835,0.0006035670301517586,0.0005362123508322436,0.06406014479133501,0.03505124611984623,0.01657151875234052,0.015093778455834478,0.6503772018293219,44674.56364760768
1766883600.180386,1,BTCUSDT,6577,7861,0.7885545398985759,0.9484866220725766,0.5077132216686139,0.5119337594100655,0.0006402922902966068,0.0005122007240872209,0.043432531547946324,0.04227270528443407,0.01233308027446255,0.01499461875262332,0.5669420731729821,27812.889288261133
1766887200.180386,2,BTCUSDT,4779,4895,0.7642850488961631,0.8362226963312067,0.3382046820319655,0.2952278050221939,0.005973216362856579,0.0033634367441355765,0.07158830472860798,0.06956611820708013,0.015004521068448544,0.010968843636124702,0.415699224554688,5129.335452018737
1766890800.180386,3,BTCUSDT,4781,6208,0.8219550757991247,1.0292111324554511,0.29646163394953695,0.3816880115570724,0.0004932634629533499,0.0016801978313529082,0.07918203803614736,0.0157497075636912,0.006788588822589553,0.002471480140084162,0.3987463101775131,10331.2427184052
1766894400.180386,4,BTCUSDT,6526,7186,0.9851224153908223,0.999853036871625,0.37284378786825995,0.44227194097813666,0.004795009600079115,0.0001826506159034704,0.06747334569125908,0.04234669403759563,0.011822315968192476,0.014179233517289544,0.48947365889665656,18819.386209552576
1766898000.180386,5,BTCUSDT,7355,7624,1.2127070883260274,1.012677606691154,0.3368378329172198,0.43726793697102473,0.006478503964071554,0.0015060482278774897,0.05306990226422231,0.05941771700104025,0.019094832443238466,0.01442479405468309,0.5003737107413879,18430.166176084596
1766901600.180386,6,BTCUSDT,7879,7014,1.4118807105884368,1.2211136986645497,0.24036999036023887,0.25615383180518736,0.0005537798632560175,0.00044646504560953167,0.10238008149660587,0.08824993715474908,0.02741403969237487,0.014758645564137527,0.3642151729599999,8129.298567872389
1766905200.180386,7,BTCUSDT,6316,7323,1.2234406491136982,1.2662486347046689,0.18266685390693932,0.3000009983834068,0.0009472293851213769,0.0034298793435113047,0.11125969320084186,0.04821959998199078,0.03287637347943432,0.0043371316230102035,0.3526911199986311,6146.723175950678
1766908800.180386,8,BTCUSDT,8899,8657,1.5122945453065133,1.5070534247378864,0.34165517687233987,0.3008679930955157,0.006968766601824201,0.0006299809610235073,0.04206653036716759,0.03834735205502303,0.02676063594107019,0.0029825599259936564,0.3863090759550318,18116.23940406149
1766912400.180386,9,BTCUSDT,8585,8963,1.5670276883070933,1.4378927779285213,0.30759021088839505,0.3443978567261159,0.0013252255405268914,0.0003518905414435608,0.03021033620161481,0.04852539799782032,0.029039223771625076,0.004608952888762103,0.39553244122540004,19006.245813754984
1766916000.180386,10,BTCUSDT,11831,10673,1.7153887538697248,1.697473341183322,0.38947710095761584,0.3741833033939273,0.0005130147920327978,0.0005915784773985042,0.08227471538306742,0.03613215277628586,0.011827827882415999,0.009146451743498787,0.473649308664032,34071.43784745794
1766919600.180386,11,BTCUSDT,10231,8049,1.2520966869528156,1.6002983155207167,0.24424222320797775,0.24261677838815265,0.002652485710554268,0.0006225194690234323,0.31266067564569533,0.03382314757119373,0.003666209912583436,0.003032633558844729,0.556985223525088,13308.9454844297
1766923200.180386,12,BTCUSDT,8391,9041,1.3778187502721266,1.2800073655530042,0.2414515286926743,0.2515626204158859,0.0007326000375787212,0.0009900085470886117,0.15922766181444556,0.21480159373444827,0.025346903601060535,0.005608249241320318,0.4688870790516448,11904.242830358338
1766926800.180386,13,BTCUSDT,9852,9803,1.7435023489542514,1.731838826473709,0.30104274928658026,0.3240837130480409,0.0026463506275556,0.0004935542145073365,0.05389678994509251,0.02683559991918213,0.009293849176346977,0.00867843968872077,0.3635856916089527,20338.101658611406
1766930400.180386,14,BTCUSDT,11877,10740,1.7688978944196248,1.6825610364255053,0.3922341499113161,0.3683920027314421,0.001959884903338024,0.0005425783172925042,0.056597519976629276,0.02509649729718119,0.035377153317236926,0.01366854256313134,0.4571644982431726,33882.535359735455
1766934000.180386,15,BTCUSDT,11110,13472,1.8896615040697604,1.711434359878474,0.3167335677062695,0.46044000848460237,0.0005040413250762619,0.000544234262948176,0.047124308114380155,0.06391405314861749,0.019924030079849928,0.017812694982326256,0.5266574864385638,39722.12278266299
1766937600.180386,16,BTCUSDT,11274,9015,1.0687166228590386,1.4537555068647015,0.2929416127265718,0.3430887509703392,0.0008796164120084113,0.0006210476712468299,0.34795683988738524,0.04071388415600877,0.02787350916959409,0.02201743597352306,0.6434058451960456,22604.46450505076
1766941200.180386,17,BTCUSDT,7636,7696,1.2643197644076203,1.2978548218906396,0.2682417031336918,0.3085101856056467,0.0022930760290196983,0.0012049263671035939,0.11084124558231405,0.05867581673412316,0.01903248908650859,0.021141784562733395,0.3957605793091818,11485.415672902387
1766944800.180386,18,BTCUSDT,16244,13992,1.294787866006477,1.383755479268108,0.555064783181936,0.5668159058002156,0.0005069448516138008,0.0005492630429187354,0.12793922871197766,0.05155448078993606,0.02111647863272081,0.0358440415542989,0.6934811733187269,82640.80354464347
1766948400.180386,19,BTCUSDT,11522,8717,1.0121258727252063,1.050736236672594,0.5180684659202405,0.5110286717924449,0.0005195293901966581,0.0004863801849761382,0.1423792855143421,0.027787527138552273,0.020103611584698,0.03080930652478176,0.6655408061542886,46116.476986253154
1766952000.180386,20,BTCUSDT,8801,7233,1.0041354719679252,0.9084258751880651,0.4900485357617401,0.4938643382527213,0.0007451133931673979,0.0005709902743342591,0.08043180065503594,0.027012198311599553,0.022313573810599903,0.021428247830420764,0.57918079148433,31527.61338584857
1766955600.180386,21,BTCUSDT,7831,6004,1.0198769494166926,0.8163857619049948,0.48102465953343376,0.4287255364169932,0.0014534403977022829,0.0007262934729251925,0.030396633410410993,0.043077759584924116,0.02942619373783237,0.024394122082658173,0.525789855271037,23409.79467611137
1766959200.180386,22,BTCUSDT,13781,8592,1.0793232408920526,0.8467971061372099,0.6815642238013525,0.5267673010314649,0.0008128210963159971,0.00029640108246002195,0.021489420828007613,0.057931482571531065,0.03585339636412441,0.02417622921281266,0.7102033357662084,68192.9822019881
1766962800.180386,23,BTCUSDT,15074,12555,0.981985039863472,0.8620170705344763,0.7030457998054209,0.6697652756912909,0.0008366636970083194,0.0004818423333852414,0.03458124789131667,0.044746072051792,0.03137146870096772,0.031430155014990906,0.7601486597427651,92264.41499194664
1766966400.180386,0,BTCUSDT,26907,21937,1.2973543852748457,1.0820125236647233,0.7699718132461841,0.7476533189685649,0.0005994342210462269,0.00031102412866777855,0.0324007991432233,0.02713698610321244,0.040014452368295615,0.033687295224004855,0.8282172986442201,199086.53299911862
1766970000.180386,1,BTCUSDT,22558,19138,1.1638869623570607,0.9215274093400827,0.7470257137314021,0.7617605043549536,0.0005147321090801383,0.00045581155540737003,0.036072680980040156,0.025031049235510444,0.03348928548284024,0.03402071133865073,0.8192341874202048,166920.00371080876
1766973600.180386,2,BTCUSDT,46850,44599,1.8287844296342306,1.8107461729058838,0.8155746926389346,0.767940329569512,0.0008026754784261069,0.0006089248471537813,0.02893443191119848,0.05723187130024422,0.03183631179186538,0.020601248658926655,0.8628720333047053,403603.17178133427
1766977200.180386,3,BTCUSDT,38202,32810,2.1373461699369365,1.5520312884257794,0.7636283212045198,0.7259680986958301,0.002302418654375149,0.001818970416730072,0.024718167063918408,0.047947234639264424,0.0386182282936452,0.014138100069660946,0.8076834663449872,289644.64177756803
1766980800.180386,4,BTCUSDT,22546,27554,1.7540001061437391,1.9864380895228293,0.6804193571348612,0.6760135111104527,0.0006993522094821344,0.0004963231663666749,0.02466739171299354,0.036147348586995295,0.033279415069454116,0.01264949354730618,0.7300525095038016,178622.29464153855
1766984400.180386,5,BTCUSDT,13572,19342,1.1767068245386834,1.724629660738307,0.6437514712586931,0.6384186523497174,0.0012770126942488233,0.0009558829601373793,0.01796720321245641,0.026191032265122823,0.016464230548732223,0.018763024615065765,0.6819239082374688,112375.57091435557
1766988000.180386,6,BTCUSDT,13562,16793,1.4056421737904423,1.8618057464923032,0.5721918464054082,0.5764152557974337,0.0033049974578607433,0.0005451808634386922,0.03746241555416516,0.014941461191008027,0.009821890772879748,0.011484362919118784,0.6160493150871916,82990.49646253618
1766991600.180386,7,BTCUSDT,20042,23402,2.07038697873056,2.135697277765613,0.5775729184274022,0.6093906375398325,0.0005716691419964219,0.00060266140119252,0.019783277798388354,0.025840671556265134,0.03638981102510803,0.023151013672899387,0.6514591054088054,131214.6336139536
1766995200.180386,8,BTCUSDT,19372,18231,2.174643445017812,1.4595804086322475,0.5457644657380604,0.6260669436916966,0.0009506417331809665,0.0017385685485257305,0.022599290239565473,0.03230553305972181,0.046339090713270234,0.030000463221666884,0.6727509655244897,109738.74654686986
1766998800.180386,9,BTCUSDT,43289,54913,1.9973560380258708,1.919994313093383,0.7258213131104554,0.8010562312982837,0.0005259874321827886,0.0004668468276312402,0.0619185759855796,0.04087014890411536,0.03906148160518773,0.04043963510101065,0.8633452778855542,425127.734610592
1767002400.180386,10,BTCUSDT,24524,21110,2.147700827738722,1.4262008717039187,0.6338619759602226,0.7192233161832857,0.00044288246024472294,0.0004874370181133719,0.025057339663006287,0.020762844215305096,0.014700007070859113,0.0295631989346885,0.745256796685124,160696.12532184832
1767006000.180386,11,BTCUSDT,16114,16003,2.0512425895087065,1.6253776999050242,0.49325792229736964,0.5971707142732608,0.001158817050285875,0.00034925224252044257,0.021214214210312134,0.0206370459240172,0.015520207468646846,0.02751385345633403,0.6221246980969797,83180.23126835447
1767009600.180386,12,BTCUSDT,44276,42196,2.4470094855954208,1.7316962794124773,0.7096996500514011,0.7930423967930164,0.0017410810435313227,0.0004337722434816748,0.04549953490357514,0.042718703813636766,0.027955999336389793,0.044752267541478624,0.8499268967603795,356513.3541908253
1767013200.180386,13,BTCUSDT,20046,19896,1.939775435973564,1.5507636839138905,0.621343141190779,0.6643204635404646,0.0004805431705679815,0.0005195786174520034,0.012903556821490417,0.04271188138503771,0.011214114065813453,0.017461832853086515,0.7098150756183645,130539.15111108453
1767016800.180386,14,BTCUSDT,42894,43478,1.9105302795994297,1.619809574719835,0.789466660201438,0.7972708712051824,0.0003792247037576874,0.00045710671888100825,0.02485574954110465,0.03988144763686604,0.028223790477752836,0.02528251217132978,0.8551742781464332,372482.50361491874
1767020400.180386,15,BTCUSDT,39111,34964,1.9368028638149957,1.7014600505927462,0.788720965182922,0.7813945456219501,0.0015098416212762367,0.0011255836875224507,0.018213143774690597,0.029388008166145684,0.011444441070618138,0.01547736978901756,0.82364961207328,311019.353334473
1767024000.180386,16,BTCUSDT,29671,20047,1.68009707142228,1.4060894083999624,0.5780867129428819,0.682429803535534,0.0005458299514702488,0.000613843740840299,0.20856906219670523,0.04446354038225373,0.011978223863769928,0.01586214409387189,0.7899292455426773,154234.74009743927
1767027600.180386,17,BTCUSDT,23210,16772,1.4730031856535837,1.2061957591103505,0.6047931027515433,0.6962017039131196,0.0008175501732822463,0.0006111679272576575,0.16413254245261658,0.02443722234764067,0.009922589942631368,0.0073194557749585295,0.770629487057712,127664.92530936196
1767031200.180386,18,BTCUSDT,19166,20099,1.1921467316938172,1.1219886845382094,0.5906128999615102,0.7626904443772408,0.0006400622500800694,0.0005997470373178973,0.17732649052163119,0.023569308597031127,0.01144751714589018,0.009712563009873712,0.7915411709096455,137735.42031899304
1767034800.180386,19,BTCUSDT,14416,14848,1.1802672148864,1.136829941146838,0.5999855325118937,0.6897770199918932,0.0006998226350098464,0.0006091258118695364,0.09134078772202196,0.02310119605510813,0.010808939680372397,0.012721704528712411,0.7185200149755442,90226.83163744754
1767038400.180386,20,BTCUSDT,17137,19738,1.0298572814908706,0.9978315544375849,0.6797057247809896,0.773391433665503,0.0007784117780985998,0.0008332594150320445,0.09456308424322193,0.03619542720453407,0.010702127683585633,0.007570619969877239,0.8121348205079592,138100.32489182532
1767042000.180386,21,BTCUSDT,9901,7899,0.7843803445143607,0.8897080257880957,0.40767517250470137,0.5089015845671677,0.0006462669891319719,0.0006808920578679463,0.2982358313829361,0.07555056523490793,0.007572877263196436,0.009758240047800456,0.7066133604880982,32283.955687825815
1767045600.180386,22,BTCUSDT,10780,9481,0.9956636709925061,0.9101053688209217,0.5457551370969819,0.5825754560164672,0.0005094871835018298,0.0004709948467936254,0.11680536561329723,0.058734578473708415,0.012203483164929552,0.006010984028979273,0.665910275045316,48927.191055632575
1767049200.180386,23,BTCUSDT,6765,7292,0.856392665965984,0.8044089408369895,0.37756204263300575,0.5012455374487785,0.0033682480939753773,0.0021952433146632303,0.1649173603783368,0.0979543178523672,0.00011601557334267595,5.9363222097684794e-05,0.5993380163146448,20410.912426158033
1767052800.180386,0,BTCUSDT,12034,9452,1.0389730953831675,0.8483704705405535,0.49761437231921724,0.6346226965570859,0.0006799431692453136,0.0005823646721696327,0.18046503991595625,0.028412447358010788,0.01141641524995978,0.012763322647397646,0.6853226673178792,53125.872450022056
1767056400.180386,1,BTCUSDT,10723,8519,1.0836639674480508,0.8511655579628675,0.4989165814078503,0.5828150541556327,0.0012175665093723032,0.0008546505464567931,0.13460076226954676,0.05012722411283743,0.004324131392337115,0.0028794520316506107,0.6377878745396253,42755.476567199294
1767060000.180386,2,BTCUSDT,19884,17394,1.2835031338983593,0.9964633635837469,0.45299182553905704,0.7423866240352994,0.00038491234814082406,0.0012689324097861715,0.3080080588701491,0.03536191493825917,0.012962563882293807,0.008018240667085914,0.7833058188966003,115527.3174271213
1767063600.180386,3,BTCUSDT,16567,16097,1.3804039703439792,1.0891080048004893,0.6451830322398387,0.7132166781901539,0.0005176631849332244,0.000886752359154038,0.04096430085933194,0.030136261883633816,0.01252311877523209,0.015181270526787182,0.7468072723025736,114121.2816761217
1767067200.180386,4,BTCUSDT,10789,9080,1.1199102034332566,0.987153174243896,0.40980471829304255,0.5605319907295798,0.0009236420901164553,0.0012111815589922954,0.21510985604964464,0.04263316731545199,0.0018405328442008422,0.00024961878653961453,0.6250986719621755,40410.828419279926
1767070800.180386,5,BTCUSDT,7834,7781,1.1968616798692178,0.9645260170047746,0.3893907403589716,0.4649632003822702,0.0010609277900000846,0.004041351764234443,0.04347606993009911,0.08459694241393505,0.0034848517021410052,0.013101352204797726,0.5502241570593668,23570.89752956343
1767074400.180386,6,BTCUSDT,9649,8703,1.1564475724151528,1.0335714786138284,0.45049027467306213,0.38994153173279256,0.002738485385156348,0.0004071979637006092,0.08127966054402587,0.15056873475466495,0.02564429898941736,0.04021322191073036,0.5703748633924098,30613.724270338746
1767078000.180386,7,BTCUSDT,11419,9628,1.5690634236952545,1.1771341535992732,0.4487510094835351,0.5121285566365014,0.005456447579727855,0.00023929871956786573,0.0460200408587281,0.03739173608338617,0.006604242267225346,0.013013674437421916,0.5522987789004231,42641.20584605028
1767081600.180386,8,BTCUSDT,26431,25884,1.3615249378179313,1.5384496445716829,0.7695428063349423,0.7124826990577993,0.0005939131882247325,0.0005594141634631572,0.0316377214860865,0.04090982803082062,0.033806656026281294,0.013287272496369549,0.8096478802747132,211303.67980603233
1767085200.180386,9,BTCUSDT,12331,13489,1.2995604770368205,1.4106387901381678,0.5567214368447108,0.5718330899945738,0.0007929201425351654,0.0003862818529578113,0.0516697713220057,0.03694925398206673,0.015107274589192005,0.011601916417442723,0.6223944889086177,67216.01790794582
1767088800.180386,10,BTCUSDT,11976,14542,1.3242026655132826,1.41110605452931,0.5587425413232943,0.586677853940281,0.0017632690025678334,0.0006389857083191953,0.022897719860150694,0.04916308073503473,0.017469219072433633,0.01594330333861376,0.6411959045539443,70889.49737583869
1767092400.180386,11,BTCUSDT,11251,13263,1.365415453213648,1.3837706449526146,0.476644161354363,0.5445041340669354,0.0011549066331230113,0.0005948622726105159,0.06966011321974831,0.05801871312645753,0.02437618006940352,0.013498405388021667,0.6083244502174584,53751.40136169758
1767096000.180386,12,BTCUSDT,12318,13675,1.4785734972469458,1.6813582893047239,0.4657834669513901,0.4496561762415462,0.0007221663168678387,0.0005217452820634864,0.08543324016950604,0.09481269762170708,0.012511110880016421,0.013240095347966484,0.5617531307184951,49526.52373310918
1767099600.180386,13,BTCUSDT,13783,16803,1.84696234408449,1.6756775438080174,0.47789156152435447,0.5520811609432328,0.0005661556474765413,0.0005214041436986479,0.03310794815327151,0.08794360218657207,0.012786523805679113,0.005627861479744125,0.6406580355827266,68720.22170729811
1767103200.180386,14,BTCUSDT,49606,45025,1.7983601020966524,1.896248452480943,0.8238726908397507,0.7618590413857766,0.0006055251264738085,0.0005889275101320471,0.030966390148620244,0.04454168025955591,0.03405141323230557,0.015196431045921792,0.8642894849556453,414830.36172627885
1767106800.180386,15,BTCUSDT,43744,49179,1.6699614781041732,1.9701258712906284,0.8097560210128257,0.7976291188089017,0.0005215738953964922,0.00045216206103753986,0.02108234245198564,0.028592931298078116,0.02499133606885396,0.021953768345989905,0.8525503664938197,413506.20125412126
1767110400.180386,16,BTCUSDT,36281,42013,1.5147969594729813,1.9042666146736231,0.801201060988148,0.787237548089966,0.0008251890310982515,0.0008283878622923486,0.02534227271311959,0.03125053284395578,0.019285799345795617,0.018630486192254568,0.8427037969801877,343696.2121574334
1767114000.180386,17,BTCUSDT,23560,24505,1.3738444832780035,1.3694189785798847,0.7344576444297322,0.7601385803454819,0.0006501651868193252,0.0005180650609238204,0.030264911850472916,0.02273306919629214,0.019274000798152793,0.025149399106355688,0.7981640931444279,195802.09203131942
1767117600.180386,18,BTCUSDT,14619,13861,1.1797889456713397,1.2146586192939295,0.6453531013062128,0.6448177879201622,0.0008091706702569435,0.0006907500041626375,0.045823999777098834,0.03249876149648457,0.0068681098056392305,0.017117056729945138,0.6978388909533361,87025.79531298477
1767121200.180386,19,BTCUSDT,16190,16527,1.244696566841505,1.2577448361598484,0.6686782584187557,0.6725526098090563,0.00048687145495702425,0.00047308721573836117,0.03470968928439544,0.040227370575851906,0.014150046916681395,0.018637577701560173,0.7254556021906188,107603.82413059725
1767124800.180386,20,BTCUSDT,11485,13388,0.9597995636834777,0.9395607468363165,0.6423730388714541,0.7003631818861237,0.0006703755098065734,0.0005930890936777114,0.042575877417149674,0.04039152012282882,0.006439034509328814,0.011766381257406491,0.7422871615725486,81605.23944900765
1767128400.180386,21,BTCUSDT,10366,7319,1.0258702458837037,0.7965971360517079,0.5918716139454142,0.5406030926060272,0.004749630683071693,0.0013825399674318873,0.047276717090327575,0.03198356366859107,0.02108182600007957,0.0011042200138422966,0.6400997995881591,43065.087896668396
1767132000.180386,22,BTCUSDT,9355,7983,1.047319439784928,0.857346456797232,0.5460227124652711,0.5733926386746124,0.005341964392364736,0.003153972414651314,0.034719570852007546,0.02074119739723747,0.010461465853724912,0.014970145839621713,0.6056385173783122,42541.550144872395
1767135600.180386,23,BTCUSDT,9610,8030,0.9538243038940641,0.7341602156776426,0.5775095161657238,0.6318019230964085,0.003957103996017283,0.001832991885840896,0.057855662069660564,0.021147807725618153,0.011266476418859845,0.008234847764558005,0.6593420746734452,47323.9580064471
1767139200.180386,0,BTCUSDT,10065,8263,0.9982255528016777,0.7237286031164327,0.5222428333525305,0.6495690459529543,0.0028584905178306026,0.000657848601837946,0.10921022650206114,0.02660965195152308,0.004931399009450091,0.015140635892237613,0.6787791343493176,44964.23010414761
1767142800.180386,1,BTCUSDT,15110,10374,1.1177040675587235,0.7849678234321982,0.6989257890473921,0.6783268908427099,0.003869349545499481,0.0004056055855611477,0.0287892982820012,0.02903782723471356,0.01033851921626589,0.009701602434947967,0.7332604709907234,86972.82665661562
1767146400.180386,2,BTCUSDT,10004,9569,0.967748478662805,0.7773692287591983,0.6033193034903416,0.6553624712487046,0.00055673072965712,0.0005656973410268487,0.032674367054547,0.01965697410491576,0.030385647141670382,0.015884474464999743,0.6853354065178096,56133.32497392291
1767150000.180386,3,BTCUSDT,8796,8807,0.977459766681726,0.6883850827703221,0.5617817764055164,0.672639483413238,0.00485371904282722,0.002027863886571497,0.0291225428359964,0.022431606740757712,0.01791406043505082,0.004215913084923406,0.6964183698422148,48188.569970933546
1767153600.180386,4,BTCUSDT,7101,7167,0.9566940997404122,0.7117554824139661,0.44378970466271794,0.6020722589861851,0.003719730359199765,0.0005503342835554885,0.06452683678709385,0.029789314287122358,0.007139967822411309,0.006519644682347726,0.6324799345776013,29990.905306435445
1767157200.180386,5,BTCUSDT,7989,6425,1.022960741742377,0.8038797405746926,0.4671200365683606,0.4638908078965948,0.004535611465942636,0.0013827822182136645,0.060209083701072134,0.04454865520201996,0.027982991254783835,0.012835107687738403,0.5413694082557259,25218.79438844006
1767160800.180386,6,BTCUSDT,8419,7278,1.5464897786521707,1.1538717464928658,0.2721412274618175,0.3173562496714255,0.006389029797822732,0.004670271154426131,0.05074511086644639,0.039561751404199354,0.05508884141841789,0.013781465196808392,0.3776369280615093,12860.24677889076
1767164400.180386,7,BTCUSDT,9544,11049,1.4770427345968535,1.5599849702342874,0.3573207651738744,0.41061708316737006,0.0006225567985684313,0.0005210432080166044,0.06789771151782976,0.04413330173681701,0.0433251421803621,0.016389534734861693,0.4709878885028692,29408.81882055013
1767168000.180386,8,BTCUSDT,9690,12490,1.3769678643440226,1.3556274180375654,0.4070026845481832,0.5705016750700966,0.0009514001425694542,0.0007397212504935176,0.07201856773187874,0.03551425164781917,0.0032972887832771504,0.006216860677744573,0.6062482386938054,47503.23747754848
1767171600.180386,9,BTCUSDT,14829,11547,2.392242571428997,1.8688161059820323,0.35450567379445247,0.3471356337298156,0.0009477002590680841,0.0006394932170185308,0.059749130943989585,0.05816106071558874,0.008338177557933653,0.006808976734949332,0.41922178139914995,36527.34754756194
1767175200.180386,10,BTCUSDT,15530,14272,2.227503206921472,1.9155076849706205,0.4446450539209041,0.45712480867539057,0.0007245712484635852,0.0007719439998069631,0.02693060267692536,0.036591452690994855,0.0186815293236709,0.012108787208130186,0.5019466418752905,63096.99790605521
1767178800.180386,11,BTCUSDT,14668,14333,1.4477399853451365,1.3570860142830836,0.5994889113418529,0.5865040624527526,0.0029327618260002485,0.0006899513608662156,0.03932977426823018,0.057530789201669236,0.008895507480438776,0.0051572093525157755,0.6501424951450819,82200.79483542193
1767182400.180386,12,BTCUSDT,14470,16645,2.0504988143719514,2.0269324251685794,0.4217977200342575,0.5332976230659736,0.00027397448392888055,0.0017711928642907557,0.04975726944501671,0.02005506159077596,0.010405482528422928,0.013476856867280831,0.5552972335920658,71915.49365346949
1767186000.180386,13,BTCUSDT,14483,12702,1.9086678712930465,1.7742284323255535,0.4546925767272908,0.4498223276402169,0.0009828275504431894,0.000882137745343002,0.061561578231990086,0.03511043396275399,0.009684909307530543,0.009305629911157725,0.5194066941796868,51672.121115674556
1767189600.180386,14,BTCUSDT,33190,35246,1.5985634081003846,1.4493842900000522,0.7499992269676458,0.7988957921200388,0.0005635577566872146,0.0006061854402018154,0.05332392232120769,0.033952689663836175,0.017784985642568932,0.024004281757185324,0.8439605626884161,282241.98522851
1767193200.180386,15,BTCUSDT,45690,49918,2.449075797374984,1.874260380935117,0.5727099346388015,0.6341515371147413,0.0006084626788541447,0.00021691675161128896,0.13782163001244085,0.14044284624931005,0.09674281030232768,0.08936361933353569,0.8412888085575928,330111.40219764016
1767196800.180386,16,BTCUSDT,38028,39254,1.8140189942888125,1.395890809328894,0.629176881630856,0.6852593472435052,0.0007640925621628447,0.00041077459801079353,0.12064788806635944,0.12967052495386222,0.057286127557046616,0.0709153680315539,0.8544895035019,277862.7094410694
1767200400.180386,17,BTCUSDT,19058,16834,1.7774865236885404,1.2622488040191522,0.6087132720240779,0.6698630507341815,0.0005153684052537626,0.0005777116834402985,0.041737434518274066,0.04484549337878466,0.010784032527686997,0.009979510387574195,0.7165142346112702,109477.55743979561
1767204000.180386,18,BTCUSDT,13931,13234,1.1862269361597175,1.053230123800137,0.650951924404215,0.6493047744421458,0.0006016228776266697,0.0005653524538577897,0.0310712359910174,0.04899163816088277,0.012924502067316355,0.012091619407090833,0.7055677217005277,83161.8774541956
1767207600.180386,19,BTCUSDT,18358,17646,0.7403508583704125,0.6047964352037977,0.5178868781289224,0.5079403902884296,0.0003881311419689696,0.000383456718244484,0.2198133747579676,0.25828537560512493,0.10421415689725813,0.12402299813730401,0.8669265951372428,95164.21943616228
1767211200.180386,20,BTCUSDT,21234,16682,1.2074532630882073,0.9406731833110703,0.7453116247121254,0.7320474540759014,0.0004191328601363023,0.0003461796376215196,0.03543521687257127,0.05332705819367133,0.008172748936823343,0.015850535495314497,0.7950820785056999,140233.35346630597
1767214800.180386,21,BTCUSDT,9055,7267,0.9773883514584566,0.8568563353316888,0.5535973260392332,0.5015957660894234,0.0008561651836694191,0.0004644063974458105,0.04733285786367783,0.05920391758761236,0.011467010324239635,0.01353136107136324,0.6048458962598319,33767.79462777953
1767218400.180386,22,BTCUSDT,7976,7392,0.9034746086402282,0.8129401218477529,0.5111724175477014,0.522872717666607,0.005891797312391819,0.0031177050024041066,0.06239863033188346,0.07453327125604008,2.4336649874861826e-05,0.01560952437527118,0.6013887983160101,29036.89857740771
