window_start,utc_hour,phi_SB2,phi_BS2,phi_BB1,phi_SS1,eta,mu_B,mu_S,n_B,n_S,month
1767225600.0,0,0.008693597587237416,0.007914077280277095,0.470604321223702,0.45045597346580574,0.570456971598406,1.0317731642421928,0.7564662391293594,8719,5936,2026-01
1767229200.0,1,0.00039428161849830554,0.007915885497529944,0.5887067930679465,0.5319268684355651,0.6366005471300422,0.9157075574331666,0.6659628163578851,9088,6578,2026-01
1767232800.0,2,0.001201848556130226,0.008879549792319915,0.5966610017993205,0.5873749881306558,0.6679769153810058,0.7511262331512436,0.6012086110709025,7770,6773,2026-01
1767236400.0,3,0.0060003672476914025,0.0012664950439509005,0.4577253641511373,0.5611802389684348,0.7570519337300088,0.5771640708010075,0.6050693646096754,8595,5681,2026-01
1767240000.0,4,0.008159989273138385,0.007520637053114252,0.5463447994565764,0.7160082052831075,0.7598333629776646,1.1069435116530453,0.7038658789872,10422,10841,2026-01
1767243600.0,5,0.0024514323794858485,0.007662554564709157,0.47551756874739043,0.4913356812583592,0.5422024930821893,1.289142333969915,0.6293288020025984,10139,5042,2026-01
1767247200.0,6,0.030558666573602924,5.738010739003101e-05,0.19971023296348114,0.26913466509243905,0.3592726281277684,0.98632721690607,0.738194449816214,5780,3801,2026-01
1767250800.0,7,0.0071414354872371515,0.007368888273900826,0.3444220900910462,0.4443549064785568,0.5189782444672365,1.155046332159293,0.6780794853020212,7168,5242,2026-01
1767254400.0,8,0.0006718867134507111,0.001620702599789363,0.4959942997765864,0.469207568038692,0.5731290319435141,1.0980320091512044,0.8685140385548575,8866,7421,2026-01
1767258000.0,9,7.654235180442291e-05,0.0006912423495513807,0.4538917561649255,0.4324149531819319,0.5109297719667,1.0406378676839674,0.9074344862868537,7559,6763,2026-01
1767261600.0,10,0.010972503684964168,0.0006155536910717992,0.23118346828356134,0.3347228869501333,0.47794056355766457,0.9741486318510014,0.8071866109903558,5419,5601,2026-01
1767265200.0,11,0.0002468434021332359,0.011805881174149262,0.42437322294316376,0.39147398810844003,0.46267539145329317,1.1349450209622403,0.9737129453306761,7593,6541,2026-01
1767268800.0,12,0.0091028857996744,0.005868692768830116,0.31145623529086264,0.42496210619848535,0.48501865527388405,1.0781715683682473,1.1642857290367974,6170,8274,2026-01
1767272400.0,13,0.009586630839874492,0.0065618130920845445,0.41168928212848377,0.46442357100035464,0.5216080036376756,1.0989940976156305,1.0626303308280955,7733,8090,2026-01
1767276000.0,14,0.00893690956168346,0.004734242648257529,0.493043405295713,0.5104786949710953,0.6280085036226241,1.1852514487283454,1.212028076915657,11713,10356,2026-01
1767279600.0,15,0.007922236194262924,0.010839992293602904,0.5152342540649226,0.5248830131179931,0.5996036985521748,1.326406283814613,1.228687971460866,11920,11050,2026-01
1767283200.0,16,0.007870093869323304,0.007691753854674359,0.3978749332193165,0.5023333627977542,0.563697966208025,1.243212990057044,1.1317780993404452,10293,9273,2026-01
1767286800.0,17,0.012597769703616923,0.022230856515679253,0.691281247648424,0.5934828240778937,0.7442905992681825,1.1929896846462211,1.1996941498202296,17209,13998,2026-01
1767290400.0,18,0.00931691424006473,0.002752082960598267,0.5533809255141781,0.5841216227519128,0.6573356412184073,0.8548776619527404,0.9830683663834825,8162,10325,2026-01
1767294000.0,19,0.01237794420137511,0.01285660787094411,0.5777924669858698,0.447862149045775,0.6372984065714187,0.8198438364154264,0.903912721530344,8324,6710,2026-01
1767297600.0,20,0.004768735546337255,0.0004260832514333729,0.4424061056008104,0.46190010756315675,0.5559871683604741,0.7670279748428286,0.8955144824151736,6280,6685,2026-01
1767301200.0,21,6.750435844503598e-05,0.002876732948222016,0.5444607320276819,0.4221530450281295,0.595096731012647,0.8964720946378442,0.8231753863111373,7998,5559,2026-01
1767304800.0,22,0.0006699545547555063,0.005198831277498504,0.6957192848574044,0.559310438176508,0.726783260627792,0.933573272188191,0.8503373440440183,12220,8259,2026-01
1767308400.0,23,0.015123030452128615,0.0147845849497825,0.7221308704542387,0.660252261342706,0.7641615732785555,0.9149993801679615,0.9491729131794558,14606,12667,2026-01
1767312000.0,0,0.012205471755501913,0.009382241537811345,0.6784362947903856,0.7235045346605895,0.7623271569458219,1.030798645922615,0.9106586921469136,14156,14236,2026-01
1767315600.0,1,0.007410396080237734,0.007757243257448274,0.566891163268268,0.6937802594951026,0.7333466683634197,0.8776716807627616,0.6878192639265329,8798,9573,2026-01
1767319200.0,2,0.012546309557493043,0.008750362726209519,0.6377714985105383,0.7034033422170826,0.7447402891022356,0.8232160910036348,0.6129070537377168,10900,8942,2026-01
1767322800.0,3,0.006679321491946283,0.015305916967722768,0.7610492223558802,0.7524632794242767,0.8174962079408044,1.0791402681196096,0.8533119411791944,21005,17356,2026-01
1767326400.0,4,0.00877790357437838,0.006824489031019663,0.6100237889917289,0.7785854694197853,0.8149130870785392,0.8161730769067711,0.6325612993266141,9701,12701,2026-01
1767330000.0,5,0.009986510277965337,0.009979774139333692,0.5248970252907137,0.5668022436228093,0.607938522806733,0.9998805032947206,0.7362365125204264,8608,6970,2026-01
1767333600.0,6,0.0015053075053783598,0.010260790314284816,0.6315947292611974,0.5599535291209162,0.6765868001694875,0.9955066609175255,0.9878471641085163,11343,9061,2026-01
1767337200.0,7,0.005467667098459282,0.004483894747754061,0.5569581486926622,0.5847676231278052,0.6375934247411199,0.9454858516657497,1.153375991976779,9573,10841,2026-01
1767340800.0,8,0.008923119179252747,0.009816592454822184,0.6681214844745129,0.5709662046724876,0.7013263909309844,1.2307890757775064,1.0781391297220948,15110,10261,2026-01
1767344400.0,9,0.02008713320957883,0.020770177776750623,0.760626155662122,0.7162489766931772,0.8191132014463984,1.115582928493366,1.1872308595636967,23224,19753,2026-01
1767348000.0,10,0.01816343683420179,0.03284674128203191,0.7509596829778562,0.7124637430612654,0.8073818780920223,1.3737256615672606,1.6754717567981954,26048,27152,2026-01
1767351600.0,11,0.007234498744094115,0.011920313007262174,0.6125072594698654,0.6638818179985813,0.7100406040958442,1.148958460727762,1.4953422637159688,12475,18812,2026-01
1767355200.0,12,0.008242031032918786,0.012722905466097983,0.5841864912270143,0.6456065434617392,0.6813309152077263,1.2746056937079873,1.280102085534525,13597,14799,2026-01
1767358800.0,13,0.018027282934327114,0.01784461458991613,0.5761669677531323,0.5870812536558315,0.646085887507841,1.5244066160967957,1.6627881721197626,15664,16738,2026-01
1767362400.0,14,0.027004700569853733,0.015230904979152431,0.8336646317121228,0.8385229504805806,0.8987074060482932,1.868474535252503,1.6535586251580683,67175,60742,2026-01
1767366000.0,15,0.015455808786656625,0.01629676736395582,0.8594830929441578,0.8525681399058043,0.9073855220026287,1.7574013511172915,1.648043468683972,65610,64012,2026-01
1767369600.0,16,0.03452475788392558,0.018615215316962825,0.8549239262971676,0.8069297497143747,0.8985486141223924,1.6986057334184033,2.066871388248778,72770,61232,2026-01
1767373200.0,17,0.02771708440545452,0.019537471939775935,0.8286980741267077,0.8024712408630998,0.8716386944494329,1.6132610028280407,1.700943681379683,47171,41940,2026-01
1767376800.0,18,0.021997613906161114,0.016100863571675696,0.7848344415563475,0.8331662257873519,0.8657875616605241,1.4159555699842161,1.159071231085109,31121,33064,2026-01
1767380400.0,19,0.007796802492282217,0.00920800118443148,0.7730430451238477,0.7773659156982425,0.8128194581169385,1.3159294838378155,1.1600362578709864,25272,22286,2026-01
1767384000.0,20,0.011059761077592841,0.011950772023223264,0.7593714002643981,0.7704774152017806,0.8082377908491355,1.0832004377225204,1.002686434661279,18957,19252,2026-01
1767387600.0,21,0.00842782274809802,0.011885558400768622,0.63508561318277,0.6014404237318651,0.6854905394152113,0.9351860776109677,0.7834308624884725,10881,8251,2026-01
1767391200.0,22,0.009265635184282335,0.0129518559478505,0.7391180552779448,0.6785405952572602,0.771992321744451,1.0079013200846274,0.9898890990428385,16353,13502,2026-01
1767394800.0,23,0.023387648666191644,0.0020137899005817253,0.5216779478229854,0.5761368347850935,0.6063325381065762,0.8819514622152249,0.8831555634691811,8432,7837,2026-01
1767398400.0,0,0.0037699382168056967,0.002812017920704711,0.6217129680048303,0.578271472800481,0.6825399459283162,1.0702679085568143,0.9030589984467834,12231,8496,2026-01
1767402000.0,1,0.0014037944942374607,0.0018456559793815904,0.5444392288836858,0.5297769280279,0.6223567082091808,1.0521837586890217,0.8344168917649382,10064,6849,2026-01
1767405600.0,2,0.013112344095539864,0.010784725642250729,0.5752560989154878,0.5404924847458008,0.6368135272469007,1.0348088676205403,0.9282543304459714,10486,8334,2026-01
1767409200.0,3,0.020738658572485906,0.004634264302882758,0.5234128116947894,0.5324025151358205,0.6139450779179281,0.8674052241556988,0.8518289433792996,8411,7409,2026-01
1767412800.0,4,0.02717660092171993,0.01238965938638074,0.5591129678590975,0.6814359383161332,0.7228640570387229,1.0044300631213332,0.7342746251135125,10165,9913,2026-01
1767416400.0,5,0.031297063897456665,0.022079111374613807,0.4319959929632667,0.581194484652131,0.6057047215300863,1.109442890291588,0.8922250443551627,9164,8464,2026-01
1767420000.0,6,0.025693396659933816,0.003042549459692524,0.425376402643819,0.5975631167289173,0.6227890082612157,1.2882977455207194,1.0172819257814636,10169,9894,2026-01
1767423600.0,7,0.04086124083286192,0.0095921040520401,0.6421140496074617,0.7495756329983959,0.7804728892046717,1.4486924893421007,1.2871714808093384,22363,21701,2026-01
1767427200.0,8,0.031918097030346794,0.008354279456648206,0.6320316483802767,0.6942474748067531,0.7351213372944072,1.1848209782256718,0.9473716988405025,15572,13030,2026-01
1767430800.0,9,0.009715235079967454,0.011447293738281735,0.6236015638508712,0.6666989518496267,0.7024895555598912,1.0831368830139643,0.9291105868613702,11734,11609,2026-01
1767434400.0,10,0.00649094241530295,0.00707413645175141,0.5017709223680178,0.5772272829481305,0.6165741402864252,0.9567579637602825,0.9623422020425089,7597,9280,2026-01
1767438000.0,11,0.0026606459590482966,0.007594890192109159,0.38720820119654836,0.5176328822374132,0.5617722897134271,0.9665366949326427,1.1836428779655346,6051,9910,2026-01
1767441600.0,12,0.013686958775375645,0.0377928653614528,0.5882183861266885,0.5244248641848127,0.6230917451372846,1.0654088477878818,1.1221607077317293,10343,10138,2026-01
1767445200.0,13,0.011382992582054484,0.015176791991234156,0.450258181258802,0.45352188306742425,0.4896299369815272,1.2587726480703496,1.2982783907777324,8833,9219,2026-01
1767448800.0,14,0.005250364769914082,0.012226617464056634,0.544222913784558,0.49917752665232484,0.5692516499842302,1.4278640242193048,1.344205363564577,11989,11076,2026-01
1767452400.0,15,0.00485673950850605,0.013680700534374635,0.34898408315332047,0.45271959784779453,0.49421748433584156,1.220553724422796,1.2491034045005267,7706,9089,2026-01
1767456000.0,16,0.016061880897887598,0.015235688853991725,0.5165272253474469,0.45976517707286035,0.6112232646274889,1.3105684065172032,1.2072758342088628,12470,9283,2026-01
1767459600.0,17,0.0010011080522961872,0.004121685272402979,0.29187063366077426,0.2822771018844732,0.4631747151907228,0.9304461460752239,1.1952432968541842,6254,6669,2026-01
1767463200.0,18,0.01065572307352804,0.01675721604765813,0.3715396159718914,0.38572675345711843,0.47182488866734507,1.1252807027052107,0.9182457992769731,7505,6446,2026-01
1767466800.0,19,0.013949747622099756,0.019757905985232374,0.3063896957439715,0.31224123831560896,0.40159854473980305,0.908459534778199,1.1098643389564855,5553,6402,2026-01
1767470400.0,20,0.005345082380282344,0.02038952100308207,0.5269498079564726,0.3768902547944332,0.581486201675724,1.1146899243309316,1.141758408949728,9701,7480,2026-01
1767474000.0,21,0.009727139015409702,0.02800906315880343,0.6839596430832589,0.5451693067742439,0.7253789889553028,1.1107596133086897,1.128007221214599,14820,11136,2026-01
1767477600.0,22,2.7674259658979227e-05,0.0018977185470649136,0.555328824116654,0.5698607215849614,0.6325338265244663,1.0243676749705874,1.2098298862597752,10020,11369,2026-01
1767481200.0,23,0.004086910257853111,0.0034718998928160126,0.5799836358859234,0.5485342709027179,0.6379143746978948,1.0469101593864334,0.955532835178815,10470,8553,2026-01
1767484800.0,0,0.02213173846568035,0.02659290348471378,0.8312330121269654,0.8092700811986714,0.8906479981858296,1.4093730419172867,1.0762715116588635,44826,37368,2026-01
1767488400.0,1,0.007144164024474513,0.00864268418907308,0.684561892554528,0.748775669389662,0.7810273262752332,1.13327454007601,0.8739008543753035,15455,15187,2026-01
1767492000.0,2,0.0040875610323372405,0.006133743619316273,0.5784722612579878,0.6436417591902978,0.6888546484497169,0.9398375446676017,0.7110829315609295,9435,8471,2026-01
1767495600.0,3,0.009234205911746084,0.007922946552304912,0.6304570383150273,0.6556959542188882,0.6995658934159775,1.0571482966216081,0.6846790703353253,12663,8078,2026-01
1767499200.0,4,0.0036514435291463824,0.010435540816430715,0.6459991953330747,0.6282183299484215,0.6796135907886047,1.2459501571489415,0.8946743788298513,13470,10196,2026-01
1767502800.0,5,0.002374757605664282,0.0036346118894794444,0.47443313703029466,0.48406783351177546,0.5368605232299088,1.0349765394004666,0.7162382498068819,8003,5611,2026-01
1767506400.0,6,0.010139936994387179,0.018529306520364965,0.6945027153028227,0.7410755491862424,0.7779384847612636,1.2859639944731474,1.0538638445617858,18062,18305,2026-01
1767510000.0,7,0.0014094827876902176,0.0053832418502097554,0.6073274721402785,0.6022108532239286,0.686263054560976,1.203688356189998,1.0013056501500714,12445,11821,2026-01
1767513600.0,8,0.013737679683191709,0.01925210494974305,0.621204946431225,0.6720102804859058,0.7369064352803274,1.2877951780097612,0.910181966488553,13836,13185,2026-01
1767517200.0,9,0.0059503670403318895,0.006227502539369359,0.546465908930113,0.592020190761236,0.6800068134106182,1.4279537837163083,1.146328504248237,13275,13299,2026-01
1767520800.0,10,0.006124038398646838,0.004444533738757752,0.5828329317904148,0.5982382206795083,0.6672964219153622,1.4070444707383174,1.1665952070966563,13554,12879,2026-01
1767524400.0,11,0.023180051684671268,0.006834426204056704,0.4964895615559984,0.6001425447769494,0.6476631521190067,1.2145246848786244,0.9905010367683568,10484,10224,2026-01
1767528000.0,12,0.015864992034919527,0.00640252071674142,0.5220669060783721,0.6122290127107014,0.6447614636470835,1.3214249608766382,1.1485994438827898,11975,11809,2026-01
1767531600.0,13,0.01081624141765555,0.00407533464002003,0.4766798318257144,0.5027729127244553,0.5462140007247157,1.3626751411411946,1.3206682869712205,10551,10509,2026-01
1767535200.0,14,0.0012327052765827968,0.0006532137621822653,0.5303807953374569,0.5518137000726666,0.59376122852336,1.4160887821561876,1.2716945497956669,11625,11427,2026-01
1767538800.0,15,0.002983710365492231,0.008958272200217545,0.5016931522688952,0.5051012238807691,0.5459249712405448,1.4504595265804958,1.3769178014507168,11486,10973,2026-01
1767542400.0,16,0.0038190663507683613,0.006115694777104517,0.5142783401783451,0.5177711471440514,0.615939768984373,1.3785366856443029,1.1506667553572545,13035,9794,2026-01
1767546000.0,17,0.0032083759520053286,0.005012282822587515,0.4207404729092167,0.39318487241145716,0.5293119212345138,1.174578869844018,1.1036608530373668,9043,7448,2026-01
1767549600.0,18,0.01869252395296114,0.017208740664247563,0.5693789647206848,0.5789151776955802,0.6459832444196353,1.1106408447628418,1.0911069028759635,10963,11308,2026-01
1767553200.0,19,0.029832789788230722,0.015338963788156893,0.6522387778329655,0.6397680616868078,0.7304077542079358,0.9236866700822781,1.0324879706857484,12954,13351,2026-01
1767556800.0,20,5.631428923619694e-06,8.0111070499633e-06,0.5547214581677982,0.4366917621195905,0.6196860454640729,0.8867501125127206,0.9177968881338944,8400,6691,2026-01
1767560400.0,21,0.0014144171631014374,0.0032654195730192977,0.5155409961419959,0.46342861613458575,0.5856310107396142,0.9365548145563188,0.9019441939201136,8196,7133,2026-01
1767564000.0,22,0.02174451902242163,0.0013228895838904313,0.5358604035645834,0.5599660423855743,0.6094464630650477,0.8978438270740084,0.8218540119209206,8492,7473,2026-01
1767567600.0,23,0.00977513292805463,0.007493598560852729,0.749264305723511,0.7290056301732826,0.7984535905276963,1.091655868987235,0.9631273758746544,20089,15711,2026-01
1767571200.0,0,0.0249244348222466,0.025876298413764817,0.8212464028424697,0.8080317982503875,0.8882953460836454,1.8795037263831347,1.122750059375256,53144,40068,2026-01
1767574800.0,1,0.031986373131122514,0.032146397360206844,0.7881599325955885,0.7754186032848494,0.8576435636478711,2.2324986131235525,1.5891305991443663,52298,42722,2026-01
1767578400.0,2,0.014303366501181213,0.01262790383898656,0.6659620664441399,0.7303289628676309,0.782168288297469,1.893048985935089,1.230422573393951,22899,21430,2026-01
1767582000.0,3,0.010915335637632905,0.007751341084103837,0.6590311708728487,0.6240355398211698,0.7249783549399703,1.1843566856438434,1.0215152674436496,15940,11242,2026-01
1767585600.0,4,0.021502327324968654,0.010148659538131266,0.6714808956691627,0.7435849449240672,0.7942384881621419,1.1504452470404747,1.071639382935196,17461,19646,2026-01
1767589200.0,5,0.0065777411542072214,0.006246905905115205,0.6099140031677616,0.711079860820535,0.7426010155548216,1.1448570595308705,0.8436281263126512,12323,12067,2026-01
1767592800.0,6,0.018938230468233782,0.01380475995913767,0.5850236672368468,0.5421415612956715,0.649735859770583,1.218637596594135,1.4563827631609099,13070,13171,2026-01
1767596400.0,7,0.002294611817952326,0.005532088046924303,0.45642289211880105,0.3771730979278732,0.5368934769242967,1.3017154848078925,1.8355338669081223,10177,11506,2026-01
1767600000.0,8,0.00824848390741177,0.007073176588756231,0.5478011128274619,0.5689784146995998,0.627625519583492,1.3633875495662677,1.360437099446805,13440,12717,2026-01
1767603600.0,9,0.008158288151724008,0.004654106554396816,0.6509368404861475,0.6156812217020338,0.7049640378756339,1.430898861094336,1.1845317064392498,17835,13132,2026-01
1767607200.0,10,0.0030621045820107395,0.014107714366632822,0.6554223519544452,0.5888302798143243,0.7074373867114527,1.6599545256358517,1.3803032288856845,20545,15042,2026-01
1767610800.0,11,0.007241237754883348,0.006540154564375023,0.5797254851115791,0.599620396132477,0.6590196045846513,1.6527953989637045,1.3689569342501584,17665,14233,2026-01
1767614400.0,12,0.01008959123933301,0.006841855211902686,0.5522486255749195,0.6583527877816582,0.7015228083640835,1.7675936350958663,1.4687693509232926,16544,18173,2026-01
1767618000.0,13,0.014154403099777411,0.01053941945157155,0.6544789658481723,0.6658732971719152,0.7209861578637252,1.5763308405639997,1.5375935770656015,20372,20317,2026-01
1767621600.0,14,0.02420685093375684,0.02648658234570764,0.8322959460978591,0.8008329108851777,0.887870053102039,1.7755021347500544,1.8019271291154666,57688,51790,2026-01
1767625200.0,15,0.014406783789880199,0.007172385944195874,0.795326125505857,0.7997143150154998,0.8512666072330802,2.3567294061697863,2.4517398527129277,58914,55933,2026-01
1767628800.0,16,0.014401430843746944,0.012496696847279713,0.745090895262866,0.7674356051263811,0.8268060717960712,2.0300012775550185,1.9030323969400997,40703,39922,2026-01
1767632400.0,17,0.020712101801352186,0.024376782155874688,0.7921425859968256,0.773427700945852,0.8594756398656664,1.5657225126531582,1.3196461193984232,41348,32040,2026-01
1767636000.0,18,0.01611182575398983,0.00897462453094907,0.7330216936082833,0.7749420387288279,0.8269467063977289,1.9203868727440052,1.6538603478555651,33293,31849,2026-01
1767639600.0,19,0.01221181267297826,0.0034906300787397875,0.7056188738437692,0.7914061655433285,0.8197372422018132,1.6639497909987728,1.428584889944628,27104,28965,2026-01
1767643200.0,20,0.008217467971950353,0.012652872238892818,0.7640942562209675,0.8155613252141803,0.8598100883040096,1.7690760577437608,1.4809644813848934,35751,39562,2026-01
1767646800.0,21,0.004205420836801483,0.0031466290258252245,0.656637981755759,0.7260148651117934,0.7630117897364311,1.4092531620809372,1.1866734342757728,18840,18227,2026-01
1767650400.0,22,0.004186716056171273,0.006590159482453212,0.656386414881558,0.6835142168514576,0.7319604397717054,1.413760410433292,1.267245773986136,17318,17421,2026-01
1767654000.0,23,0.004779982453553168,0.006552316281036109,0.6028061776723925,0.7332810903378909,0.778867712456602,1.281644848560547,1.1840610138239966,14980,19607,2026-01
1767657600.0,0,0.01203208405711924,0.009803272515508936,0.6263107207692271,0.7180076169520853,0.7647153573769295,1.524615451104763,1.2971705165542728,18072,20308,2026-01
1767661200.0,1,0.01246964770396232,0.007781668450243079,0.644873127970145,0.7471263997423817,0.798755099201524,1.3347717938538837,1.1006119842718605,17803,20228,2026-01
1767664800.0,2,0.013857710474293891,0.001031422522879662,0.5844385617996997,0.7173259848756715,0.7853870776672429,1.284930482851215,0.9486285668251448,13564,16230,2026-01
1767668400.0,3,0.009351734773190734,0.003598357894843043,0.6068119050187765,0.6086763650997545,0.6949906429972689,1.1661160957013945,0.9729318922006562,12931,11784,2026-01
1767672000.0,4,0.013467439094004866,0.001582389511823279,0.45622309921664594,0.49704584700596194,0.6025364370378106,1.176957025698054,1.215192826823503,10997,9619,2026-01
1767675600.0,5,0.012061213493471843,0.0037620909605311737,0.5177959133112902,0.5854521904723661,0.6304523879438605,1.2182542809957568,1.3292485931765734,11528,12995,2026-01
1767679200.0,6,0.016775960821064348,0.002953615032316768,0.6246052384530415,0.6091479085727556,0.6911864571947359,1.2860545526310825,1.2194369306860893,15704,13254,2026-01
1767682800.0,7,0.030045521246548135,0.01844610724450835,0.5889891079664321,0.7003411614322892,0.7456868491914712,1.589828871009109,1.606197653299275,18195,23309,2026-01
1767686400.0,8,0.011299627205764318,0.007614429644342397,0.5769116869482653,0.5771753721026771,0.650712266411299,1.2779891382715245,1.3200690514971845,13444,12670,2026-01
1767690000.0,9,0.014273449777199,0.009201562760637999,0.5686239461568835,0.5161814312683605,0.6208000253115309,1.3108428245407795,1.2323554709796107,12830,10680,2026-01
1767693600.0,10,0.013001542491443776,0.0038671861356015095,0.4962277346526706,0.45303796159319704,0.5559123825203749,1.3905853379310285,1.386153959016283,11514,10719,2026-01
1767697200.0,11,0.006730499934569587,0.008874117220540408,0.5145739148721572,0.4767435431041611,0.561096397544169,1.6126110064519192,1.399629059371192,13359,11209,2026-01
1767700800.0,12,0.009445820939453122,0.00904357613838693,0.47617462364908164,0.5466247312344679,0.5947953515667398,1.627705824887295,1.396477431674944,13144,12632,2026-01
1767704400.0,13,0.013384268346581425,0.001592219214739816,0.4995211815388733,0.552420505868842,0.6158888192890112,1.754079698531975,1.5657246512643712,14552,14894,2026-01
1767708000.0,14,0.013484150769149965,0.016675192192192975,0.7832655991523346,0.7969280193302418,0.8533181804563766,2.549162291829886,1.8772101358387567,56814,49694,2026-01
1767711600.0,15,0.01837827380057784,0.015164737516015365,0.7916396160011367,0.8070277911757531,0.8671219449503331,1.8389326434942248,1.8612365847390564,45673,52185,2026-01
1767715200.0,16,0.02971547017539629,0.03185967121611588,0.7718259074208531,0.8174621506108221,0.8775832076723086,1.7198880954791689,2.162544106498039,45005,67997,2026-01
1767718800.0,17,0.035316139964539604,0.028087583074942416,0.7839541177526884,0.8347227620262042,0.8901384946772113,1.527904868873813,1.6258324323814124,44003,55804,2026-01
1767722400.0,18,0.03345568730067612,0.023410312228106495,0.7916971942607952,0.7818821084415457,0.8533325690228282,1.5119023300764352,1.9619852124398214,41760,41891,2026-01
1767726000.0,19,0.026350991261651514,0.017895538350806935,0.7147251302124463,0.6473246624257045,0.7709319333613096,0.9829583128691207,1.66309296736728,17391,18815,2026-01
1767729600.0,20,0.014041011529654788,0.02031315275994016,0.748384788198094,0.6292688631733855,0.7986985507617579,1.0375786768949495,1.6856603785259159,19526,18047,2026-01
1767733200.0,21,0.025354697865513514,0.04091878189004879,0.8423973534056084,0.7911409535713138,0.8970649461774498,1.1514147024796382,1.3499534478435387,45196,42725,2026-01
1767736800.0,22,0.03272374793692149,0.02800164175944613,0.7676152321167449,0.7842825597940504,0.8438316375570705,0.909492142853081,0.9006596707265944,21060,20463,2026-01
1767740400.0,23,0.02023448649655268,0.030861086676501837,0.7442436510850626,0.7044660845670621,0.8010170914429701,0.8671380835443504,0.8300133738546974,16151,13914,2026-01
1767744000.0,0,0.02996857337859784,0.019253691162089054,0.6884865833658952,0.7497534934435741,0.7897406290450321,1.0549612823530927,1.6936814465760415,18236,28857,2026-01
1767747600.0,1,0.03260129128439674,0.020536074715597045,0.7561706204647625,0.7492754614697605,0.8147893822075334,1.2939974413951831,1.6324387866883514,27162,28564,2026-01
1767751200.0,2,0.029370781414641,0.02767514171208442,0.767998414161821,0.6941622453916645,0.8227189956170236,1.0414749770459386,1.1186269713397676,22481,17869,2026-01
1767754800.0,3,0.02601629699279496,0.01967496794831507,0.6819172032277335,0.7181045528798765,0.7750886104409854,0.9098622258229478,0.6753175166250805,12839,11228,2026-01
1767758400.0,4,0.02923885827878456,0.020196437004276396,0.6960767676783726,0.670713945250817,0.7599363989536281,0.7233725124724428,0.7665056647089176,11490,10872,2026-01
1767762000.0,5,0.02705830145728317,0.023636888464639377,0.645352206952017,0.6490055228677355,0.7270644690161471,0.7879966524306186,0.7938157323451294,10384,10524,2026-01
1767765600.0,6,0.012973026438307078,0.01803362848798802,0.6710082348673477,0.5759064287624678,0.7359297907971243,0.800008112489421,0.7897215926308803,11210,8174,2026-01
1767769200.0,7,0.007089364776410762,0.016152239567171534,0.5541762384960446,0.41125055689914986,0.6150831818966178,1.219937841760629,1.1916861752022647,11600,8428,2026-01
1767772800.0,8,0.019803729155548393,0.007412632312067575,0.5221894986877256,0.5193538179835856,0.6200887121806719,1.0626917285630355,1.2829049773679793,10601,11089,2026-01
1767776400.0,9,0.03383527428055431,0.009473336579370046,0.6715637214956728,0.8196186126344709,0.848857293371509,1.667355291800912,1.4305739132665427,26530,35230,2026-01
1767780000.0,10,0.018811759571653926,0.015899984207361956,0.6439762621803845,0.6604148232931523,0.7277559991189904,1.453648414264834,0.9151371949574222,17583,12806,2026-01
1767783600.0,11,0.00844813044058066,0.015262049471802857,0.6476686161434596,0.6230159268825355,0.6898170320159535,1.1494584831186228,0.9107178935369488,13130,10915,2026-01
1767787200.0,12,0.03331261039639867,0.025845129368193505,0.578829436272175,0.601282201903298,0.682933018072123,1.0598738930653901,0.9765641175331019,11495,11372,2026-01
1767790800.0,13,0.02959982767587905,0.02341339899207864,0.579552552166349,0.5934425835405296,0.6878136314448163,1.7285126663873307,1.229725701218149,17668,15040,2026-01
1767794400.0,14,0.03469569913996187,0.025442962548984392,0.7750994160942093,0.7969315115785228,0.8541840927200467,2.0950800009437773,1.882854492535142,47808,48274,2026-01
1767798000.0,15,0.038442718935258816,0.02864924944556843,0.7993533478177903,0.8152769508516228,0.8804019153876882,2.013032002076024,1.633207521109789,53230,53922,2026-01
1767801600.0,16,0.0350490400164818,0.031192964523056164,0.753388735750334,0.7601150736819899,0.818182301428938,1.6028230370644254,1.4611152002210592,30670,30587,2026-01
1767805200.0,17,0.02983906728156611,0.023909480976530978,0.7253497570596288,0.7445946111413663,0.8019912533842107,1.285643661553699,1.172587547596482,22467,21733,2026-01
1767808800.0,18,0.02796008619671767,0.012444333364512908,0.7449270588472001,0.8075027690245977,0.8534527395252144,1.0628602145070098,1.1107685131622624,22717,28474,2026-01
1767812400.0,19,0.016564633703959577,0.013173079559765637,0.7457789774705469,0.7580967497020361,0.819126487487375,1.1790845460190984,0.969536367637649,21773,19651,2026-01
1767816000.0,20,0.004389095744832936,0.0038183486895579316,0.7485067048664003,0.7581930247640105,0.80577295937637,0.9749293993294369,0.9326073142461612,17255,18305,2026-01
1767819600.0,21,0.0002848452892710088,0.0005500899985434117,0.6128710649320885,0.648973262639907,0.6960775795122554,0.990445659379479,0.7537424429288141,10486,9065,2026-01
1767823200.0,22,0.013235729159001236,0.013310350952406978,0.7292918020977006,0.7164061354420248,0.7873551729586722,0.9446110513375037,0.7698204262829237,15653,13460,2026-01
1767826800.0,23,0.02663684481298517,0.021134702599430406,0.7927599268075152,0.7442841016141257,0.8341398108341451,1.058725084869486,0.7746109420996666,23320,15796,2026-01
1767830400.0,0,0.028868387108367265,0.02275725058663318,0.7096494439879838,0.6787837288342894,0.7675260032398734,0.9913635387291045,0.8528843129633398,15723,12897,2026-01
1767834000.0,1,0.03070831076892702,0.021943902214895908,0.693741390779674,0.6392612365492442,0.7459777460852092,0.9279074349466458,0.8700782275939128,13828,11304,2026-01
1767837600.0,2,0.016411880504369872,0.004920204113849138,0.7134009544144148,0.7383483792784681,0.7959677158415835,1.1095299792723146,1.2630350014795015,20093,22123,2026-01
1767841200.0,3,0.014986705663571666,0.0008169498978755774,0.7187209452265657,0.6781974595015038,0.7833069908010116,1.0784707496915917,1.1181856654630946,18773,17285,2026-01
1767844800.0,4,0.007768859319406428,0.005989482208176564,0.7083697252856367,0.6532681615948761,0.7757838150104385,1.042579832624583,0.9262026603022907,17079,12837,2026-01
1767848400.0,5,0.006321611256265194,0.005277431629357893,0.6211725270895121,0.6402113893975735,0.7239146398137003,0.9655205837313505,0.7552126478262373,11314,10146,2026-01
1767852000.0,6,0.028041778858713673,0.01524820377109227,0.7262751895700735,0.8150467618440923,0.8567051757293628,1.4286572928985162,1.3026512964369628,30384,34004,2026-01
1767855600.0,7,0.021785875700719333,0.010282374957213724,0.7623709681017339,0.7395374355548354,0.8283436957181158,1.7803822563679428,1.282003402125205,38349,25687,2026-01
1767859200.0,8,0.000960839096593828,0.034147755246823,0.7487963428312363,0.5987371359988266,0.8570935545220346,1.208570650950891,1.1431378357535285,20428,34173,2026-01
1767862800.0,9,0.009341260937947293,0.01614998971730858,0.6277413494209143,0.6901510950258445,0.7912077357333364,1.7652094514602623,1.1425197033470393,21823,21620,2026-01
1767866400.0,10,0.006945269880178135,0.013155806638251435,0.7195893601367216,0.6764722668144004,0.7870851209809997,1.370980295803974,1.0275390692173063,23022,17643,2026-01
1767870000.0,11,0.004528422107515565,0.006226692587103321,0.7182313836158696,0.7148610310025877,0.7880557336574404,1.1927073667601293,1.1244348734273757,18944,19353,2026-01
1767873600.0,12,0.0070046713129652775,0.00842054032869027,0.7139719261449674,0.742505840127421,0.7990008692356464,1.4165118508784798,1.108778219758011,24916,20449,2026-01
1767877200.0,13,0.024119280291583257,0.02729433277689021,0.6149521354985624,0.6163787300425533,0.7054389900787172,1.4582071774905376,0.9925103726561488,17209,12708,2026-01
1767880800.0,14,0.03936541214735792,0.027837102743772678,0.7875099633236121,0.8298099541494145,0.8847658822331843,2.3464752709127294,1.3878560588469535,60931,48532,2026-01
1767884400.0,15,0.00918893250960071,0.019911707171917554,0.822680806366607,0.8187775086160762,0.8774500812660573,2.3946984516141843,1.2780409352338675,62981,44783,2026-01
1767888000.0,16,0.01268203589960707,0.018234310120581687,0.7872440811156157,0.8272287219345148,0.8653976813965535,1.5716844995709487,1.2091834870614822,35822,36296,2026-01
1767891600.0,17,0.02616217499148647,0.030658958357893448,0.8025319795262617,0.7930591422866649,0.8611672763107462,1.2526255464440255,1.299671699445886,34084,32562,2026-01
1767895200.0,18,0.02999893537462102,0.029901233304433415,0.7508814950084475,0.7868063658263399,0.8429440184992053,0.9383988906642227,0.9355303332750103,20867,22151,2026-01
1767898800.0,19,0.012219104820772956,0.009976894919739734,0.7511446165007415,0.768279469257546,0.8153986537362158,0.7934835986788226,0.904698111976268,15819,17426,2026-01
1767902400.0,20,0.01923661221597991,0.030766106171964708,0.7516281428087305,0.8108025100527502,0.8548106749582158,0.9401192154283584,0.9330574526800783,20808,25291,2026-01
1767906000.0,21,0.023754234248201625,0.025499286573825344,0.7069072320553041,0.7169113093286889,0.8281220216927226,0.8372629943751578,0.9253067473476301,18542,15092,2026-01
1767909600.0,22,0.02937791374374597,0.029215960643841687,0.6615006192485928,0.7397113462119812,0.8189468444754612,0.8362067352631662,0.769022605855573,13498,16401,2026-01
1767913200.0,23,0.028036057299017054,0.02932352850761099,0.5933580074075975,0.7292632066750063,0.7924830707515975,0.7155748775064452,0.6783630910233063,9958,12654,2026-01
1767916800.0,0,0.023509104475151362,0.039799931584184434,0.537293028902125,0.5875824588713561,0.6771153512721396,0.7785926874386608,0.6637367775533226,8184,7982,2026-01
1767920400.0,1,0.03595739293612801,0.03777631302545333,0.7310735663961785,0.7572791085556229,0.8439741707144263,0.8020426390826284,1.1614797018171448,19460,25561,2026-01
1767924000.0,2,0.029478783770576954,0.04360654760139282,0.6689090863372464,0.6586845484339515,0.7557168392991858,0.8918037249417403,1.0774829246313014,13526,15422,2026-01
1767927600.0,3,0.029780269744202642,0.026792392281459965,0.6529832149030688,0.6372015914051902,0.7514481743269527,0.8098067583646609,0.843600773294861,12368,10950,2026-01
1767931200.0,4,0.030773057229450666,0.01759823862538723,0.5751403326755625,0.5805910732737336,0.6971052709569336,0.7769885169979059,0.6459387132420286,9365,7573,2026-01
1767934800.0,5,0.028890769560611543,0.03118568278533615,0.6257775137907694,0.6179818604163976,0.7130184114449462,0.7298566887125837,0.7133306362500564,9303,8740,2026-01
1767938400.0,6,0.03304654152187155,0.03207413872613903,0.5883258124599979,0.5675072870853544,0.7013134411717261,0.710366066579292,0.7355084510818232,8934,8151,2026-01
1767942000.0,7,0.02716301678312224,0.02443510167169992,0.5764556049486034,0.6591537787438488,0.7089894429162756,0.9371617573020636,1.0435984354092132,10724,13361,2026-01
1767945600.0,8,0.04489954976644222,0.03158901778553087,0.7246251930870308,0.8171383476258653,0.8611993925064791,1.3195253123729138,1.2727992234771848,30455,34058,2026-01
1767949200.0,9,0.03812040250329533,0.03962496688617644,0.7150955822643408,0.6611948053794076,0.7608464565916643,1.121404921017963,1.0628246346127261,17854,14503,2026-01
1767952800.0,10,0.003306435400323967,0.017848109834994862,0.6386929704686056,0.5510603925064393,0.6696057720055287,0.8275541050662003,0.9564187106157244,9121,9230,2026-01
1767956400.0,11,0.004147053478736758,0.0028513722221657893,0.5776334889488826,0.6274686260314737,0.6728206085102122,1.0795715662917107,1.1198641218644882,11602,12364,2026-01
1767960000.0,12,0.019734437528258753,0.017837950958240516,0.6137202266067058,0.6694559570257513,0.7301897815699054,1.21054979358362,1.139395594504908,14898,15716,2026-01
1767963600.0,13,0.030178648314126155,0.027705398746458748,0.7587633707848569,0.7756152248760673,0.8309652591284123,1.1884033151781022,1.178117046698245,24411,25108,2026-01
1767967200.0,14,0.037210501017500786,0.03156475225690292,0.8213662089883038,0.8299980537583558,0.885751320949878,1.3030300789513785,1.3461281258669977,41284,41935,2026-01
1767970800.0,15,0.014864930067708058,0.028330521749183702,0.8831508264112228,0.863543591351183,0.9241171735233755,1.9931176198558902,1.681330319265344,86067,83979,2026-01
1767974400.0,16,0.013764343734274582,0.0205048739224424,0.8300887147677375,0.8195670525967991,0.875655366566791,1.2855433942298622,1.2156771951521064,33449,33976,2026-01
1767978000.0,17,0.012604103006266285,0.013877206208743937,0.7768750470555663,0.8154121294976924,0.8502732045026001,1.0280272537878041,0.9891897709806697,20855,25339,2026-01
1767981600.0,18,0.03199343458430751,0.03671858359427361,0.7691791170314737,0.8485630023958787,0.8835161956384341,0.9860667005515484,0.9171183702209212,23172,30454,2026-01
1767985200.0,19,0.017011065442742737,0.010417792066356703,0.7857783532968798,0.8417154165690747,0.8743797542007232,0.8738505444065173,0.7826226634908887,20435,23455,2026-01
1767988800.0,20,0.007714066176020407,0.003996708513101893,0.8077281518921369,0.7992592203241474,0.8464366677081709,0.7675274723468546,0.7979204682334023,17373,17837,2026-01
1767992400.0,21,0.021530297978366912,0.020001115507789217,0.6716180871463168,0.7365585515392625,0.8134391241892945,0.6788480582383453,0.6539577547076277,13727,11192,2026-01
1767996000.0,22,0.005412317709769609,0.008446285514270508,0.6742320564453301,0.7216673898298279,0.7804844837962692,0.7647176509523796,0.6470561398915241,12518,10682,2026-01
1767999600.0,23,0.0053469916940911575,0.004899959900644626,0.49731254648038303,0.5403468704588971,0.6188502508066808,0.6448230978797062,0.6685056133322019,4960,6384,2026-01
1768003200.0,0,0.0013980526628184968,0.007204029051490867,0.42507382001342214,0.5047101045911991,0.5705712113521614,0.7670624013554425,0.6664687434806781,5275,5744,2026-01
1768006800.0,1,0.00016543453157109387,0.01119101094888297,0.4629082028682744,0.4389332597183914,0.5185158063831401,0.6753886605814716,0.6973406561407486,5062,5141,2026-01
1768010400.0,2,0.003504545482644567,0.00811853593973599,0.4547723069731742,0.3519703170634182,0.5379974409618358,0.6626295588105161,1.0867559816845032,5232,6783,2026-01
1768014000.0,3,0.001746369861328998,0.0008162974088254513,0.4380371265231103,0.40710027259213805,0.5759634691665438,0.6132238820730883,0.6108016371269932,5255,4831,2026-01
1768017600.0,4,0.007492958563848973,3.439763320556038e-05,0.37531738979546314,0.5244225931299197,0.6094454577065187,0.7317175900208162,0.7538522481662525,5425,6992,2026-01
1768021200.0,5,0.006103107551214024,0.0022527647038531077,0.39031131799101004,0.29544207240327625,0.5140706948665275,0.6112813935902395,0.5711879679084156,4615,3465,2026-01
1768024800.0,6,0.0012059146092371434,0.003381381861587458,0.28442702457586383,0.4635981538443064,0.5690325459806381,0.585326431886397,0.6107350388967591,3618,5185,2026-01
1768028400.0,7,0.0003589652283983804,0.013265931469560307,0.453660842215893,0.4254745297185905,0.5507030574016082,0.8407763409489566,0.6273248715051745,6760,4847,2026-01
1768032000.0,8,0.0036825236262943476,0.003835597068611623,0.4706247254594222,0.5034034421759472,0.6079947996366201,0.9096304733007072,0.7588951815413032,6826,7193,2026-01
1768035600.0,9,0.0004498024151601848,0.008863772514412591,0.44146716764036953,0.4370214917865015,0.5295210686028112,0.8419596541501282,0.7593232400951959,6435,5848,2026-01
1768039200.0,10,0.00029449178478089795,0.012965622688628367,0.40854932501898367,0.37806653228423637,0.4880779871305636,0.7885699113755358,0.7677597872003856,5557,5277,2026-01
1768042800.0,11,3.189332553287528e-05,6.116721749741948e-05,0.22636554227013955,0.34012621962192285,0.46305713355674116,0.7755521224415696,0.7589500004953608,4503,5113,2026-01
1768046400.0,12,0.0024753833267903837,0.011863378329360899,0.35941620217194176,0.3765946014995762,0.4560101716491362,0.771191756479719,0.825598514528282,5122,5391,2026-01
1768050000.0,13,0.008499038077551918,0.0015637722097045746,0.29400733284962044,0.3479759908472879,0.42991061482936255,0.7809091305837288,0.930873512919344,4549,5914,2026-01
1768053600.0,14,0.010364336072531566,3.595825520257477e-05,0.3459389930328049,0.39632438871114445,0.4563725965387064,0.8056280209596772,1.0085738693977924,5080,6693,2026-01
1768057200.0,15,0.00010564206200058058,0.013540487697942053,0.25168258519880654,0.23908452003460517,0.38768336353545785,1.1480812108109903,0.9199576471030649,6770,5021,2026-01
1768060800.0,16,5.140660891497822e-05,0.008169964852669069,0.22999640802431226,0.30189505248189225,0.4507056670223481,1.1522804708235157,0.9861324450940918,7542,6252,2026-01
1768064400.0,17,0.0025515978911567006,0.020368890150591526,0.21429882286007623,0.38974731337573126,0.5047727086542146,1.0093404662005128,0.8544930712097947,5665,6491,2026-01
1768068000.0,18,0.01894065013665345,0.028794651730692372,0.23792422903753235,0.24137283362365772,0.3710136689741474,0.9276260326156409,0.8654491894578031,5339,4883,2026-01
1768071600.0,19,0.005051021450286346,0.0031108327384469234,0.16524963167365492,0.1600399380725466,0.3566542102245263,0.9739234905269336,0.8479984535690885,5513,4117,2026-01
1768075200.0,20,7.574854283700578e-05,3.059023205018258e-07,0.11761552147784539,0.2713739987514076,0.3783516616170684,1.0025489412001238,0.8702051444998382,4750,5079,2026-01
1768078800.0,21,0.00921720539633871,0.006474285164919491,0.22762253696609874,0.3697699811652072,0.4456283981598927,0.8715573873188598,0.839223346054622,4961,5560,2026-01
1768082400.0,22,0.019916994658590002,0.009681017619773701,0.43435095526198736,0.502359688576315,0.5899165572983418,0.8294152676485798,0.8270864648856138,6357,7424,2026-01
1768086000.0,23,0.003171997901685099,0.012007433370274934,0.434199845559021,0.4384652499060438,0.5536250181391179,0.741917908344441,0.6463667851829319,6010,4992,2026-01
1768089600.0,0,0.0002091382267697948,0.009414299136233834,0.39234713382754777,0.4099744226954972,0.5325703686415044,0.780505081500368,0.7896082203170538,6030,5729,2026-01
1768093200.0,1,2.3276230516253765e-05,0.00011386164049165404,0.3057662501585886,0.384793652372516,0.45972437449483783,0.7101583936607506,0.7064798562513344,4662,4751,2026-01
1768096800.0,2,0.005465963979963619,0.012830391521255785,0.38943033667036403,0.2759631562149869,0.4672666268860525,0.712698591509321,1.0180711401800868,4873,5840,2026-01
1768100400.0,3,0.0003824566057835437,0.0019257432037547476,0.347750292197393,0.26977675870759765,0.4403855551605405,0.7352819376663537,1.1037651755749887,4744,5691,2026-01
1768104000.0,4,0.019575056044651856,0.00215517352551713,0.36579726736663704,0.32180948443147195,0.46092272743051865,0.7040896232060112,0.6346597423948465,4808,4101,2026-01
1768107600.0,5,0.02164564645203769,0.024567412785371032,0.3510468728113238,0.3026214272569454,0.4329814592466757,0.6534932065416825,0.7690744729877377,4268,4555,2026-01
1768111200.0,6,0.008154235503424671,0.0007861304663022856,0.3874927333765947,0.3851401560325147,0.5079479359806749,0.6257545496459577,1.1299661922488067,4692,7652,2026-01
1768114800.0,7,1.8886506791378193e-05,5.953587802493144e-05,0.2128613415521669,0.2415615641444428,0.3810390751669177,0.6971404477180116,1.021991271862591,4070,5136,2026-01
1768118400.0,8,0.0017701067009265182,0.013527822193894935,0.44957688234683874,0.5053146643489164,0.5657053393115219,0.9347317250928623,0.8706751536829799,7113,7398,2026-01
1768122000.0,9,0.0033004664275663315,0.006118273768600618,0.4362865640069086,0.47505193405333146,0.5316418357841696,0.7321596308574555,0.8169739139755032,5204,6386,2026-01
1768125600.0,10,0.0004590980936369863,0.00691523848523655,0.22134872093129185,0.3027537478072053,0.4096345704229332,0.8421003131674525,0.7563809616984464,4375,4722,2026-01
1768129200.0,11,1.3230703226707372e-05,0.005469586520869734,0.23564259278948516,0.21772228249264622,0.43377046570234973,0.852095610270652,0.738656460030967,4530,4771,2026-01
1768132800.0,12,0.0025063807804558916,0.021959815626470074,0.5109362774942905,0.40126979283165726,0.5467600491226665,0.9809488690157164,0.8873970981760897,7806,6724,2026-01
1768136400.0,13,0.0028443844975883786,0.00022225233005779814,0.3087646488522765,0.43604357814123673,0.4871562263128669,1.0294864108803332,1.0548532456775166,5880,7472,2026-01
1768140000.0,14,0.009143225479038938,0.021147585213901438,0.5499327362593273,0.4446548381415474,0.5849838335833741,1.1723665112488777,0.9992673428185441,10245,8144,2026-01
1768143600.0,15,0.0025380856310211965,0.0013403945744527928,0.5884971772818295,0.5674782471403563,0.7919546744620917,1.1950167582896665,1.160382498612325,12517,20469,2026-01
1768147200.0,16,0.010610984929653124,0.009138498942198,0.63414590336571,0.500340257607279,0.8297338379089158,1.0769261663137581,0.6902222860402759,15335,15639,2026-01
1768150800.0,17,0.00011490489053766593,0.0019809476472532703,0.5290129728364428,0.5696403810382076,0.6510397926531134,0.7980812538915817,0.7739800867209718,7388,8059,2026-01
1768154400.0,18,0.0037869957883393244,0.010836442238842055,0.48200970378709074,0.4948937982132293,0.572264349577667,0.7074025440024856,0.8229958555052117,5872,7022,2026-01
1768158000.0,19,0.006255821496441506,0.0005373138752418439,0.4395529204185494,0.5545318710051269,0.5934258171396638,0.7677201996678817,0.8045889033389236,5595,7179,2026-01
1768161600.0,20,0.017635202915438113,0.010999099400107851,0.7030387206685939,0.7451872130369616,0.8001152204451384,0.9047500007940286,0.7471243436515548,13972,13909,2026-01
1768165200.0,21,0.008837683587713087,0.007269553800629914,0.6554459693674016,0.6464403134465067,0.7097991785611061,0.744704863953745,0.623818858473843,9354,7473,2026-01
1768168800.0,22,0.012358209821207684,0.010843534683529292,0.6434973741633999,0.7257338048035353,0.7702143642392922,0.7039780225151683,0.6132835031669589,8698,10002,2026-01
1768172400.0,23,0.012330516961530726,0.01260470737198495,0.8271147592300967,0.816919356412768,0.8792400271908125,0.8095236377376572,0.6836998944360493,24311,20044,2026-01
1768176000.0,0,0.009908820770065625,0.008177104696664524,0.8226223533444298,0.8097475594837795,0.8640159463354843,0.9317001175551101,0.9283905953717809,24541,24717,2026-01
1768179600.0,1,0.01341621073169443,0.025493783346234426,0.849581690444206,0.8465647455013978,0.9037338912206614,0.8576336956255021,0.8326361600466091,31197,32047,2026-01
1768183200.0,2,0.020320883733688337,0.024347829273701407,0.8331360577912972,0.7790961020538532,0.87694728457049,1.0187520914049708,0.8796496845199663,31373,21342,2026-01
1768186800.0,3,0.018134741941587564,0.01889798248014864,0.7628133790080307,0.8060695059555876,0.8336850286877896,1.1167202235673441,1.0315778096009167,21388,24253,2026-01
1768190400.0,4,0.004063798938723714,0.008246686126798195,0.7143628666577658,0.6867918445794394,0.7462988884062197,0.9679744503264268,0.7720343542946907,13610,10424,2026-01
1768194000.0,5,0.008799871246979259,0.0022498045699113622,0.5948247177651838,0.6584419427541829,0.7032597149550087,0.7192509951758239,0.6430681074356408,7697,7876,2026-01
1768197600.0,6,0.010236136365954688,0.004215676252095632,0.5842440408437664,0.6592550010383491,0.693385771309637,0.8212240489272911,0.7911407098567018,8594,9637,2026-01
1768201200.0,7,0.020386550422705183,0.009961376260923716,0.6610737476376347,0.7330671546360362,0.7665059599681459,0.9912212189200309,1.027928415516345,13200,16567,2026-01
1768204800.0,8,0.030183509000859657,0.013603322422674063,0.749484270739984,0.8450501704444057,0.8647605256685893,1.3378773986629127,1.24673082071381,30879,34200,2026-01
1768208400.0,9,0.007860288433707733,0.011493749514426162,0.7343773947362403,0.704429680951868,0.7581560062720418,1.0009602159906636,1.1330183935966849,15358,15608,2026-01
1768212000.0,10,0.012325622292761532,0.006712196396174608,0.6108724702296551,0.7334521631290595,0.7545689460532682,1.1066679149336578,0.8366966717464733,11390,12477,2026-01
1768215600.0,11,0.013662736612954252,0.012421547970821031,0.6125994573725277,0.6150356646946928,0.6599692001423099,1.2573049471136986,0.9008868685119079,12654,9808,2026-01
1768219200.0,12,0.001025580317081438,0.0013481942843550057,0.5283265105990026,0.5079129559452427,0.5587651087578457,1.2706402205023408,0.9459591872053861,10313,7693,2026-01
1768222800.0,13,0.016917696326156112,0.0076814774582693755,0.6093976443188717,0.662616698703165,0.7051019245511991,1.0899069261730134,0.9396959068843355,11109,11851,2026-01
1768226400.0,14,0.02462288429430765,0.019193970209551714,0.8364223264005914,0.8479469790113456,0.8917503609785743,1.3710719822988002,1.104409663653562,42118,39006,2026-01
1768230000.0,15,0.011370073840262306,0.013285315845370503,0.8766121482338929,0.8355722443729919,0.8929960647859825,1.247463521375741,1.2539683994051902,41038,36894,2026-01
1768233600.0,16,0.013703412644796081,0.024444761560438965,0.8322956678202371,0.7927954352165746,0.866671374805508,1.3186696532263102,1.626286248072751,39144,39279,2026-01
1768237200.0,17,0.023310720328392143,0.014620092040619611,0.8274316828652689,0.8672304476166179,0.9009270260548887,1.0222698824805083,1.1693245227153855,35029,40868,2026-01
1768240800.0,18,0.007557585654283377,0.009006343203164745,0.8257615582827909,0.7640852108208861,0.8551266734722731,0.8420579188750511,0.9423366917174572,21625,18537,2026-01
1768244400.0,19,0.013020775401776277,0.02204176825182736,0.7624554467066025,0.6685944354514001,0.7966212003331296,0.7336339265211402,0.8426092075865602,13617,11285,2026-01
1768248000.0,20,0.010225908205096942,0.014093999216223016,0.741923306392959,0.7608006469475781,0.7946156492414089,0.7649476689284658,0.7864992506328282,12720,14188,2026-01
1768251600.0,21,0.017300569523093366,0.0077063892331416355,0.7046743298038204,0.8005678471053603,0.8253143758912861,0.8200813059348572,0.7627796415114574,12410,16396,2026-01
1768255200.0,22,0.012599444028354223,0.00847084803657541,0.7424211071558224,0.7133307298033172,0.7783248202061117,0.7841164709708993,0.7114753285458729,13133,10428,2026-01
1768258800.0,23,0.0050716631498565505,0.012462254968072425,0.6296689256330271,0.6595046378546486,0.7010751488899767,0.7592058699537548,0.6541407604730008,9006,8014,2026-01
1768262400.0,0,0.00748588173029608,0.016663836821311395,0.7271006445262644,0.7091242222889413,0.7801842086234226,0.8238161625017835,0.7381815936183691,13390,11274,2026-01
1768266000.0,1,0.002474610167648484,0.0007011447869830912,0.6827981429757471,0.761576171225506,0.7846673438286503,0.7843921561502274,0.679105377820289,10747,11569,2026-01
1768269600.0,2,0.00272786684249832,0.0005017060043099006,0.6005294380185257,0.6719542275499686,0.7057891780024131,0.8143395100598394,0.6845855548774142,8973,8480,2026-01
1768273200.0,3,0.006303275436403349,0.007943380733703003,0.6528911625867395,0.6288355147770259,0.7116001686588712,0.8802018043303114,0.6559358888022904,11103,7308,2026-01
1768276800.0,4,0.0013228952143479345,0.013675820837408943,0.6737609027097774,0.6240095971185917,0.7149765324106281,0.7561828916350669,0.6743499960267476,9576,7703,2026-01
1768280400.0,5,0.012519484277591243,0.02789253768072837,0.8290000306057795,0.7562117360959362,0.8699646682660432,0.9047575774972921,1.0663207882119812,26183,22993,2026-01
1768284000.0,6,0.01021421257376314,0.017601570524921558,0.7692181332484627,0.7336636791030764,0.7968449875508029,0.8909132668824861,0.9597243209663484,16269,15308,2026-01
1768287600.0,7,0.00345688749517505,0.006924324154719574,0.6520441159528164,0.624010092665069,0.7012897561628086,1.0867144910961404,1.1705148117258417,13243,12151,2026-01
1768291200.0,8,0.0019784575475880087,0.013764365408880713,0.628643485425296,0.5410971118581266,0.6655629515173066,1.1624161780192857,1.0765618990098424,12595,9554,2026-01
1768294800.0,9,0.014919286728603378,0.02372179904572033,0.7951304449611866,0.7639477408075744,0.8408511616680676,1.3991540036809678,1.4085437367678038,32589,29068,2026-01
1768298400.0,10,0.007643269803753306,0.007867989120643267,0.6179667150541095,0.646377255667211,0.680072014709323,1.1234595929433524,1.1698350981449075,11932,13433,2026-01
1768302000.0,11,0.005662931531888526,0.01926566163433917,0.6043771428911344,0.6200956103911013,0.6512146098593997,1.0060105171447167,1.0176517403917056,10127,10844,2026-01
1768305600.0,12,0.01799542907738132,0.025111382501412382,0.5868815736625058,0.5505211639827852,0.629725505488662,1.0452060045644802,1.0479763297676288,10361,9897,2026-01
1768309200.0,13,0.0332855928213549,0.04392832136990226,0.7957475857480262,0.8043096190080027,0.8709727487367728,1.1688328368722567,1.0906871541599223,30909,31912,2026-01
1768312800.0,14,0.023449160140439795,0.03027946785702347,0.8494293584489195,0.8184527909913938,0.887026514564634,1.4203527772575044,1.5642337763080962,46938,44916,2026-01
1768316400.0,15,0.037270290051359,0.026675235017403306,0.8546621875951098,0.797677478251779,0.8951297638130643,1.435664184740854,1.8186698037754092,58644,47639,2026-01
1768320000.0,16,0.027617327097186155,0.03346748823402919,0.7941494607899814,0.7651978360058783,0.8519642181853873,1.7669095663100443,2.2083047614744307,46607,46158,2026-01
1768323600.0,17,0.027979253626087292,0.02484925619105093,0.8032058878302181,0.7947268689464632,0.8552134258687502,1.1027447774767822,1.415501643584775,30472,31403,2026-01
1768327200.0,18,0.03759498234671553,0.026450567530334507,0.8035446536394201,0.7780605258876109,0.8675532346340551,1.0007122260430614,1.3255195961661321,31197,28565,2026-01
1768330800.0,19,0.027631393460614263,0.03202610597309581,0.8165590876586615,0.7308503089548352,0.8623471147211721,1.05771517531402,1.4529512847302466,31614,26168,2026-01
1768334400.0,20,0.03593652737304651,0.03289296280735069,0.7938251381363842,0.7785350168736593,0.86693018047378,1.161697042569993,1.858439542633899,37337,41122,2026-01
1768338000.0,21,0.03116866197249093,0.020049428691491712,0.6919306360658577,0.7514433315348483,0.8015650439865507,0.942915741791734,1.4024773787137947,19457,23524,2026-01
1768341600.0,22,0.058955038964459854,0.04370960347447235,0.8345152692493865,0.7923839198168561,0.9437870333015196,1.349216549088753,1.8537957236648712,92925,70548,2026-01
1768345200.0,23,0.02413236470057974,0.026545806891826073,0.7424532128099286,0.7348227147386683,0.8023533445544111,1.385336060217967,1.813725939690056,26796,30134,2026-01
1768348800.0,0,0.027424963084239626,0.028352062480172524,0.7115327470800107,0.7224988698940435,0.7930693462284717,1.1513136137789721,1.373596753149101,21273,22225,2026-01
1768352400.0,1,0.02283825608666952,0.0360671129302379,0.7227604047401043,0.7322018835346,0.7974384998824813,1.0376856747305665,1.1002915963484072,18443,19546,2026-01
1768356000.0,2,0.05130020931841108,0.029723703874274577,0.7061957371191282,0.670475568008532,0.7778030256858653,0.892418273623256,1.0099305641966645,16042,14084,2026-01
1768359600.0,3,0.04239148446521803,0.0170243304324581,0.651639098020792,0.5826210670215748,0.7034677857782751,0.9731045641172855,1.027405498000417,12962,10154,2026-01
1768363200.0,4,0.024322326126648905,0.024745746869430985,0.6353627096659797,0.7113718287147647,0.7551653913187549,1.1080870761177188,0.9637838046669199,13663,14972,2026-01
1768366800.0,5,0.03658771566962725,0.030974706363476375,0.6655791812691523,0.6780947796604899,0.7373462879769436,1.1726201023080516,1.3988346384122687,16883,18174,2026-01
1768370400.0,6,0.030175989639543693,0.027599629493261904,0.6956849417009054,0.7254409869214353,0.7729823780089872,1.3224814142851054,1.4796196306890221,21279,23195,2026-01
1768374000.0,7,0.02298426424892444,0.02611212128174923,0.677107376195922,0.6421176611647119,0.7437297613713284,1.2527954124456744,1.4878257051550718,19000,17062,2026-01
1768377600.0,8,0.031441928656460935,0.027286893288492764,0.5824145761216378,0.6209719631390894,0.676106895923625,1.0686646058656073,1.0942492157801542,11905,12095,2026-01
1768381200.0,9,0.027459631334509193,0.034253714773587754,0.6740987742395587,0.6326868564336633,0.730349893319369,1.1413030717014223,1.0372482022977274,15765,12274,2026-01
1768384800.0,10,0.02793359791372278,0.0332179887017296,0.6915631550096978,0.6881080510440851,0.7491854272875215,1.1485203813796279,1.2187998597656002,16091,17832,2026-01
1768388400.0,11,0.022705471522816496,0.026367079281496616,0.632950448282405,0.6728362676478428,0.7264855062178017,1.197267847949865,1.2612054322656505,14347,17285,2026-01
1768392000.0,12,0.03194834703493302,0.03394068064384792,0.6849201375212022,0.6711241043022738,0.7545262319430549,1.10399391965791,1.111737951280053,16284,16044,2026-01
1768395600.0,13,0.019034278379214068,0.02306256328382349,0.7023986348811023,0.6819559643921074,0.7430150809309822,1.1361604028654928,1.226033367177839,16482,16297,2026-01
1768399200.0,14,0.03843558924237777,0.03450454241324166,0.8567812779976609,0.7989760255879069,0.9089116644780472,1.6479054387148997,1.8096812312665274,78038,60175,2026-01
1768402800.0,15,0.03800705098885217,0.017282358263336628,0.7953230791309422,0.7880022397014648,0.8726987726657961,2.3899242350039356,2.377377531550402,71291,62197,2026-01
1768406400.0,16,0.024755619244206117,0.022450650170421093,0.7905608483502726,0.7701260690042298,0.8561235597011356,2.2879317215752613,2.2977687412447216,58380,50793,2026-01
1768410000.0,17,0.021035931089651683,0.018795616016721042,0.7842463098477382,0.7937347526917676,0.8531911718342472,1.7272886832001844,2.004799153553171,44788,47789,2026-01
1768413600.0,18,0.026506643603308587,0.01683165937010063,0.8015757104920573,0.8164287295760977,0.8700670758730039,1.2914188068944796,1.2920554320095512,35472,35777,2026-01
1768417200.0,19,0.019366513284419542,0.023975904212628477,0.8230629874367846,0.7739157080103222,0.8731192746119899,1.1251189585061052,1.171589812912258,33179,27309,2026-01
1768420800.0,20,0.004915729966185236,0.002799315583281332,0.8362158633313734,0.8092635053851644,0.8681752386746265,1.2726365242825466,1.2730733635093128,36444,31427,2026-01
1768424400.0,21,0.014753310077250024,0.01399038358974644,0.7185265542421934,0.7147016770411909,0.7853750035866758,0.9207244987813497,0.955917936462865,16060,15079,2026-01
1768428000.0,22,0.01578454075870447,0.016427181217137838,0.720068792704204,0.7988179515976777,0.8261217574795406,1.0283221785708172,1.0652845426690871,18054,22852,2026-01
1768431600.0,23,0.016313444859368104,0.015018533499213265,0.6868020906530117,0.7096165245103186,0.7565632514018654,0.9966551580494855,0.8238712359777784,14625,12219,2026-01
1768435200.0,0,0.01557597204830762,0.00742597778753666,0.6913690097724173,0.7525168070136004,0.7855710860239816,1.0253029994351728,1.0816242154393696,15144,18531,2026-01
1768438800.0,1,0.015567464150021535,0.016098171425908404,0.7131375164316751,0.7551049338598103,0.7912259643084555,1.0520887072825227,1.148578119257896,17656,20202,2026-01
1768442400.0,2,0.0179956641241097,0.021926254809614184,0.7332518500208332,0.7299336064431883,0.794539829761177,0.9688886484028901,1.140687806315431,17599,18957,2026-01
1768446000.0,3,0.020745569854109726,0.018409618535247134,0.7365285194183364,0.7754099520096983,0.8218549209503709,1.054733508263189,1.1863448529154492,19809,24473,2026-01
1768449600.0,4,0.008474611235507832,0.014992690099488788,0.7110672081503026,0.6744712074591688,0.749974616370491,1.0057061223955361,1.0033741503688651,14722,12741,2026-01
1768453200.0,5,0.01192107046192234,0.018924847950931602,0.7337167665320322,0.6670217698927039,0.7653762831800959,0.8737794374479767,0.944737817358531,13808,12028,2026-01
1768456800.0,6,0.012618226808811186,0.009559136290105765,0.6855216568640609,0.7040315971060693,0.7401244199700062,1.0310608597353978,0.9144285640316677,14116,12837,2026-01
1768460400.0,7,0.02619341830631802,0.021872616794786148,0.7021210186261796,0.6252017112951826,0.7476635298287057,1.2285710811676904,1.4445104934003843,18847,16027,2026-01
1768464000.0,8,0.010975568679682152,0.011807564527854949,0.4892702853231414,0.431746934750402,0.5302011096015361,3.0006577510245522,2.909702421681933,23415,20906,2026-01
1768467600.0,9,0.008626748545933507,0.02255133785230615,0.6206688462202198,0.5161873960704463,0.6375918567740338,2.5729365397911863,2.2368282240784576,25860,18328,2026-01
1768471200.0,10,0.01030922378274502,0.01659430838442626,0.5547003137961236,0.6177269817477727,0.6487796859029912,1.2064994053559333,0.9655258484480572,11475,10499,2026-01
1768474800.0,11,0.004953766706552893,0.009205088770896994,0.5257873662374394,0.632528836115252,0.6628529710022102,1.2446645977065005,0.9516371705151185,10154,10603,2026-01
1768478400.0,12,0.011328516811887828,0.01300208458705714,0.660720570197119,0.5620320827039368,0.7024294223821955,1.1946384456086852,0.9828147380810589,14796,9311,2026-01
1768482000.0,13,0.013319862196891291,0.011753732919819432,0.6766305639085018,0.6773826034291737,0.729117497709258,1.2828630587540806,1.1453551991932627,17656,15168,2026-01
1768485600.0,14,0.027074826341155152,0.02079927578294262,0.8021441522345938,0.841130795655016,0.8789545810870615,1.7350827537331746,1.6293527541599753,47497,50304,2026-01
1768489200.0,15,0.019449432521697452,0.04058710160624269,0.8757041331490756,0.8285524103491423,0.9173001841000905,1.5511916311381444,1.6539931895928903,63135,63292,2026-01
1768492800.0,16,0.017420595068214906,0.03182518049752477,0.8714705473167131,0.8130818193839512,0.9018891989468155,1.1326182694766367,1.7070358419899676,43758,50028,2026-01
1768496400.0,17,0.00350325203412502,0.008545632390465624,0.8764202257645012,0.787004388492714,0.8866192103242109,1.0980154958597381,1.5842436209077768,33020,44012,2026-01
1768500000.0,18,0.017565769627905202,0.016066748186071806,0.7856283603461184,0.8013381629973998,0.833510348115826,1.070016224515586,1.5348132484949093,24203,32238,2026-01
1768503600.0,19,0.012928904511402503,0.01267759888780675,0.7896012920067369,0.8388015553259517,0.869204697193034,1.2669714093152258,1.2035589742815311,30062,35164,2026-01
1768507200.0,20,0.013426772790967057,0.012699335707144366,0.7773671570339896,0.7794145428413358,0.8218527480148242,0.9233232562528629,1.0321197106007827,18870,20693,2026-01
1768510800.0,21,0.007886093230755458,0.013259624168093398,0.6863042487884523,0.6274847363082464,0.7305082249742965,0.8641738463207719,0.7012323543814432,11689,8094,2026-01
1768514400.0,22,0.010992422442568822,0.009764542835259103,0.6868264676910278,0.708080343995832,0.7448727712969536,0.8790878824683785,0.7642571727137296,12334,10886,2026-01
1768518000.0,23,0.015529164309152499,0.008317177100349005,0.6399263161890968,0.6754655510028984,0.7093222597224343,0.8493665594308945,0.7233571899319755,10423,9053,2026-01
1768521600.0,0,0.009949134621092759,0.005022913478465624,0.6298729079105719,0.6107534955607801,0.7288234089907004,0.9135732810707307,0.8991085430974226,12481,9359,2026-01
1768525200.0,1,0.009062905062496747,0.012604430321640788,0.6628704704985121,0.6536367023646352,0.7089986773942205,0.9643049943226395,0.8357421845451319,12000,9995,2026-01
1768528800.0,2,0.01526430298469823,0.01222323648030881,0.6358508432408138,0.6844044173858156,0.7262692353261084,0.9433448128235679,0.826308926508578,12102,11047,2026-01
1768532400.0,3,0.009687986894368332,0.004681160772889119,0.4835729765844578,0.5526556318305966,0.5930392158196589,0.864501856109039,0.9117143447535466,7099,8131,2026-01
1768536000.0,4,0.013170874900056095,0.009486614884198972,0.6635816422172642,0.6487940782133542,0.7152683222832397,1.0799276213544502,1.2275153108185015,14107,14345,2026-01
1768539600.0,5,0.005587503810548315,0.0011255592526210308,0.7283339667429252,0.6315887624111207,0.8118498244867968,1.0734160171800469,1.0671729061943496,20549,12080,2026-01
1768543200.0,6,0.009882077704350596,0.006677238332411736,0.6242237683493953,0.5251543733856338,0.6711468389879488,1.0828179580150936,1.2185325903711492,12059,9885,2026-01
1768546800.0,7,0.008413017611844988,0.022372881611526427,0.4771035164107476,0.45397921478236136,0.5360949227025239,0.9649046334556804,1.4653793639328698,7641,10655,2026-01
1768550400.0,8,0.006874119250973269,0.017635977551772167,0.6135953125960403,0.5850116368164631,0.6717929208746781,0.992074358140479,1.2533073513821624,10902,12672,2026-01
1768554000.0,9,0.011107298470834446,0.013494820680104535,0.4487596861309602,0.5071192353328583,0.5565497696419095,1.0256432531286386,0.9769957825096732,7422,8116,2026-01
1768557600.0,10,0.013311395841730652,0.005965930900101628,0.5202333100019562,0.6355679616814423,0.6574977394566636,0.9965359741839863,1.0601713507667438,9043,11138,2026-01
1768561200.0,11,0.001336693472323805,0.0021948204139540487,0.5513389093323817,0.5403258197926345,0.5958880064965272,1.1778251581381818,1.020299156384551,10132,9184,2026-01
1768564800.0,12,0.006114469188419892,0.009613182350747493,0.5194877282809367,0.5487733234866277,0.5879863609439168,1.1346309485432695,0.9156826811723566,8894,8235,2026-01
1768568400.0,13,0.014852605995011202,0.01344460283186905,0.5531315930823831,0.5511607751860808,0.6068133380279376,1.0660597278054054,1.0901877787065453,9810,9928,2026-01
1768572000.0,14,0.014311166156779393,0.015306714105340312,0.7889232852779358,0.7901421414504682,0.8320332972245822,1.2625042580886539,1.4001202878115686,26424,29369,2026-01
1768575600.0,15,0.019922298068628375,0.023484635794274483,0.8263523620782594,0.8557641636609179,0.901231417657315,1.6827046830310832,1.6597973640321453,50968,60268,2026-01
1768579200.0,16,0.010518156741337539,0.011276009268178129,0.7752838246105109,0.7726848033818431,0.8131556766428939,1.4052879868453587,1.2545895221457832,26773,24545,2026-01
1768582800.0,17,0.0060393233791712735,0.008686227470933165,0.7403990487246479,0.7339604199753521,0.7819086810996964,1.0313178273404553,0.8570102676347938,17022,14115,2026-01
1768586400.0,18,0.006806944717119716,0.004886970772922078,0.7166511421332448,0.7246106102942268,0.7643488671680826,0.9203075553155045,0.8827948234465246,13894,13509,2026-01
1768590000.0,19,0.005029806404053315,0.006087560725203001,0.673721798039083,0.6791605887437178,0.7175341554866417,0.86143207656368,0.8131960269645144,10776,10477,2026-01
1768593600.0,20,0.009345205444881124,0.013781471236253862,0.763736968647988,0.684726199809502,0.8093178619729723,0.9809846882803348,0.8116300513853176,18792,11613,2026-01
1768597200.0,21,0.0074457233962929815,0.007031213204727699,0.7012175977677408,0.7122841195856157,0.775792592704414,0.8195777980788888,0.7679220390485636,13408,11333,2026-01
1768600800.0,22,0.012088948580050005,0.01120556099256385,0.6844589392494848,0.7119302157762827,0.7497487941459653,0.8309064084973005,0.7585598208658337,11468,11178,2026-01
1768604400.0,23,0.002978496976961064,0.005372759955866851,0.5491872469201502,0.5698432693246882,0.6114797627432219,0.760498924691615,0.6560809813664169,6971,6178,2026-01
1768608000.0,0,0.00292962897455122,0.016818131681886537,0.4731921448263458,0.5347897976323067,0.5738018442946263,0.792825047723885,0.7638870354893756,6557,6611,2026-01
1768611600.0,1,0.0018767533175147648,0.01074063098674561,0.40909662917635453,0.4948573873999819,0.5293803530466159,0.7677088922110498,0.6536884752236185,5331,5138,2026-01
1768615200.0,2,0.016038128424336297,0.00781797489643388,0.5164476715135764,0.5314405150659338,0.5852222132377561,0.7092446898435341,0.746585075305306,6363,6182,2026-01
1768618800.0,3,0.00014914319287642056,0.0006587825935660967,0.4017791388733443,0.3954510682201999,0.4693237743556031,0.7394373267802659,0.7513407229216347,5015,4787,2026-01
1768622400.0,4,0.006581121714244824,0.010719357559404057,0.35618725333123835,0.411578665366753,0.46135087117884305,0.7372571315300657,0.6483317372468989,4922,4337,2026-01
1768626000.0,5,0.013456982600234374,0.017044128373131365,0.3721804308830249,0.35316145316339337,0.45877805663281823,0.7179573717187676,0.6706868704202076,4849,3973,2026-01
1768629600.0,6,0.009687650633881856,0.02154314184737154,0.3870087723108026,0.46114356134862095,0.49219393879608664,0.8135744739637919,0.7573545677375195,5627,5539,2026-01
1768633200.0,7,0.014640243476820209,0.007494272617509807,0.4987509788161249,0.5399195849359699,0.5882018058729113,0.8902446046853641,0.9525857090010758,8009,7868,2026-01
1768636800.0,8,0.020113958684884827,0.0025409058558538877,0.45504170703573055,0.4083146781171465,0.5297980122871235,0.8838826980141959,0.8389729445921517,7000,5714,2026-01
1768640400.0,9,0.005081079621271114,0.009074645574335793,0.31922983532230004,0.31199522192613927,0.4280714192775225,0.76440679745616,0.7438085459468556,4790,4690,2026-01
1768644000.0,10,0.006538246424978985,0.014909777030544743,0.25034785161132656,0.37595386633429584,0.4218607926602342,0.796981568041688,0.9347928516046026,4958,5823,2026-01
1768647600.0,11,0.0062323795393274236,0.0006072051265655312,0.4952079935277505,0.3441281001273026,0.625068557967903,0.8808333968409914,0.9045895172530802,8560,5747,2026-01
1768651200.0,12,0.002756712987715511,0.012378810095820026,0.33471345773047273,0.47832265358097376,0.516724099050251,1.0869501559113672,0.9813065597822217,7027,7530,2026-01
1768654800.0,13,1.528037667472436e-06,0.005497846059104942,0.4638206142500443,0.41258568886881974,0.5058816688030082,1.1046655642044272,1.0696119085007403,8086,7261,2026-01
1768658400.0,14,0.0017276628998504824,0.005621201009831573,0.4878426902711959,0.515670513626083,0.5486521037176411,1.1083331924206172,1.07113662557654,8254,8743,2026-01
1768662000.0,15,0.0011723054366208263,0.008751206878221764,0.5745707373683634,0.6814610857111645,0.7779646968071805,1.2498623976758063,1.2413800772492027,12256,20736,2026-01
1768665600.0,16,0.00734747227400425,0.015876541270814514,0.5206710428369372,0.627756808550618,0.6680130223303039,1.088208233010072,1.1671732325163469,10686,13058,2026-01
1768669200.0,17,0.003471854200702647,0.0009510616946226899,0.42115955110786124,0.41331534016033245,0.5389461585331077,0.9189922354068764,0.8826496935854979,7221,5974,2026-01
1768672800.0,18,0.006293154963163274,0.003497142237076419,0.3505157707304866,0.2685058347069083,0.438928602567098,0.7517956708254382,0.8906850301949972,4862,4775,2026-01
1768676400.0,19,0.00011819050638753343,0.00027403774056767227,0.17595760948140973,0.33422208640818674,0.3757792935691853,0.763796956210581,0.8504460750438284,4418,4816,2026-01
1768680000.0,20,4.300928393399297e-05,0.014847052057118192,0.2885318844275931,0.19038704851591645,0.4238371879170899,0.7410654032231968,0.7621916015121627,4650,3749,2026-01
1768683600.0,21,0.00043608992195313956,0.005551741334705562,0.3729501255091126,0.5349775310015277,0.573191832382253,0.8112853285614644,0.7699389604965233,5404,6616,2026-01
1768687200.0,22,0.011583627554524243,0.008717851297667601,0.5478545299679345,0.6389395428913612,0.674325290003704,0.8860118861861596,0.7991853881133126,8210,9021,2026-01
1768690800.0,23,0.0030691023270369364,0.003202012296840159,0.43064379104305317,0.49796962897340036,0.5341395364193462,0.7542809315949659,0.667953513051711,5707,5223,2026-01
1768694400.0,0,0.003615774534536833,0.02073166089469505,0.4576255641008474,0.5341639318945438,0.5882487799179329,0.9104125202751028,0.679137721771022,7463,6303,2026-01
1768698000.0,1,0.010762557020052802,0.008640425625434503,0.5284415714744489,0.6430208079273239,0.6998317953856342,0.8292566250560487,0.9194792207711726,8181,11262,2026-01
1768701600.0,2,0.0025606464216408097,0.009596593327890821,0.4940163239520633,0.4672734238032063,0.6469517636435992,0.8719039191180475,0.6350372670764568,7033,6733,2026-01
1768705200.0,3,0.0004800111151919923,0.0029838255881668163,0.46034941241349053,0.32450007247169116,0.5286311730483236,0.7921234878125147,0.966552128190028,6064,5485,2026-01
1768708800.0,4,0.009039657668617323,0.00012589762189407465,0.3255763154456439,0.36299883124874904,0.45399567507762767,0.8051583987657199,0.9567450061589117,5419,5644,2026-01
1768712400.0,5,0.0007675737137983446,0.003971305666422603,0.5053133471400088,0.4421536212768671,0.565580010481017,0.8846798359968875,0.8842635242912895,7379,6306,2026-01
1768716000.0,6,0.0029398624377098537,0.0018180046599632735,0.3919131378959952,0.4250796779609782,0.5115875310384704,0.8177951832659952,0.8344810885238118,5787,6203,2026-01
1768719600.0,7,0.00439895764416086,0.0017497493899176074,0.46060762558211754,0.5096391429246122,0.5506112512314297,0.9980453995864553,0.9624430210748507,7740,7729,2026-01
1768723200.0,8,0.0003886323889178549,0.0010805250311234796,0.39496160859598745,0.32897851624616803,0.4846487661179438,0.8991931511451412,0.7970872524459766,6289,4549,2026-01
1768726800.0,9,0.0002740090091374772,0.012240085318551022,0.45740017186755993,0.4581261317356427,0.5582634931684268,0.966115210117108,0.8713064697086323,7833,6826,2026-01
1768730400.0,10,0.013036198524632177,0.009771731202084428,0.4495734107334707,0.5160634250125785,0.6078969205031403,0.949489614964795,0.7607657219219159,7787,7142,2026-01
1768734000.0,11,0.004913122421470799,0.014423120369794963,0.35591554730701935,0.42952835636851433,0.47673971325631226,1.0633407394352137,0.861845608209833,6532,6132,2026-01
1768737600.0,12,0.0033387546889207145,0.0227117537104819,0.270997246328448,0.4219158343695459,0.5192445390201508,0.8799527509542884,0.8331055314213349,5267,6534,2026-01
1768741200.0,13,0.012975253145081998,0.02325133541775112,0.510955729806223,0.5794429467109456,0.6476724066600454,1.1549875421516103,1.0257178043055872,9858,11031,2026-01
1768744800.0,14,0.0035003006901552897,0.008296480426104638,0.5340620683675456,0.6602691641009677,0.7101182348164531,1.11802263425154,1.1639392566641606,10301,14577,2026-01
1768748400.0,15,0.0076654739370076086,0.004759328146467789,0.4533555714494081,0.4471636614618796,0.5287904498907839,1.170143087026669,1.0952378705452417,9040,8093,2026-01
1768752000.0,16,0.0018731049138880377,0.0016297720044201828,0.4367062930300225,0.505032958823834,0.627921509471981,0.7926971798886431,0.8688949261398622,7779,7564,2026-01
1768755600.0,17,0.003985258147424475,0.010148378838222841,0.45427371198754357,0.4062950144414526,0.5829656274400821,0.8226977556158905,0.9871348098800631,7259,6891,2026-01
1768759200.0,18,0.001384053908320204,0.010323883603776627,0.6393694542263945,0.5899272641667197,0.7059970338407903,0.9030043270709239,0.9772410313078506,11170,10874,2026-01
1768762800.0,19,0.0019314844646798439,0.000541846702550202,0.4874932921639623,0.5285289790311749,0.6358816443877874,0.7324798566781703,0.9287793430835999,6127,9306,2026-01
1768766400.0,20,0.00556423624371283,0.0006197090844888781,0.45358363684708913,0.5079580595275099,0.584830232137382,0.6714266744706097,0.7354951298395742,5600,6432,2026-01
1768770000.0,21,0.0003643291783901621,0.012588877744568742,0.4613588353000608,0.36080509111753295,0.549950640520982,0.6649930905261314,0.6829639583082517,5376,4751,2026-01
1768773600.0,22,0.0030422101628551803,0.0027746746339693575,0.49145766738451857,0.501131499205346,0.628742933605434,0.6661010813389311,0.762456315449546,6056,7489,2026-01
1768777200.0,23,0.028973645370423035,0.02019924527425045,0.766335205556793,0.8627119610289585,0.9059256667326714,1.3454832414955586,1.356312723759984,39161,59565,2026-01
1768780800.0,0,0.04219874126163222,0.03342013298515593,0.8056276896051916,0.8316859147751846,0.9302357746536049,2.682045730432603,1.72620256609145,94379,104912,2026-01
1768784400.0,1,0.015504324489260986,0.014598622375511907,0.7443958556865224,0.785825138453857,0.8604552543997027,1.7406895998668317,1.211222540468851,29647,33326,2026-01
1768788000.0,2,0.010108302724672126,0.015458580655206083,0.6744189357007716,0.7331306788697717,0.7636442327020544,1.330777352801646,0.8289908745142156,16172,13535,2026-01
1768791600.0,3,0.013872129555381398,0.0073840480645105825,0.6262206691970369,0.6177339514584199,0.6796684012684562,1.322496589131325,0.908630786639595,15072,9504,2026-01
1768795200.0,4,0.010862378261213236,0.010798629476510046,0.5849126243416417,0.664239288706836,0.7004050598777264,1.129333372533527,0.7727258913546755,11023,9631,2026-01
1768798800.0,5,0.006442188862478394,0.0065382797858956,0.5776221271221065,0.6950039225384275,0.7368913579819504,1.1988452433094077,0.7888286911625496,12130,11156,2026-01
1768802400.0,6,0.009256953241543844,0.008752379318756625,0.6106909135295738,0.6880976158126173,0.7280882162770164,1.2757542388128578,0.9360347463542119,13547,12789,2026-01
1768806000.0,7,0.006788645082038493,0.002787279152167968,0.4920994712697457,0.5936772519882532,0.6954486483601178,1.5034651656045919,0.9323407604303969,11385,11123,2026-01
1768809600.0,8,0.014251653822029338,0.018718262879547094,0.7401374499768307,0.7133984308844349,0.7955926802871341,1.3380804439011829,1.1531169714403784,22217,21829,2026-01
1768813200.0,9,0.012491794524808381,0.002541898133601013,0.6235575560386142,0.6911599499437129,0.7519116922258023,1.014367812392157,1.1490398778231306,11752,16952,2026-01
1768816800.0,10,0.015195168603038062,0.001102850649948828,0.5044592597256021,0.5619713939784047,0.5950675381097035,1.1019426624211799,0.9825059896178863,9059,8831,2026-01
1768820400.0,11,0.0047233213014943425,0.007755883959249946,0.5695599970077189,0.5520308157582989,0.6131622125622651,1.1281225748640393,1.072176335126374,10588,9870,2026-01
1768824000.0,12,0.022005779413320405,0.010930114031542103,0.6066251542081244,0.6480308066739897,0.6892335596713985,1.1418992953187062,1.1506777292302617,13110,13343,2026-01
1768827600.0,13,0.012802371438341169,0.01371557664524773,0.5857866684253059,0.5667892713076772,0.6380367005288711,1.2170225238880894,1.4624317268232614,12461,13628,2026-01
1768831200.0,14,0.02404010646961557,0.007664357923718527,0.6291695396665749,0.6773840818064302,0.7277141127389274,1.2403901123124865,1.2680902531497895,15043,17053,2026-01
1768834800.0,15,0.02215016874760481,0.012035110865271785,0.686005450624685,0.6811176853066229,0.7486789759564509,1.1320366971475684,1.0402974214032803,16384,14703,2026-01
1768838400.0,16,0.018646166041070795,0.015444923409521952,0.6560837069598722,0.6461606525933173,0.719669644876396,1.1630814131302247,1.0073291034126666,15247,12362,2026-01
1768842000.0,17,0.026923332778225097,0.009916717725300513,0.6043849135278482,0.6549496695175434,0.688924131194687,0.9429050258298964,0.9873100419752606,10712,11491,2026-01
1768845600.0,18,0.022140912840012544,0.014640556803048535,0.5700094748953832,0.6694064027810298,0.6957022728487364,0.8507426110604644,0.83567763492219,8811,10188,2026-01
1768849200.0,19,0.019983320584693303,0.014163299116053287,0.5302410739667106,0.5742414272489061,0.607575125401061,0.8660336301122368,0.7971105346680267,7707,7421,2026-01
1768852800.0,20,0.016456050341751998,0.022619738997692235,0.5470554978165141,0.5579302420658512,0.6207153938894296,0.8025202318312391,0.8312477016137048,7684,7800,2026-01
1768856400.0,21,0.023016420797251802,0.027070494448551297,0.5417216497290189,0.6165381757879033,0.6588114312956002,0.9401740864665213,0.835674192925484,8739,9270,2026-01
1768860000.0,22,0.030323778274041206,0.01898007759779489,0.6851227940776055,0.7820750492772152,0.8152798145193633,0.9253497014681891,0.8303305659576015,13715,17093,2026-01
1768863600.0,23,0.02658406340145412,0.021587424679453175,0.8224386192026998,0.8461077861194751,0.8907747097322977,1.0007909765730885,0.8406646028806282,30533,27130,2026-01
1768867200.0,0,0.024059652663708665,0.022408370624251713,0.7285816764661196,0.7597329677730491,0.8010837700733581,1.0245815799188858,0.7913866602177122,17282,15632,2026-01
1768870800.0,1,0.020415860655439395,0.011312839956415166,0.7153443147475564,0.7674551448604146,0.7949568392899561,0.9447041109084591,0.683064796205076,14395,12446,2026-01
1768874400.0,2,0.0204878067764294,0.022343573339319463,0.7023315696159851,0.7918835395610482,0.8192694357495196,0.8547158327661275,0.6197404451249069,12973,13440,2026-01
1768878000.0,3,0.028531118746428538,0.015356252602550509,0.6664066989389568,0.742298300554164,0.7670524276996921,0.802117047761601,0.679966365851143,10636,10853,2026-01
1768881600.0,4,0.04381998792457724,0.02198933226404823,0.6157073248744864,0.7512369224391992,0.7829465000414999,0.9184539864322082,0.77142610327377,11448,13516,2026-01
1768885200.0,5,0.050235566650684536,0.03425230293043035,0.773675231754821,0.8418361556452784,0.8798415564930127,1.476032242427333,1.167433141940684,38653,38587,2026-01
1768888800.0,6,0.06672753745807108,0.08361094264640086,0.48356104536338174,0.5578134004907688,0.6537258535285945,7.045417075163753,7.248936894467535,73246,78180,2026-01
1768892400.0,7,0.03940674491230848,0.040853591410626895,0.4531588156235782,0.40429872420400825,0.5226030542745062,6.28267732964078,5.709885345864941,47475,42424,2026-01
1768896000.0,8,0.029066087656691175,0.04392705805896466,0.5538030969261379,0.5889542658365844,0.6379048826362593,4.460405904021243,4.639983149355984,41296,48532,2026-01
1768899600.0,9,0.02581050054365646,0.040388041004319544,0.436702584765256,0.4519458205214208,0.4985038974793454,3.5583729120382626,3.6518449251085547,25195,26569,2026-01
1768903200.0,10,0.0421893725736471,0.020004437350158347,0.455253706650468,0.38373823677341434,0.49168751122465504,3.0252972892323604,3.025834617436749,22630,19032,2026-01
1768906800.0,11,0.015121732263277265,0.041359258685148434,0.38976462085122615,0.44493729231623724,0.5249731868121582,3.0761402227770196,2.6062394395743333,19513,21172,2026-01
1768910400.0,12,0.03742066717453317,0.044949352579106504,0.422755292523436,0.42642956942083776,0.48447948259879925,3.1875994464080657,3.010176490919392,21873,21404,2026-01
1768914000.0,13,0.03928419141319423,0.043290613238856,0.5288744277069686,0.5723903360865394,0.6292464400220728,2.929941565072111,2.9110745015695527,27045,29207,2026-01
1768917600.0,14,0.02130104044807034,0.04500150347528362,0.7391919982431143,0.7730655442175568,0.8081826814758937,3.383889679843922,3.036617283913358,57723,63847,2026-01
1768921200.0,15,0.050114820730771246,0.04870682649351643,0.7531091341802005,0.7579683893525935,0.8348177982030094,3.1621006440335258,3.1969084793339406,67578,66824,2026-01
1768924800.0,16,0.037127419116183336,0.03453293080342301,0.6768497014381818,0.7055409116969257,0.7480122794540819,2.7125074127854463,2.66722759025723,36779,39289,2026-01
1768928400.0,17,0.04164036817747696,0.045564217715522236,0.7021128981156248,0.7774082682018902,0.8220633861972055,2.8031212227278024,2.424442841892313,43655,53733,2026-01
1768932000.0,18,0.03946760871960827,0.03354544575417523,0.6876044372030025,0.7315138345699411,0.7776604843008639,2.1549728617879094,1.9162731720348263,30856,32976,2026-01
1768935600.0,19,0.04552811069524783,0.024667372545974984,0.7584618587784653,0.7265955288036346,0.8071034677286744,1.7636704522925137,1.6294955325940168,35398,28701,2026-01
1768939200.0,20,0.04164370382859288,0.037828603372800744,0.7544815702748551,0.7570123688810289,0.823585142780682,1.5941987095455947,1.3632829458892175,31137,28322,2026-01
1768942800.0,21,0.04502527370135041,0.033116934611752954,0.6499793964400543,0.7056077603525663,0.7526036235519832,1.1632672758947342,0.9060298800031756,14648,14052,2026-01
1768946400.0,22,0.07080554149669996,0.06786496672730624,0.7517790264618892,0.8462261751549458,0.9259202181280498,1.6851857359374989,0.8182915028312524,47058,56039,2026-01
1768950000.0,23,0.04697111309206469,0.04340815199877217,0.7131606169729616,0.7767725897362109,0.8197625143489518,2.4249004449113993,1.3725483345003153,39210,33108,2026-01
1768953600.0,0,0.026450772962072534,0.028973736615307496,0.6994836542366323,0.7575085638569722,0.8015653870371784,2.240368116961562,1.2114191439427553,31265,25393,2026-01
1768957200.0,1,0.04490452857590246,0.03618827872755535,0.6437600396467404,0.6949189923642882,0.7436557931834951,1.656794146018626,1.085984100731898,19725,16713,2026-01
1768960800.0,2,0.0188376944553637,0.039747347947187185,0.6480717751119104,0.6677196927041805,0.704386717439802,1.8279693817306752,1.4430182059150618,19845,19440,2026-01
1768964400.0,3,0.03877452375178088,0.03568000861891395,0.6663010893802902,0.5871583693535074,0.7011652486612282,1.4719034337041974,1.387413614138028,18705,14419,2026-01
1768968000.0,4,0.04172586221257118,0.047396668088022176,0.5100451592553442,0.5201963586280941,0.5917445958095305,1.2291065259304184,1.0949745905716424,10813,9702,2026-01
1768971600.0,5,0.035221810820939635,0.04456987720613775,0.6920230407343004,0.5901329753968847,0.7211543940398285,1.3809124380081894,1.1115403060225357,18429,12845,2026-01
1768975200.0,6,0.041019377887233165,0.04239524571394024,0.504086412462996,0.6114403872637945,0.6389803873875496,1.4980413239177364,1.393629248749724,12821,14579,2026-01
1768978800.0,7,0.03587997102723932,0.03591194031041655,0.5225988759856781,0.6246528318493971,0.6589479173919757,2.110701648826145,2.0796633052217914,18680,23134,2026-01
1768982400.0,8,0.028317602272620396,0.048855795493477364,0.623121091589877,0.7049455050432288,0.7470790816070392,1.5157564870821878,1.4358895522220767,18715,22309,2026-01
1768986000.0,9,0.033617571882521444,0.03616626391404338,0.5315161008238778,0.6167673448818316,0.6625151641516182,1.722614532223692,1.3580876555082573,16360,15546,2026-01
1768989600.0,10,0.018575365929531476,0.018670734759414886,0.4462360460732872,0.5339042136926822,0.5842058559407024,2.860409975943148,1.551876141534361,23589,14138,2026-01
1768993200.0,11,0.03254419539345875,0.03468348667016693,0.4458636277165413,0.6610784903908669,0.7004680966331036,1.7744730462063463,1.4613288231247532,16852,18854,2026-01
1768996800.0,12,0.055354240694739446,0.04514064769534672,0.6595937846829112,0.7494270198842972,0.805226551123706,2.686146641538424,1.9599244260535857,41646,40044,2026-01
1769000400.0,13,0.04334238903845412,0.0394361604466071,0.6290216273951096,0.6890490319759087,0.7326957636691833,2.454335241866623,2.025604867031276,29386,28908,2026-01
1769004000.0,14,0.04491335130436739,0.026187331604323547,0.8223746715203895,0.823545689585977,0.8806070773613253,2.6761644345387148,2.3840594100687604,84385,73600,2026-01
1769007600.0,15,0.03353601961578833,0.03365352064083767,0.7682580480369117,0.7714024834884232,0.819518198743729,2.9255151756752915,2.814518687619216,57388,56345,2026-01
1769011200.0,16,0.04169510354721689,0.04082597121673435,0.7364276478988374,0.8507310635271034,0.8891432086055149,2.7896780889198816,2.3641180302087563,68540,93084,2026-01
1769014800.0,17,0.04075550400037813,0.04644673500518412,0.7893512420746824,0.8430496576488805,0.8962213200493248,2.9104061679070363,2.0286713390002946,83531,81389,2026-01
1769018400.0,18,0.03538723724899257,0.0408484995558686,0.7772965682505298,0.8131044672707272,0.8640778040938083,2.0230664496984136,1.4648903000140359,45014,44098,2026-01
1769022000.0,19,0.047524807039071484,0.05204579187481984,0.8476364167494066,0.8463206082711067,0.9145811804418952,2.1752941945484703,1.6990138877295284,81238,74772,2026-01
1769025600.0,20,0.030452248563609938,0.025614587622095855,0.8227413135218035,0.8532041466397879,0.8878166137233288,1.4843255389129442,1.5804961432019486,43603,49173,2026-01
1769029200.0,21,0.03110037069734504,0.02941536259454824,0.7015163701739218,0.7508022063665213,0.7876082070755572,1.120475688712664,1.0028108870147765,16750,17915,2026-01
1769032800.0,22,0.03881835203199455,0.02170575743666826,0.6198731528091733,0.7632182710190054,0.7937079193612517,1.094254865414176,0.8649390344727009,13329,16001,2026-01
1769036400.0,23,0.03142738004817495,0.026979688584299655,0.7090723392992919,0.7976687293971501,0.8316316878499262,1.1866567596808855,0.9426956798892403,18809,22060,2026-01
1769040000.0,0,0.021112084224814993,0.028079467392165054,0.7134877266256605,0.7027002216987599,0.7546230676531503,1.416359406548244,0.9779531892576034,20132,14503,2026-01
1769043600.0,1,0.028542263735181494,0.0420485141419665,0.7257913626045422,0.7181537564294993,0.7805188040975559,1.1648584658854195,0.9382125108456438,18321,16216,2026-01
1769047200.0,2,0.035632510835493195,0.02587757743887438,0.7168824890428077,0.7444734852612549,0.7849568742879257,1.1561158195516008,0.980177410842978,17803,16847,2026-01
1769050800.0,3,0.03453894098195315,0.028867373068284907,0.6066492946691087,0.6858636203436604,0.7133857800290193,1.2313406042745918,1.0289344065785613,13583,13591,2026-01
1769054400.0,4,0.03287210098981612,0.027876428685785343,0.6092397585695669,0.6333458299167629,0.6781385958232087,1.2403634626007694,1.0086732069534305,13535,11549,2026-01
1769058000.0,5,0.01909483203291347,0.027981522062766318,0.5019930265570711,0.5318211091907596,0.5679942122237679,1.3200259985465719,1.1093879450147195,10408,9577,2026-01
1769061600.0,6,0.012475489399442768,0.03408454681276682,0.6049277195960174,0.5372937356200181,0.6300621422658338,1.3360438390377203,1.3953016771807052,13215,12386,2026-01
1769065200.0,7,0.024791248551203578,0.03425010728808151,0.45714380831191953,0.5568637531934196,0.5872055834771124,1.4894588434527034,1.5521541128446787,11411,14215,2026-01
1769068800.0,8,0.02727243393827216,0.032480901694927296,0.5507913645852521,0.5385229277331923,0.5991557208047625,1.4058840443926564,1.5317457756509163,12783,13415,2026-01
1769072400.0,9,0.022070549006282473,0.030441754585184635,0.47825770040605653,0.4478448200913025,0.5416580119384735,1.4452853141073079,1.4366843104805203,11660,10089,2026-01
1769076000.0,10,0.03032077781981672,0.02099989477910728,0.5055269037873494,0.5176534242480806,0.5619732107093037,1.5927633393138827,1.3156541823234469,13048,10854,2026-01
1769079600.0,11,0.027745206191014726,0.020835290997217933,0.44221536819523805,0.6226279322111715,0.6653901753705059,2.701817535216058,1.3105044672418686,21137,15247,2026-01
1769083200.0,12,0.012414793946322578,0.017012048175486242,0.4546373057076736,0.5144596831131395,0.556987199412377,2.0745894346990537,1.5480965338087165,16717,12759,2026-01
1769086800.0,13,0.03346270813311945,0.03925586568697149,0.6107349726244936,0.7279268253373229,0.7635172411144902,2.2674570374866705,1.6241953787645123,26105,27766,2026-01
1769090400.0,14,0.03146886873665608,0.03981350512285482,0.7558989467189612,0.811028455053145,0.8542821555771759,2.3192469730081826,1.9032273030748499,47268,52942,2026-01
1769094000.0,15,0.04763447516780902,0.049790657354401024,0.8116230047079764,0.822169938333592,0.9110248745177454,1.9309508267060467,1.7298636839335602,71330,63618,2026-01
1769097600.0,16,0.0428406325090428,0.04021399287851055,0.7438473960079794,0.8129683238350978,0.853839339715372,2.2709856512337914,1.5407619047658159,43976,43469,2026-01
1769101200.0,17,0.03807081135491044,0.03752867020778261,0.7516207213259821,0.7718216553363826,0.8272991256261566,1.7160615988907557,1.3122167149418325,33148,29055,2026-01
1769104800.0,18,0.031223415358680832,0.023520657208253897,0.7217501883958032,0.7629846692952144,0.7996958109777855,1.436508624580415,1.217240411051801,23477,23487,2026-01
1769108400.0,19,0.02881313890719962,0.03727081564719611,0.7598714208871803,0.758794070241242,0.820304674673948,1.3093795634899164,1.1171487001695581,25770,22701,2026-01
1769112000.0,20,0.03132891214675721,0.041427246652199955,0.7056244874234978,0.7780413408463729,0.8165587047138673,0.9892276225326047,0.912562081716722,15714,19903,2026-01
1769115600.0,21,0.028619637003176202,0.02071039988940746,0.6266753799999857,0.7568788422111459,0.7804915527609103,1.0010745139247637,0.7583797765288606,12254,13255,2026-01
1769119200.0,22,0.027288396461978264,0.01928680501116781,0.6449456779495304,0.7213570109760927,0.7523737274495844,1.0734956132462452,0.8301071997570122,13438,12760,2026-01
1769122800.0,23,0.029925958476426578,0.02344310915260034,0.6121154239948097,0.6731414939438954,0.7183531815915717,1.038989661307278,0.746575042478714,12136,10071,2026-01
1769126400.0,0,0.01995846937072307,0.03749062171564403,0.5020668619597126,0.6139700403812073,0.6476535590444732,1.1767136993656298,0.7372913173773823,9847,8427,2026-01
1769130000.0,1,0.030847832802833222,0.037940357350402,0.6706781370537154,0.586194370978795,0.7234147693815085,1.1913276658417147,1.0053016845356493,16113,11537,2026-01
1769133600.0,2,0.03377155993388135,0.033314467262966024,0.6379639856903944,0.6472456296680281,0.7264299819818927,1.1069333542237163,1.0188713690119777,14584,13552,2026-01
1769137200.0,3,0.029097370015622556,0.03278795234702357,0.5000898795372584,0.4387908364440981,0.5700551123966562,1.1842868382039673,1.2808125507758497,10303,9376,2026-01
1769140800.0,4,0.03298786468768827,0.03296054486321792,0.5523017635127574,0.5606646242035581,0.6171284123503975,1.2583194656243746,1.2023260534200282,11973,11347,2026-01
1769144400.0,5,0.027605733601504208,0.025009624867124425,0.5421516377458587,0.5530577866681368,0.6103438913911304,1.3113505923041917,2.615565517348615,13168,22760,2026-01
1769148000.0,6,0.025085220790383757,0.02359508944312158,0.6423636835156614,0.5301586321317511,0.7229597440439184,1.1956858725262172,3.1617524223656432,17877,27256,2026-01
1769151600.0,7,0.019018954317064747,0.016524445893777093,0.5844866285209649,0.5030045905971346,0.6205990772698597,1.579945225965971,2.6482100158848474,15932,21084,2026-01
1769155200.0,8,0.03066935576256862,0.03978535547159358,0.6197881648696295,0.6596969061322427,0.7585921923801081,1.3573699608369592,1.549299220568741,18878,23400,2026-01
1769158800.0,9,0.03621720719172538,0.011715035806874954,0.6366036080024035,0.7029436367500942,0.8200057784313356,1.7276742783853132,1.5012123486009166,37474,21397,2026-01
1769162400.0,10,0.025632733692020033,0.026211615392779705,0.5441803470331638,0.5956284817527313,0.6827409251819585,1.5516543276552057,1.336170006978621,17975,14513,2026-01
1769166000.0,11,0.021868112224466496,0.0333355596223592,0.5741949187803438,0.55055286241592,0.6243872140729777,1.5914328926226515,1.3448493123096856,15329,12837,2026-01
1769169600.0,12,0.020840764575871928,0.02461654516764359,0.44597826752416475,0.4790023146909375,0.5388055602098952,1.6089929196304962,1.3214702925619926,11775,10710,2026-01
1769173200.0,13,0.01951785737819909,0.021042072873203494,0.5389674192730709,0.5342235892912524,0.5896336825953754,1.5011873898473613,1.451640145991833,12938,12961,2026-01
1769176800.0,14,0.023524659114093623,0.037472244627087384,0.770674953786941,0.8109479990134464,0.8560085016458117,2.0031110797840954,1.7847482886963293,45299,50360,2026-01
1769180400.0,15,0.03316870917335028,0.03857159552900882,0.8135631704902088,0.7955507468353149,0.8712152157792041,1.868151613263235,1.7419745321720455,53725,48333,2026-01
1769184000.0,16,0.03446039433789188,0.03869972590683781,0.7957058834464877,0.7755872621162233,0.8563622081552148,1.8460892311225328,1.892173648125031,46204,45257,2026-01
1769187600.0,17,0.03176148162953619,0.04806565545148475,0.8033971416921658,0.7788955241816248,0.865624309753625,1.7394612490840244,1.6818708828147935,45756,43769,2026-01
1769191200.0,18,0.038494748366483644,0.03495675171183866,0.7522146224661153,0.7809748149138425,0.828843198186493,1.4443348125243145,1.5169788611300081,28840,30916,2026-01
1769194800.0,19,0.027841364683837543,0.029773731103343325,0.7849798704559157,0.8402209480796893,0.8724261891435918,1.5425958813350988,1.4570902371513987,37089,45708,2026-01
1769198400.0,20,0.032605850818890676,0.027083976721702412,0.7814948803246926,0.849774755376789,0.8884051052365137,1.337925061825355,1.01404225437018,32192,36088,2026-01
1769202000.0,21,0.03992098328324968,0.026959781661669256,0.6408712124331483,0.7017931851836449,0.7662314821964924,0.9969655969313195,0.9017928889925202,15637,13573,2026-01
1769205600.0,22,0.03241610403294478,0.024316104475546284,0.6742745751041658,0.693568690691438,0.7664226393265804,0.9752904106699091,0.7345381522557586,15190,10894,2026-01
1769209200.0,23,0.028368395705085165,0.030996685164444992,0.49837747994734477,0.6093932641378654,0.6400905514483681,0.9739751592133743,0.7230602239371953,8351,7750,2026-01
1769212800.0,0,0.030495029006903297,0.027944045837228836,0.38585544859982823,0.6150495486887473,0.6507902841388163,0.8607339319989338,0.6999911297221699,7914,7603,2026-01
1769216400.0,1,0.03940059334546537,0.04765313144900984,0.4185057214714751,0.4495667030458054,0.5531697155924715,1.0313319035792878,0.7663857137306431,7671,6602,2026-01
1769220000.0,2,0.018159290202463395,0.033618295385944,0.40311928193540214,0.4295267241786222,0.5345434303753541,1.0533604338271938,0.8278086898706133,7722,6781,2026-01
1769223600.0,3,0.01950562041185854,0.028639241214101063,0.5351903925224406,0.5896826731211408,0.6475926439814371,1.1225673290182854,0.9746573184946573,11460,9983,2026-01
1769227200.0,4,0.024873214232786246,0.021765918799114586,0.2396442673223274,0.40662549833729955,0.7850435037166653,0.6458365103480316,0.8850999244682084,11447,6024,2026-01
1769230800.0,5,0.018748215970622654,0.016917543818965125,0.19503630352426096,0.35879951351294026,0.6017224420192597,0.7460615604885202,0.9194496846700893,6979,5641,2026-01
1769234400.0,6,0.03418738945036782,0.04970069450847796,0.33015147756954843,0.42545515102770054,0.5754486442124186,0.9875863919022425,0.853529975640174,8682,6310,2026-01
1769238000.0,7,0.018960295997328663,0.010682882794177536,0.3417394182399952,0.4699784279665575,0.5710241771935171,0.9618626961822493,0.8731318008830364,8338,6349,2026-01
1769241600.0,8,0.024748201528935407,0.026348512613811218,0.31446444051493705,0.2699619050008669,0.45243436387911395,1.1180993884421444,0.8602495985516379,7498,4697,2026-01
1769245200.0,9,0.029810261497504726,0.004838889428312285,0.19199212765164084,0.32473251460864316,0.3551019097749099,1.09724178802203,0.8695135663203769,5607,4886,2026-01
1769248800.0,10,0.023551260073363146,0.02133720035325724,0.2177391718319488,0.22645164910931673,0.37117085483305323,1.1226547665091988,0.930975310625711,6535,4933,2026-01
1769252400.0,11,0.0477284067813979,0.03742381087645783,0.1807068126758043,0.26863170969632505,0.36248111629724933,1.109882333161738,0.9705091254593137,6300,5442,2026-01
1769256000.0,12,0.028041227242304963,0.03927790421707644,0.23612272995116057,0.3006592653063607,0.385160667080262,1.267317855499506,1.2069942114727412,7503,6886,2026-01
1769259600.0,13,0.04152821918443047,0.03802173973536921,0.08790509120141589,0.33668542168213755,0.38213002741106594,1.1881762024721525,1.1364863445038533,5982,6864,2026-01
1769263200.0,14,0.03989645064699463,0.025313848270306968,0.5032205125914005,0.5053349270454544,0.6024374661891072,1.3868162308636522,1.3577246692157567,12910,11942,2026-01
1769266800.0,15,0.030545583137204412,0.06430844570931644,0.3148474683598242,0.43459495873556186,0.5948178808049516,1.3897120409269736,1.0746790004332694,8683,10690,2026-01
1769270400.0,16,0.03748485165945989,0.030829542533661485,0.40126956100210776,0.46210628642728485,0.5562595700371442,1.5063606851118765,1.2968308590752644,12422,10233,2026-01
1769274000.0,17,0.027079595590349805,0.023704274743183134,0.3875240569773713,0.3506741418314925,0.4793997640340073,1.2299762181585907,1.089811949017244,8725,7030,2026-01
1769277600.0,18,0.02426453862262348,0.01974450331173829,0.2564354397775716,0.2716921651441954,0.40801749793264147,0.9568565279624385,0.9858659145505176,5971,5543,2026-01
1769281200.0,19,0.013540346998254666,0.0035023585192416142,0.25997641745531286,0.32649646657487813,0.36172493509861725,1.0248001405421496,1.0249044956680124,5549,5817,2026-01
1769284800.0,20,0.026048432751262892,0.013685196947908394,0.17483144503972947,0.15090393702404944,0.31635152872995753,0.9173716332026516,0.9501680049008495,5017,4425,2026-01
1769288400.0,21,0.00806476344300082,0.025494916464735447,0.30628029214837243,0.35870978550721977,0.43573948887051844,0.9309215464059646,0.8955107718474713,5871,5822,2026-01
1769292000.0,22,0.024177511612776866,0.0421232592252172,0.35428486301074175,0.41641360318394693,0.5325154227186141,0.8523321484106771,0.6815898459863615,6304,5540,2026-01
1769295600.0,23,0.0377681521371961,0.027851942082648958,0.386487434181751,0.5484832655000228,0.6107921976706201,0.7381911503576886,0.7832622292705137,6128,7513,2026-01
1769299200.0,0,0.032483819921287786,0.0371977555244609,0.3698802645467839,0.3608260374659665,0.5453626980326022,0.9847942203738221,0.9180795933112335,8070,6283,2026-01
1769302800.0,1,0.03318046646331857,0.03614207033725717,0.35877586282724777,0.5277930007105229,0.6013843286957614,0.8845401717228843,0.9501961001308195,8042,8535,2026-01
1769306400.0,2,0.042248260340944414,0.032547529606176386,0.3060916964631306,0.402361961646683,0.5067890364457581,0.9115575834381672,0.889853979107445,6897,6182,2026-01
1769310000.0,3,0.05572928589991974,0.03447236551979886,0.43486673226073885,0.6611958121628956,0.7125823960167244,1.1625089156339041,0.89601943153819,12429,11961,2026-01
1769313600.0,4,0.02770752419783867,0.01972276897656354,0.37633735156536147,0.3428637674976936,0.4949832224240476,1.236840103734988,1.1519355085870402,9005,7934,2026-01
1769317200.0,5,0.03758667786209248,0.031151333221840095,0.33917214824788566,0.34756155542623346,0.4848982799335784,1.0890599179378782,0.9638321749803105,7708,6641,2026-01
1769320800.0,6,0.04659033657787319,0.020438058652603494,0.6064447457995696,0.6560181053370022,0.7269143533333875,1.1891626158921584,0.9493919308629256,16222,12066,2026-01
1769324400.0,7,0.04346387915771042,0.018422108652575476,0.3678940888842195,0.43127946662416294,0.511255950775096,1.1435308527060277,1.0082555314384234,8808,7005,2026-01
1769328000.0,8,0.05634433539609965,0.023002896808080774,0.5546858339041862,0.7255171232580426,0.7823395152002487,1.2115536579720234,1.1127650113381624,18316,18962,2026-01
1769331600.0,9,0.04629859149732661,0.038319858588924144,0.48539528470553867,0.4858198399225465,0.5821856499412855,1.6803119637039714,1.1171248260651858,14066,9986,2026-01
1769335200.0,10,0.03950392578545457,0.03588839606541364,0.532577830328409,0.5115318985285451,0.6210307574864743,1.4934920697712037,0.8516323196202151,14269,7899,2026-01
1769338800.0,11,0.04090698966472863,0.04025526423768632,0.40507074286237027,0.4801965743514214,0.562865019166754,1.2779581895558716,0.8861505219941489,9154,7856,2026-01
1769342400.0,12,0.03926671985462155,0.04746145512885173,0.5582375229368363,0.5171429455215631,0.6311964068537375,1.4427350424475374,1.186093571222127,13894,11781,2026-01
1769346000.0,13,0.039165023071395265,0.0383340454284349,0.5307195598493986,0.45764102994596,0.5980565770170725,1.3761302454223245,1.23922538821934,12703,10361,2026-01
1769349600.0,14,0.03803025769062418,0.030639609537627573,0.5241860951834166,0.5800973193514686,0.6556558038235439,1.3847468643957916,1.3607032657567841,13729,14604,2026-01
1769353200.0,15,0.04664222336523756,0.024169966207638244,0.47272405313911536,0.5923260728102688,0.6687666853902113,1.287148474969796,1.290917363229384,14530,13627,2026-01
1769356800.0,16,0.05997331958211519,0.03631616659943448,0.6903538395958034,0.8087442178511575,0.8701813851729621,2.823507892350831,1.7251782919611285,63158,53522,2026-01
1769360400.0,17,0.052546478579943344,0.027487967282932995,0.5458885936059568,0.704602836492505,0.7953719113076982,1.3249459102882386,1.2414033110493188,25018,20116,2026-01
1769364000.0,18,0.046827301286032796,0.04203112140598049,0.7661408543238559,0.8376345681999317,0.9011598804734372,1.8876127138958803,1.2760700299073622,51473,55130,2026-01
1769367600.0,19,0.05449640409417403,0.05027566889609698,0.7703914369121166,0.8562710961127874,0.9155320196113136,2.0902921834202526,1.1635293295528089,55209,61207,2026-01
1769371200.0,20,0.04416711710660871,0.04074137558458833,0.7222939621032463,0.8005520287904916,0.8497015484530341,1.9319705936800222,0.9845638586012929,35550,28596,2026-01
1769374800.0,21,0.042046788828610064,0.0368701918025505,0.7221677510751005,0.8075545481747953,0.8444090905025468,1.6017718082042518,0.9596269823689438,26278,25950,2026-01
1769378400.0,22,0.0427060401363994,0.032031644485319435,0.7083645098528295,0.7338014045902402,0.7807448592220116,1.7138114030403422,1.5998483407261388,26882,26801,2026-01
1769382000.0,23,0.05315961655545571,0.03451762932197782,0.7801695187633575,0.7692483938846896,0.8482375272272193,1.7207380845727533,1.5076252738507838,43224,37472,2026-01
1769385600.0,0,0.048468580276399345,0.03716088760702337,0.6778375294142649,0.7942055379534532,0.8351583007158394,2.015336885833963,1.016839833405137,32716,26436,2026-01
1769389200.0,1,0.0402355577340371,0.0480552517834867,0.7923691422548679,0.7842303289331154,0.8611021811311099,1.6588637727658258,1.2402786830358723,40889,35006,2026-01
1769392800.0,2,0.03235339609530001,0.03715322287857515,0.6952531160563241,0.7314360796582743,0.795285160480879,1.8243894426400795,1.322361751519855,26469,26043,2026-01
1769396400.0,3,0.02707214096097236,0.019559088467323914,0.6245478754169737,0.7155970457151273,0.7474793657885188,1.7740959899725035,1.4620921018456088,18850,21932,2026-01
1769400000.0,4,0.024270932867399574,0.030615299745465032,0.7098086910426831,0.6445898338840366,0.7359918742988805,1.6234503948687373,1.344841734961782,22667,16859,2026-01
1769403600.0,5,0.03614076792268964,0.035227054793008736,0.6258800572065129,0.5727586367809413,0.6556718011793824,1.3420814843074786,1.316105087067016,14410,12904,2026-01
1769407200.0,6,0.034233523095578436,0.02988782150239413,0.6391353722953991,0.568499895625562,0.6679705907202919,1.388991473093444,1.9075049800813808,16294,17800,2026-01
1769410800.0,7,0.03100193208595579,0.021471321986565983,0.5888905726879385,0.5710326026822536,0.6445968631305797,1.8263919872606569,1.9829566061415707,19489,18565,2026-01
1769414400.0,8,0.042746142433358114,0.03141699851102359,0.6946400689050992,0.6157137786704677,0.752973747764295,1.2600932229832467,1.880712313278096,20687,20593,2026-01
1769418000.0,9,0.03630067870592815,0.03583923227418645,0.6589723759748719,0.7040124024437806,0.7437478472492594,1.2112456104068516,1.2561233040406112,16036,18432,2026-01
1769421600.0,10,0.02408836945726992,0.04146724906729546,0.5826653793425235,0.5289121125500885,0.6274241018337254,1.1689468865641164,1.0705880672134596,11433,9866,2026-01
1769425200.0,11,0.028139990793842076,0.03322904889838035,0.4758863848284981,0.5025763230254064,0.5464065914650016,1.1762505542132429,1.109777024284706,9041,8982,2026-01
1769428800.0,12,0.031891305019544486,0.04324173017190355,0.49127554769771836,0.5404412353503462,0.5924406504407193,1.1927616874446292,1.175858845059677,9868,10840,2026-01
1769432400.0,13,0.03702810240342534,0.04206109065798342,0.6194867636445199,0.6086048477864696,0.6815495030255412,1.3792955479219466,1.3940569521279025,15737,15445,2026-01
1769436000.0,14,0.04046509692187696,0.04692415913002732,0.8036722763842199,0.8006870760911494,0.8710532438000941,1.624376630970679,1.7252750093548153,47794,50261,2026-01
1769439600.0,15,0.049484875731233696,0.04315658915597465,0.8173820952820864,0.8212564810641336,0.8915381607062793,1.789865841337358,1.7447330915980102,60680,65499,2026-01
1769443200.0,16,0.04485824154338827,0.043541857893750584,0.7784129948027372,0.8035104421296764,0.8564938093279135,1.8521129558951979,1.4507811854327035,41527,40247,2026-01
1769446800.0,17,0.05285109714761059,0.04357723265756467,0.753326587978884,0.7761563259706763,0.8357686989081067,1.302677216265785,1.1299452228331746,26762,25916,2026-01
1769450400.0,18,0.046297919251850304,0.04666306914500263,0.7826377612545425,0.7272967482272977,0.8307682639461745,1.2073912991328453,1.1210183334139343,27127,21589,2026-01
1769454000.0,19,0.03741169764073527,0.048662769930427424,0.7073167038900492,0.7458381917946031,0.8007541012474104,0.9863545116870347,0.9767249731005331,16542,18863,2026-01
1769457600.0,20,0.04454152932019417,0.04407274917039482,0.6399593798563091,0.7542974189828192,0.7818752042121437,1.0268365084632418,0.9037337269604193,13267,16255,2026-01
1769461200.0,21,0.048115543564592834,0.034268473938026296,0.7024766859343587,0.705110417929662,0.7793872315890301,0.9720817409308672,0.7226698279665054,15883,11672,2026-01
1769464800.0,22,0.04263568035545786,0.03402874850371868,0.6229343470669736,0.6797959184524932,0.7275664813129317,0.9524757621550808,0.73239939988382,11376,10308,2026-01
1769468400.0,23,0.054525723596877435,0.04184735761610958,0.7007899138659467,0.6649657959948158,0.7621066482699768,0.9485121003559495,0.7638584864263943,14831,10908,2026-01
1769472000.0,0,0.04035421543435158,0.040563963519842546,0.5580338972493333,0.639268465840272,0.6796536054400383,1.1239848334077318,0.7729468080715042,11120,9497,2026-01
1769475600.0,1,0.05010101903081684,0.046207470388424904,0.6095358440706419,0.6515981249577182,0.7011972155584828,1.1658613243807596,0.8466142406066152,13159,10885,2026-01
1769479200.0,2,0.04113528361395487,0.0455491818271149,0.6526229497434626,0.6508987445650195,0.7193779613097154,1.3834158217016053,0.8107851210550368,16541,11425,2026-01
1769482800.0,3,0.02785059688564481,0.04676389700429138,0.5305194954198027,0.6784934605755771,0.714948358782652,1.693466401775128,0.9433691350117961,14102,13949,2026-01
1769486400.0,4,0.04119808570965551,0.03216147519371149,0.6313579646407887,0.6524614501107093,0.7017375632030003,1.125477811871445,1.1448089162404325,13707,13791,2026-01
1769490000.0,5,0.03199048516723173,0.027255915569648376,0.497979644059086,0.5428531528255938,0.5861505633123741,0.9421732500381258,1.1319058981207863,8298,9764,2026-01
1769493600.0,6,0.04144593902934047,0.034393528399751065,0.5508493955959259,0.5843999981221828,0.661866253418389,0.9015525777000696,1.0216865506573445,10002,10212,2026-01
1769497200.0,7,0.025494796188554422,0.024266117868732014,0.5546248917375415,0.5373084799269956,0.6333907488401407,1.173754693041626,1.338963587888882,12054,11658,2026-01
1769500800.0,8,0.03332041625619437,0.034780151470836844,0.5486180734394294,0.6313958494550953,0.6662072415492212,1.1687114841189226,1.0115160481255783,10981,11631,2026-01
1769504400.0,9,0.043813275240655626,0.04428418867316447,0.5471047159515863,0.6446544790806945,0.6784333778568072,1.2031115626403024,1.3038513627680866,11714,15369,2026-01
1769508000.0,10,0.038014158634857576,0.03257819339355518,0.5300087480967385,0.519629798365851,0.633432903353882,1.179157669261807,1.2383362217689442,10533,12633,2026-01
1769511600.0,11,0.03516231593116918,0.04096870409476083,0.5902356028291031,0.5198767521449145,0.632055472408581,1.166736340139855,1.1182197734571968,11831,9961,2026-01
1769515200.0,12,0.025947743217302494,0.035739332037249376,0.5383509781574387,0.5258894234548113,0.610601686093683,1.1772839147069667,1.2281456929722019,10746,11520,2026-01
1769518800.0,13,0.0397557901069587,0.03864873923664777,0.5718043144945655,0.5440509122315564,0.6318386481557628,1.1683780963938235,1.2320925194600194,11655,11796,2026-01
1769522400.0,14,0.036986558114370335,0.03986204134696554,0.7870106748269194,0.7953624135277394,0.8573333961192349,1.4141926584170759,1.4415497899667078,34734,37419,2026-01
1769526000.0,15,0.03839599203508817,0.04293934265489674,0.7882504779803797,0.7943584135674964,0.8534103182858661,1.5382151996698337,1.570895299928445,36945,39183,2026-01
1769529600.0,16,0.04345772845707821,0.045498157553039924,0.8095532667335853,0.7648243617564521,0.8642137214661593,1.6381991244578002,1.7719990031213975,46859,41556,2026-01
1769533200.0,17,0.04191999651813821,0.04383507986134699,0.7506838905014348,0.840323059408816,0.8750371782721563,1.7104574905258323,1.4751934292343132,37111,47889,2026-01
1769536800.0,18,0.04847164610392029,0.0404745054792741,0.8222967109598461,0.7921528278539506,0.8748530589275452,1.1044694393147247,1.0150507035525367,33510,27699,2026-01
1769540400.0,19,0.034724525437538255,0.036826535047191945,0.7739422940676591,0.7495764417841753,0.8234202261895608,0.8855230770295186,1.0479634424345046,19498,19800,2026-01
1769544000.0,20,0.040822916512122324,0.049335843718411876,0.8508447546929112,0.7828159311898727,0.8974470212709158,1.069442809602202,1.159972059093461,40588,33454,2026-01
1769547600.0,21,0.032091937034135674,0.03593387553808702,0.7564132625265256,0.7695199965678973,0.8210103535550303,0.9502239141625051,1.0920213573231532,19338,21702,2026-01
1769551200.0,22,0.040610707374571446,0.04625856465536513,0.7210717164078965,0.6836635737568639,0.779007683173755,0.7967017191208242,0.8265936416309051,13500,12615,2026-01
1769554800.0,23,0.043461296783060724,0.04269052632462244,0.6822017014507309,0.6586234006271878,0.7410403323192956,0.8549693057594795,0.8139372078017364,12180,10967,2026-01
1769558400.0,0,0.03368668093772493,0.03875062762174857,0.6528877606938689,0.6211229514373421,0.7019433336919391,0.9973806391645266,0.8342697367212468,12128,9957,2026-01
1769562000.0,1,0.03295173758050554,0.034584287497026626,0.6746795098796683,0.6875740908037247,0.7469904744378935,0.8760497486807141,0.8420847900723818,12104,12267,2026-01
1769565600.0,2,0.030913243951367332,0.03613035136341776,0.6554937163318673,0.699448590398044,0.7461269923183287,0.8343382284241241,0.7563217797373228,10618,11500,2026-01
1769569200.0,3,0.047366756454158915,0.04748635525268126,0.6572659161514184,0.6748216132648212,0.7316649502096244,0.8801064806802141,0.9376404249577037,11719,12897,2026-01
1769572800.0,4,0.045809054531397116,0.04105083094436008,0.6373270677525911,0.648855347128045,0.705763270324228,0.9168286233847336,0.9978945965481795,11265,12127,2026-01
1769576400.0,5,0.03896928463305145,0.03761370631168386,0.6647089498384448,0.580697376300529,0.7061671096579486,0.8941323447099601,1.0961065884023882,11863,10926,2026-01
1769580000.0,6,0.03800036407416885,0.03763585444317874,0.6876372976454086,0.5646596496708345,0.7345759340316323,0.8690313597787299,1.3460934180964315,13183,12844,2026-01
1769583600.0,7,0.03883168954126557,0.06592811470089623,0.6470777298483279,0.5714596232558329,0.7081652868806984,0.7743202483273866,1.2338180394919374,10193,13964,2026-01
1769587200.0,8,0.029919074303679686,0.06799911816220555,0.6918623906126704,0.6743244405575055,0.783283343595805,0.9691626796204426,0.9387804245768775,14736,17146,2026-01
1769590800.0,9,0.041100678747679247,0.04091166869985334,0.7728139820443098,0.6162666477768871,0.8156774114950942,0.9074934457795185,1.167952737661576,19624,13841,2026-01
1769594400.0,10,0.04462142319285605,0.09123467505712375,0.7306086188530202,0.6604932872949894,0.8104659048552487,0.9985338387310109,1.28147270562604,19756,22559,2026-01
1769598000.0,11,0.04012280921134984,0.06792327027085326,0.7971606472411626,0.6338331868379101,0.837179348233299,1.1323851641808522,1.4299449865373388,27364,25987,2026-01
1769601600.0,12,0.04617045618863391,0.0536157054352342,0.7198919942023997,0.7046464444579043,0.7895575097251489,1.1865674980546606,1.4922868619790421,21028,24378,2026-01
1769605200.0,13,0.03769429616275641,0.08811045869597886,0.7593124826957329,0.5734202646669252,0.8403163652366464,1.3178062200312597,1.6422810955598544,28205,38865,2026-01
1769608800.0,14,0.04248991943507,0.05877129464551468,0.7670507969370657,0.82234369297727,0.8631916474147884,1.3616874375188108,1.6365466094541594,32715,44823,2026-01
1769612400.0,15,0.0446535042330676,0.04620457410944964,0.7827429941410503,0.8225105291134789,0.8714708950772226,1.4670641754484097,1.6388407506942504,39347,47062,2026-01
1769616000.0,16,0.044406463035698084,0.04228234065686259,0.7549491522046494,0.7593162724465039,0.8194435298931113,1.3237127341453332,1.5520181857201476,27722,29350,2026-01
1769619600.0,17,0.044366549982287305,0.04664607943817603,0.8244330805387962,0.7515075383169569,0.8634527730165606,1.214813879655035,1.4070421121820778,35060,30436,2026-01
1769623200.0,18,0.04870836143834784,0.04994158468400685,0.7668919079469704,0.8218991502183692,0.8737263232720546,0.9818957721551662,1.0239841591656587,25023,30553,2026-01
1769626800.0,19,0.03863162594322527,0.03954425597489244,0.8387148678562154,0.8483466852809461,0.9037855878406835,1.3739437544471214,1.3014180096983634,47610,51137,2026-01
1769630400.0,20,0.04132706267490806,0.04195425054389545,0.7959594811949324,0.7980246438561949,0.864115567351205,0.9355827502131185,1.043402691588352,25608,27124,2026-01
1769634000.0,21,0.05762447765567328,0.044634590590543956,0.7657525885890457,0.7501969994481944,0.8451527078102514,0.7993227623169185,0.950095021598392,20386,19261,2026-01
1769637600.0,22,0.050856150925824,0.044139684925240945,0.60170147445622,0.6345930928147085,0.6966231215644516,0.7649512927990836,0.7387307063004077,8986,8862,2026-01
1769641200.0,23,0.036823545433412715,0.04982404899519071,0.6324517639697294,0.629025419613487,0.7121736592778032,0.7936380109592229,0.8850192485572154,9924,11036,2026-01
1769644800.0,0,0.04077091026978364,0.0503198342512891,0.6952697780806316,0.7335667511506991,0.7900362992413127,0.9157549625746214,1.0112270939026262,14854,17949,2026-01
1769648400.0,1,0.05479245703831196,0.05465340648689568,0.7019599831984358,0.79752455078734,0.8459538460733004,0.9823867323479002,0.9168601686789294,18916,23422,2026-01
1769652000.0,2,0.060522076995414724,0.052859883456364276,0.7242732632711291,0.8068592512011947,0.8663539486496814,1.3151758353928662,1.3886916122830681,32265,38991,2026-01
1769655600.0,3,0.055690712854717724,0.04546755236875978,0.7297471207053521,0.7097488658520712,0.7872412070636979,1.2966220676687268,1.2933106938308039,22954,21052,2026-01
1769659200.0,4,0.056816836967336325,0.04710290311895955,0.644490879140983,0.5873794056514106,0.700186103033444,1.0809548949272607,0.8964651573417755,13398,10051,2026-01
1769662800.0,5,0.04841399978488842,0.042216732698089135,0.5851489603448427,0.5801730197362353,0.651139014950323,0.9411446276395443,1.0531444224430329,10107,10395,2026-01
1769666400.0,6,0.028998276794805808,0.032572606895682275,0.602906406625376,0.5643629202183417,0.6522969540736243,1.0642573179072845,0.89169440438428,11254,8647,2026-01
1769670000.0,7,0.03081951635963411,0.03782325852829338,0.6007185366848393,0.6410768280250477,0.6815349698865653,1.3829871547853312,0.8343166512152478,13920,10450,2026-01
1769673600.0,8,0.04635184503258572,0.033996747335698255,0.671310998646577,0.7313246058963585,0.7656382853508814,1.3517903758538379,1.2153120627442482,18459,19811,2026-01
1769677200.0,9,0.02697001569566049,0.0417168097713807,0.5448963988894211,0.6196672814821299,0.6461972594428111,0.960477845123666,1.096127217621243,8825,11667,2026-01
1769680800.0,10,0.03115549635413921,0.036184491326954255,0.5988003000216358,0.6177285026827702,0.6787941856870059,1.06010606244837,0.9402052676935954,10906,11142,2026-01
1769684400.0,11,0.030705663010341847,0.03600571418358198,0.5860665772774568,0.6441022626520762,0.6983944198547758,1.180730577669458,1.0526210622525516,12274,13314,2026-01
1769688000.0,12,0.016983903357798986,0.059319830818142225,0.5943949501549458,0.5406614368832086,0.6358955870917017,1.1478684919088773,1.149226690204996,11189,11756,2026-01
1769691600.0,13,0.041744790425901956,0.052749973132107206,0.48020445659182537,0.454451880492446,0.5402641763955989,1.1632702276631677,1.2126851462543644,9220,9322,2026-01
1769695200.0,14,0.0516693895518038,0.0644737593473315,0.7070604979679602,0.7929826928537084,0.8547618467942539,1.3980148507814847,1.5099596935248696,28289,41288,2026-01
1769698800.0,15,0.005286570377640993,0.02171655829206323,0.7401065092185584,0.8868098988847949,0.899399842078257,7.135860677073436,2.9807658265214947,138354,145351,2026-01
1769702400.0,16,0.036962311914819655,0.019573947202967467,0.714342388406491,0.8736785212843512,0.8950858935642353,4.807354830133411,1.6205437602231736,74746,64529,2026-01
1769706000.0,17,0.027447095574941575,0.017294180995765136,0.7486446326417632,0.8744539053543186,0.8998301872624188,2.268878416897896,1.5760211197360168,48875,59216,2026-01
1769709600.0,18,0.03291646125867942,0.031063421908740098,0.7554685053304574,0.8647823716046871,0.9244580248630315,2.42349044939794,1.3239701472953356,59318,72941,2026-01
1769713200.0,19,0.01395070044843705,0.020444499259187,0.7587980582385228,0.8301249965836387,0.8683939731133737,2.399554623718948,1.2803556929505115,44365,41021,2026-01
1769716800.0,20,0.007827370367392502,0.015848948178922406,0.7524703875655776,0.8186530129220262,0.8502088995119672,1.6771074512438064,0.9606722194928216,27234,26081,2026-01
1769720400.0,21,0.012568256201579916,0.013101128974904994,0.7056941496524415,0.7634850629522753,0.8007088084758199,1.6526596077129752,1.02144156987727,22683,19788,2026-01
1769724000.0,22,0.017110865615574528,0.01390799995255872,0.5216723315981047,0.6848459738628158,0.7365751206233762,1.4740389985817444,0.7115493950122335,12248,10335,2026-01
1769727600.0,23,0.010656270166169313,0.016613546368028503,0.5928502516083191,0.7301126311424712,0.7660554121788224,1.5976769638566348,0.752819020780743,15187,12420,2026-01
1769731200.0,0,0.01681099594091778,0.012339183104942295,0.5239233146398209,0.7545655613745177,0.7789287297609662,1.7912041427702121,1.0468000049169526,15337,17856,2026-01
1769734800.0,1,0.05736054569498022,0.058919804300699916,0.7603976579494136,0.90430350209047,0.9666368712012141,1.821676652529402,0.9902818122021787,93858,104947,2026-01
1769738400.0,2,0.06171452505251983,0.031133652290992395,0.7335658605182345,0.8594472596308969,0.900253581413031,3.8176456706661437,1.692682321115812,82786,74338,2026-01
1769742000.0,3,0.028135648329772316,0.032754655339746454,0.6652294940679628,0.7267395962614074,0.7851959013465583,2.4478965926973215,1.5219271933623153,32607,28943,2026-01
1769745600.0,4,0.021374740189904044,0.01854963813242944,0.6565033522699352,0.7496237560836508,0.7926343346694786,2.200174861485357,1.4251796405357167,27041,26534,2026-01
1769749200.0,5,0.020471373638876276,0.03253107440501201,0.6205756407923693,0.6791280643496446,0.6967802918379791,1.715288764961752,1.6278633505923354,18764,20583,2026-01
1769752800.0,6,0.021019629742581394,0.021092350561559888,0.7053282512796808,0.7968077045600133,0.8219214988687557,1.8729340144858708,1.4763250747538943,28184,32720,2026-01
1769756400.0,7,0.015489454145218882,0.02836569234261293,0.7215628750348871,0.7771859827374411,0.812166693087118,2.124845708515214,1.3965164485171466,31561,31260,2026-01
1769760000.0,8,0.0122934339030745,0.021931002057092003,0.7165405092934685,0.8002768795378229,0.8415352952675401,1.734836289248653,1.0209800444853145,24670,26003,2026-01
1769763600.0,9,0.013110212664477932,0.017643235792098703,0.7477310951501669,0.8087369136574781,0.8377643843446594,2.0114515749243274,1.2394189170990626,31499,31210,2026-01
1769767200.0,10,0.008166253717153784,0.01704660797111529,0.7255112980636305,0.7828884430683667,0.8095560757672842,1.8509067243661383,1.1180391607249367,26922,21588,2026-01
1769770800.0,11,0.015573072974169723,0.026035420822301824,0.6990371060349877,0.702557520413827,0.7541562987685926,1.707564326185615,1.2302029732581967,23553,19263,2026-01
1769774400.0,12,0.01284762201039978,0.008334581773101373,0.6782340803901057,0.7430385685363743,0.7710143460594565,1.7033266015540425,1.4590753571734385,21550,23655,2026-01
1769778000.0,13,0.02032560993699232,0.014522317366713847,0.7558614510669888,0.7814621220709563,0.8350201047030529,1.7509598489859166,1.2800399550185382,32540,29419,2026-01
1769781600.0,14,0.03767333813933285,0.027912239907766718,0.8314795591465405,0.806709459789715,0.8817421881809943,1.9272555398135958,2.0419772430808063,60074,59221,2026-01
1769785200.0,15,0.009251175501064603,0.01738612388110526,0.8501642364830255,0.8787248745057495,0.9221669168669716,2.0782021615965514,1.4158003904294278,65631,69926,2026-01
1769788800.0,16,0.006544765530973621,0.010086918996224555,0.8241803440864917,0.8615058767852739,0.8841553378224538,2.0664914071463505,1.532459639387496,50927,52334,2026-01
1769792400.0,17,0.008617271217152455,0.015313138071649338,0.8167837712115752,0.8428690167097398,0.8784369468830698,1.8747763278251572,1.4606529153475991,48482,51195,2026-01
1769796000.0,18,0.015525720886693887,0.027115318655481974,0.8557505692514275,0.8712165545445312,0.9052816957203658,2.384575713499554,1.8469768550218304,81271,76349,2026-01
1769799600.0,19,0.02641014868663565,0.014244897283042788,0.8139818198787714,0.8625817648162972,0.8992379126355913,2.1527228626592683,1.5672939811806255,62098,59827,2026-01
1769803200.0,20,0.015790518172344826,0.018151057247682522,0.83905170065654,0.8980617105244514,0.9364201123264594,1.6970233457148916,1.1422739056411644,64284,75267,2026-01
1769806800.0,21,0.013930561849887738,0.009609941173966642,0.7978677792955776,0.820026917673135,0.8729276401994419,1.226614236939456,0.8910654253151497,32774,25257,2026-01
1769810400.0,22,0.004325193723836683,0.005458489781137428,0.7824570465418214,0.7785934935902563,0.8366572765150371,1.1214352573057333,0.700813048578178,22914,15987,2026-01
1769814000.0,23,0.0032716387659667604,0.0068477323732114076,0.768203491655843,0.6790686958460924,0.7876831925870453,0.8510544376105452,0.8644178407650084,14613,11786,2026-01
1769817600.0,0,0.010861730905594912,0.009278196706333808,0.6144358907253845,0.6942546408563008,0.7292810813965827,1.1708683759497323,0.9095616875471169,13154,12532,2026-01
1769821200.0,1,0.013516828489959101,0.01168243346752065,0.6254062500643495,0.6996863277047405,0.7249494184381075,1.3604239122312318,0.9912333173967334,14372,13537,2026-01
1769824800.0,2,0.004397022021396375,0.004256882557548945,0.5676701640380774,0.6661413084243675,0.7630964501897417,1.261262579716509,0.9019053173521373,19477,11083,2026-01
1769828400.0,3,0.012788845371610354,0.003542742273585247,0.42985884420869247,0.5606341901681384,0.6636968237842373,1.070911206878151,0.8036381653762339,11746,7396,2026-01
1769832000.0,4,6.560210626611e-05,0.001239166117273149,0.49125304871477254,0.6096793455556757,0.7180704643192947,0.8500720793546518,0.8324059333802915,11011,8061,2026-01
1769835600.0,5,0.001408441463067656,0.004218961336122053,0.6339325074413743,0.5819933241036801,0.6875847453477651,1.005184421413717,0.8055742168013389,11831,7633,2026-01
1769839200.0,6,0.019697081086141002,0.018889351410350023,0.590423534024399,0.6531408413733817,0.6859726783116675,0.9946484981699442,1.1095344718581965,10728,13022,2026-01
1769842800.0,7,0.018705159861953476,0.012216024266180394,0.524265712400772,0.6573892129112887,0.7494298156330139,1.1500158736313428,1.1565388201197018,17230,15293,2026-01
1769846400.0,8,0.03437769606139926,0.02230010613907979,0.7829669591888756,0.8263615129476295,0.8796780047264793,1.4843332508201112,1.2928422084659708,40042,41599,2026-01
1769850000.0,9,0.019203118826343697,0.009183002798012426,0.7038455689841386,0.7785238603253221,0.8002409489610058,1.7293925585600836,0.9555603026861953,24069,18723,2026-01
1769853600.0,10,0.00572902304074404,0.0019696093853866243,0.6558507696160955,0.7273176584637615,0.7543661833472022,1.2641204690378087,0.9327365902695421,15234,13903,2026-01
1769857200.0,11,0.009551410180461116,0.010485602705605876,0.6032590900820203,0.6919922303828976,0.7262937703535516,1.3293278987821715,1.0444694546340212,13121,14194,2026-01
1769860800.0,12,0.015799883516583325,0.006992739965423358,0.695521659765744,0.7460014658737859,0.7758220661844165,1.367258700264234,1.0743053070687982,20873,17955,2026-01
1769864400.0,13,0.016430077096679756,0.0037159583090988105,0.6828515666220326,0.7721822225772668,0.814994392286779,1.3916907929920648,1.1980569127860436,28404,21676,2026-01
1769868000.0,14,0.04101212305474598,0.019478493351150733,0.7958308940461991,0.8569346808676707,0.9217626524519211,2.6215857019238853,2.173461186623438,100839,100625,2026-01
1769871600.0,15,0.019234458462048486,0.013205466868750302,0.7496983060527963,0.773682816352308,0.8086648581927713,2.7426468103773916,2.3452953728107477,49122,44870,2026-01
1769875200.0,16,0.04637230330926119,0.05139424218141867,0.8029579935170144,0.8743029870934786,0.9711389281010454,2.4457610509449137,1.275005198021559,113929,113056,2026-01
1769878800.0,17,0.08082386704898444,0.04112353571769732,0.8184935029134298,0.8456631224774914,1.0100568592867833,0.46600405037979814,0.13572072905452887,163548,160290,2026-01
1769882400.0,18,0.03557243937616103,0.11590701081925556,0.8051951620201601,0.86114339252859,0.9524036469496518,4.039036620163557,0.7749966784752831,162231,161069,2026-01
1769886000.0,19,0.04077238960028937,0.02795145160337558,0.7703557260711775,0.8539762651692532,0.9056525113638131,3.381654759973822,1.7375464859792082,84590,76315,2026-01
1769889600.0,20,0.026727365204217774,0.01618366248360373,0.7509675847405969,0.8285172006606918,0.8696185270960498,2.950826884762072,1.6079478031492815,59619,51466,2026-01
1769893200.0,21,0.02007902758489401,0.010427557499983876,0.7642718837861332,0.8426786294576398,0.8875010578580863,2.8405777747578047,1.3430088538952603,54965,46698,2026-01
1769896800.0,22,0.023645939805438432,0.013984988308164718,0.6881765478526117,0.8122680080297264,0.8584612962815401,2.4126264933494688,0.9822574605931288,34872,27478,2026-01
