window_start,utc_hour,symbol,n_B,n_S,mu_B,mu_S,phi_BB1,phi_SS1,phi_BS1,phi_SB1,phi_BB2,phi_SS2,phi_BS2,phi_SB2,eta,loglik,month,date
1764547200.180386,0,BTCUSDT,108202,109978,3.2569865694727227,2.1007346040147277,0.7932123666328807,0.8619526284814873,0.0005903876843992,0.0005829990255717,0.0347887149448941,0.0393992954070856,0.0325345167238797,0.0628548387407877,0.9233830511652226,1002205.4387239084,2025-12,20423
1764550800.180386,1,BTCUSDT,49954,42219,2.8607843635249828,1.2792492551802896,0.731851761797749,0.8207948119609,0.0011876648773597,0.0009606458809607,0.0369429502520044,0.0381290200000779,0.0259614011723139,0.0283097710243916,0.867014507362364,369825.9721962412,2025-12,20423
1764554400.180386,2,BTCUSDT,47393,38016,2.7249446994946473,1.374299438141514,0.7230738591721937,0.8339538552463285,0.0003842094797873,0.0003391978781916,0.0463242690591314,0.0100093250681004,0.0221134499219885,0.025079284396402,0.8509733523704515,355314.7519455638,2025-12,20423
1764558000.180386,3,BTCUSDT,46739,34261,3.170547287500989,1.454407047317049,0.7124680170156207,0.808652952952691,0.0004543291081264,0.0005471886309679,0.0319701383629728,0.0193716289037843,0.0146596091639881,0.0148958568736321,0.83072943497244,326141.82222308026,2025-12,20423
1764561600.180386,4,BTCUSDT,45197,33324,3.4045298332064053,1.2999412335543687,0.6624369540077268,0.8084617767349035,0.0004837213561251,0.0004760629562161,0.0388863488683487,0.0291220699287145,0.0156995807559616,0.0344183954770192,0.8416092502997863,303175.7237304824,2025-12,20423
1764565200.180386,5,BTCUSDT,27914,20204,2.4238918439261443,0.9915172285236566,0.6337869990938344,0.7779872994568718,0.0008769121753948,0.0005905956045846,0.0365592697607197,0.0239447077139714,0.0143802959469063,0.0229930861861116,0.8046119265745173,170371.96660065968,2025-12,20423
1764568800.180386,6,BTCUSDT,28088,21397,2.324797131884212,1.2201125425441477,0.6610170593231848,0.7547626454284032,0.0005518901560392,0.000555305080485,0.0171977955031747,0.0180106194501478,0.0228102977768811,0.0264737848820034,0.7790363973738884,176476.10928914693,2025-12,20423
1764572400.180386,7,BTCUSDT,26951,26607,2.550364619073014,1.5023445071482444,0.617210664837919,0.7461972946361736,0.0006486251942457,0.0004605493914951,0.0278649129996041,0.0309983257121428,0.0192457023299686,0.0134437289453695,0.7792571278153793,186864.24275537225,2025-12,20423
1764576000.180386,8,BTCUSDT,25041,22842,2.285779058969098,1.2815979257694177,0.6381316192394082,0.7336808552828498,0.0008231611926178,0.0009311292822205,0.0212882975480288,0.0573138416327893,0.0098477247878696,0.0103534984012751,0.791903616095671,164894.75223565826,2025-12,20423
1764579600.180386,9,BTCUSDT,24034,27465,2.0402706133351196,1.2490805949280788,0.6395811259391718,0.7884811320912264,0.000766364910914,0.0004827411475252,0.0400746801952098,0.0435208013942816,0.009798705730746,0.0103887693486457,0.8327521686607806,186721.2985047179,2025-12,20423
1764583200.180386,10,BTCUSDT,15938,14296,1.9112816127858157,1.074518633098537,0.5281309501441432,0.6724156332914203,0.0006375343186865,0.0011489097448536,0.0324277970667705,0.0410582212946859,0.0131427728146225,0.0067695312593669,0.7141841443629143,83915.87654550458,2025-12,20423
1764586800.180386,11,BTCUSDT,18617,20936,2.067154447918822,1.287790372369339,0.5561921927842068,0.7278929239485873,0.0005182653895856,0.0006428800050835,0.0272521051696568,0.034511413805608,0.0160603627946092,0.0170361292449374,0.7640273786278318,129786.37047630164,2025-12,20423
1764590400.180386,12,BTCUSDT,45424,51848,2.3274010459706713,1.8816366182014927,0.7022331605782108,0.8130807711271107,0.0004150752152985,0.0005493061589819,0.0695445097401368,0.0376836821965984,0.029965983724128,0.0342646599422046,0.8624317217895958,410919.349687084,2025-12,20423
1764594000.180386,13,BTCUSDT,44824,40611,2.5013068294024072,1.7394731641926604,0.7708856342417576,0.770088279637304,0.0008032544141686,0.0005112305716442,0.0238742208123,0.0417957377212827,0.0210297289724254,0.0146309583139669,0.8234194084860439,354246.60958025325,2025-12,20423
1764597600.180386,14,BTCUSDT,54777,55175,2.7753057336929348,1.691195803087196,0.7723884624509398,0.8216613890582749,0.0004134599225712,0.000377847260196,0.021310025956045,0.0568340191793886,0.0181599705781305,0.0279361917341465,0.8842998345289429,483086.4564020194,2025-12,20423
1764601200.180386,15,BTCUSDT,88583,88931,3.354333508249532,2.678543718152604,0.764815618592284,0.8393375997121448,0.0004573553015622,0.0006187597416519,0.0496556088795299,0.0290070813327929,0.0213987699517164,0.0437385010323735,0.8825791225359865,798111.2988981209,2025-12,20423
1764604800.180386,16,BTCUSDT,64698,62722,3.2558484298967287,1.793284818846261,0.7614186860848122,0.8319639228955364,0.0011312895596153,0.0008739865953307,0.0234119287880715,0.028994906908872,0.0267292426578065,0.0416165749438362,0.87420442839767,557213.2284101321,2025-12,20423
1764608400.180386,17,BTCUSDT,38069,36538,2.065509219607916,1.4448138054352355,0.7654824782330089,0.8064931879401613,0.0005315332198122,0.0004158294649797,0.0281544658533339,0.0272896851396485,0.0190952657130299,0.0180149327532214,0.8413624087941384,307950.49941430433,2025-12,20423
1764612000.180386,18,BTCUSDT,36836,34078,1.748585970817507,1.6322630937613591,0.7760469368529306,0.7831488169248716,0.0002555678444726,0.0014211399063671,0.0319278200859082,0.0258150858425184,0.014099747506719,0.0221877125287171,0.8268855489046169,292255.39916568267,2025-12,20423
1764615600.180386,19,BTCUSDT,31670,33519,1.7268382543026928,1.3618472067185314,0.7558388194142678,0.805340142921713,0.0005796074227057,0.0005691835208666,0.0330097951446094,0.0343762199812848,0.0148973257641342,0.0162460092958567,0.8444010805165515,262940.465277956,2025-12,20423
1764619200.180386,20,BTCUSDT,39882,39684,1.638038873828882,1.2815521523270346,0.8133061030715517,0.8193357281182349,0.001055086431385,0.0002583983500577,0.0275774547852396,0.0429210096135518,0.0199361940418266,0.0176371920670964,0.8737028060660021,352776.3881346966,2025-12,20423
1764622800.180386,21,BTCUSDT,34416,32672,1.4608128903785769,1.266230763447754,0.8001965275746271,0.774099026723744,0.0004872700165817,0.0004281163572249,0.0303909728649129,0.0576324913028378,0.0258498452420164,0.0195181993229451,0.8540866898079351,292822.5403686819,2025-12,20423
1764626400.180386,22,BTCUSDT,23507,23177,1.330342751245554,1.1385749206425586,0.7517442258747085,0.7507595964296272,0.0006414270973053,0.0004758861530743,0.0306191686954417,0.0544775154886232,0.0164975491309169,0.0145771913059417,0.8135181657366997,185396.14041201357,2025-12,20423
1764630000.180386,23,BTCUSDT,15558,18350,1.1982468958509311,1.2842832501217385,0.652226852772033,0.6990992754296199,0.0004866598876863,0.0007524737504814,0.0573968294492592,0.0405578969385426,0.0096051314002866,0.0099364454608193,0.7428989314605946,109554.66734298744,2025-12,20423
1764633600.180386,0,BTCUSDT,21261,25127,1.2872739286228283,1.7611977738004094,0.7179591704189014,0.7013439566520716,0.0002701056966858,0.001105622716905,0.0500477542126858,0.03329015807848,0.0141417789058976,0.0106766370759376,0.7724922149052307,160604.98560441492,2025-12,20424
1764637200.180386,1,BTCUSDT,32653,36443,1.422397618991198,1.2450847053750644,0.7780197942948283,0.7842206599998208,0.0006263342500339,0.0005702071637991,0.0330387381139383,0.0550409890161248,0.0447049197034092,0.0285807167459752,0.8641511394456363,283637.2526076861,2025-12,20424
1764640800.180386,2,BTCUSDT,24457,22816,1.888440971739154,1.0648756651423033,0.6878364215269542,0.7837819143185282,0.0005096550679444,0.000373900166251,0.0242962779395315,0.0441200338626375,0.0076626424876032,0.0112002563408941,0.8287132963255334,173929.544126411,2025-12,20424
1764644400.180386,3,BTCUSDT,20059,21059,1.4040328043641723,1.1105558295211104,0.7101479311388188,0.7621636340967299,0.0005992813490262,0.0005139577552001,0.0209025954224384,0.0274595756582191,0.0182228535101117,0.0176340345638091,0.7949674003945292,157319.07325635813,2025-12,20424
1764648000.180386,4,BTCUSDT,20659,18689,1.3047079850471854,1.0510651433016756,0.7218199489816053,0.7332640647571744,0.0005538037534981,0.000839561529937,0.0347334155718608,0.0543384597419467,0.0069973057048413,0.0187389936033126,0.7917972851892069,143090.04963783253,2025-12,20424
1764651600.180386,5,BTCUSDT,16674,15979,1.4392335557190643,1.0571951019453982,0.649290881705454,0.6980755218782143,0.000522419679979,0.0005344987448008,0.0290594413796367,0.0499804548768732,0.0140127755164331,0.0107789504090669,0.7503402301794007,105025.41865690154,2025-12,20424
1764655200.180386,6,BTCUSDT,14174,14715,1.3727472548542283,1.1803538406685146,0.6160690769631862,0.6466322629677045,0.000843719126067,0.0006274774254956,0.0211850325032826,0.0486252874367182,0.0174137724119362,0.0116333471303443,0.6988894275112245,85284.6828414246,2025-12,20424
1764658800.180386,7,BTCUSDT,13583,14388,1.6653034949952077,1.3174094674595602,0.5203369257400129,0.6106858105875616,0.0005901403323029,0.0004884637939719,0.0235179223298508,0.0441560361822621,0.0167119369211926,0.0144506156056376,0.6571238229780283,69471.21739653124,2025-12,20424
1764662400.180386,8,BTCUSDT,19360,26060,1.47228059288759,1.32960895924177,0.6825380440367991,0.7863739381183181,0.0008497489925459,0.0007807860704449,0.0186495363852809,0.0250371957222979,0.0130980191346199,0.0190566275838039,0.8138666705821628,181514.1238341444,2025-12,20424
1764666000.180386,9,BTCUSDT,24388,19269,1.5789626010724576,1.2651604572009436,0.7324392267937793,0.7200131701866691,0.0016199444940074,0.0007331327369539,0.0282987451940505,0.0357722770679404,0.0058705826328354,0.007885475165843,0.7666694317621929,162069.84463393438,2025-12,20424
1764669600.180386,10,BTCUSDT,22963,18215,1.3563464990375944,1.0754357301075574,0.7354548050680739,0.6985588885210359,0.0014926131420383,0.0005877531577084,0.0342768083828672,0.0564281336773606,0.0242741760575873,0.022706530187123,0.7879438762790135,153378.01417840834,2025-12,20424
1764673200.180386,11,BTCUSDT,23531,22049,1.8353479689302483,1.3088931966414994,0.681439972545389,0.7337334594175191,0.0005021582198543,0.000368211621534,0.0233686614941947,0.0357117203424479,0.016139161689841,0.0158096737717724,0.773371797946076,167352.52391694946,2025-12,20424
1764676800.180386,12,BTCUSDT,18497,18346,1.562254165191474,1.318844062671254,0.6474607880678684,0.6963195555732494,0.0011564684512726,0.0004336473811408,0.0344168676511327,0.0303847862930135,0.0125075017839377,0.0129732950959674,0.7304740087549848,124112.26733468864,2025-12,20424
1764680400.180386,13,BTCUSDT,34597,29258,1.838918493561066,1.8030902396782753,0.7480776937675415,0.7178444070669053,0.0005936909719916,0.0005634517903978,0.0489623136108293,0.0457755431685019,0.0205960378042371,0.0184574911823274,0.8064503478226572,246236.33515931276,2025-12,20424
1764684000.180386,14,BTCUSDT,63399,67383,2.641969386787696,3.5703789425919013,0.8199624663634674,0.7317004820850679,0.0009738635551812,0.0006306467260489,0.0066271465285047,0.0467036061223634,0.0352433374750463,0.0193226586076326,0.8385955218239824,564544.2886828237,2025-12,20424
1764687600.180386,15,BTCUSDT,96042,107968,2.27322111142014,4.202182045615579,0.8381176731572837,0.7722541030929685,0.0006438507932823,0.0005528753742451,0.0420903900669524,0.0316841588418877,0.0351818099916797,0.0323002126596684,0.8933689151797553,942835.4531729374,2025-12,20424
1764691200.180386,16,BTCUSDT,56306,65884,2.070720940280399,2.2987358006342253,0.8213918062421753,0.793560942613599,0.0004253001555835,0.0005970232432576,0.0261300265886369,0.043175110876859,0.0404620277079897,0.0162059029802779,0.8688891750834686,539349.2307110679,2025-12,20424
1764694800.180386,17,BTCUSDT,48019,48262,1.64408884990672,2.231380926002152,0.833565919602653,0.7569740578246428,0.0007655334416623,0.000562644672914,0.0285439454873504,0.0435943367976749,0.0329366362694403,0.0151786296835876,0.8697754830476785,424884.6179662606,2025-12,20424
1764698400.180386,18,BTCUSDT,42125,43431,1.396706860042234,1.7027803474466974,0.8509954949395143,0.8044008341921338,0.0003470362485473,0.0002684857488882,0.0191460589484767,0.0360451065028175,0.0203158347603813,0.0144409282800831,0.8781934434777795,397613.3665574328,2025-12,20424
1764702000.180386,19,BTCUSDT,26404,29739,1.1809288848838606,1.5175753001872252,0.8102475871400807,0.784366770380844,0.00063788256209,0.001026514841309,0.0154531397392285,0.0190530049577488,0.012944890004807,0.0093532419039162,0.8308420223750035,242709.2674093088,2025-12,20424
1764705600.180386,20,BTCUSDT,38882,49322,1.330073749139951,1.552929310084804,0.8210331595812568,0.8515924577190052,0.0005913619435129,0.0006187144934618,0.0274358269511775,0.0153064402843519,0.0242455572181477,0.0208892666698086,0.8825658111424233,420203.2399615776,2025-12,20424
1764709200.180386,21,BTCUSDT,24592,24916,1.2319829870431025,1.225772265861406,0.7883194662362264,0.7835406519475376,0.0021339863477529,0.000802839628215,0.026285866819577,0.0293681283530169,0.0074258450155876,0.0069281129797466,0.8223957010175952,204973.90092092747,2025-12,20424
1764712800.180386,22,BTCUSDT,25434,26274,1.1304923274862797,1.5464294213452354,0.793804747415819,0.74366971487347,0.000359474032845,0.0007715795063838,0.0358118426913267,0.0364482905125638,0.0097101991461769,0.0104399180779478,0.8318009864815159,212156.2896066683,2025-12,20424
1764716400.180386,23,BTCUSDT,14026,25237,1.1416002277602622,2.181685366604423,0.658981023046196,0.6544116191164838,0.0007762408667579,0.0006411086851577,0.0286857090993764,0.0236183290937127,0.023300725493846,0.0112273520032025,0.7004259802327975,126442.3899081049,2025-12,20424
1764720000.180386,0,BTCUSDT,31275,30431,1.583412575520039,1.669634696246359,0.7814805073779693,0.7636857412027379,0.0004634873549029,0.0002096627713321,0.0257746213840873,0.0305203666847345,0.0089138638022297,0.0100925068152255,0.8125279187930843,252321.09933926613,2025-12,20425
1764723600.180386,1,BTCUSDT,34203,32812,1.1965931985177816,1.3550853228313855,0.8331239720179526,0.7950766422854687,0.0005456091173142,0.0005584079897011,0.0265032262598416,0.0353148986103207,0.0185828530687594,0.010547162410749,0.8656518839467064,302925.3848800188,2025-12,20425
1764727200.180386,2,BTCUSDT,44351,41402,1.674714870665384,1.3879725109464796,0.8327818613687681,0.8117462849474724,0.0004312579687349,0.000756540077605,0.0170209585359465,0.0418130083592556,0.0255271224279605,0.0171090851814229,0.8732979590111001,390928.962681541,2025-12,20425
1764730800.180386,3,BTCUSDT,27924,28817,1.6075402628590691,1.197755281963633,0.7682630352263817,0.8136537168119782,0.0005827850510175,0.0006122145498099,0.0196307932789889,0.0246481291140043,0.0117058346056962,0.0061398122270266,0.8398973734810986,240212.3432220966,2025-12,20425
1764734400.180386,4,BTCUSDT,46065,35072,2.2805345363787386,1.127130046560537,0.7860054813727732,0.8011545210872002,0.0005430789272195,0.0003231186006868,0.0137218100546347,0.0454812812575242,0.0247769327765136,0.0207089269220058,0.8560849469825308,357606.3783097508,2025-12,20425
1764738000.180386,5,BTCUSDT,36067,35500,1.7151575620000987,1.4772329416667966,0.796620070747154,0.8006838459131429,0.001091959136878,0.000250142758445,0.0194495358569635,0.0258384201933571,0.0254606544660962,0.0150027099542342,0.8420881855624301,313592.0372439812,2025-12,20425
1764741600.180386,6,BTCUSDT,34216,37582,1.7592961200354424,1.4764732658489286,0.76491765694441,0.8144564108846041,0.0006807115143994,0.0007139546301517,0.0257794310602542,0.0209141628683723,0.0248071786119029,0.0205904444282705,0.8453128374408899,317864.46342283825,2025-12,20425
1764745200.180386,7,BTCUSDT,29244,31764,1.756838740499166,1.7745652052483132,0.7435332749952289,0.7797368696370681,0.0005165115880172,0.000284508218124,0.0246942342469836,0.006988376435551,0.018299567896428,0.0175219799292028,0.7979846653304684,250411.99209368927,2025-12,20425
1764748800.180386,8,BTCUSDT,28879,26253,1.7302688809619702,1.3919755800155833,0.6946915518102176,0.7828277781261377,0.0008366557139016,0.0025395430194907,0.0792875006401812,0.0149714077622078,0.0095202008134143,0.0100121680662758,0.8023768709911945,216278.50157216485,2025-12,20425
1764752400.180386,9,BTCUSDT,30490,25330,1.671651137969532,1.2144542150787048,0.7418758412818421,0.7871737498917452,0.0006094346449477,0.0004958430544454,0.0522083613127512,0.0229175441278026,0.0125368330044396,0.0108434756203855,0.8166865997082164,226558.33704762775,2025-12,20425
1764756000.180386,10,BTCUSDT,24867,27365,1.3569216779983089,1.197842228405581,0.7633140810470033,0.806005751700414,0.0005140005840454,0.0014250840045344,0.027910083611045,0.0290579772596559,0.0111685655080498,0.0096419874692545,0.8378374407596174,222811.66490860027,2025-12,20425
1764759600.180386,11,BTCUSDT,24016,24680,1.367536972812111,1.6107902688989086,0.7494941478343665,0.7419707522733,0.0007256210254494,0.0006243761976073,0.0283080830534283,0.0146280489417474,0.0075155614285819,0.0147020549026382,0.7826505734150057,192979.1399869395,2025-12,20425
1764763200.180386,12,BTCUSDT,23201,26296,1.3210734731454008,1.637054135407248,0.7650585530339693,0.7504012506389279,0.0003396634616073,0.0006194358555502,0.0195612772328694,0.0124094686591738,0.0208617892500847,0.0094053150205564,0.7919210049781515,196595.01553051124,2025-12,20425
1764766800.180386,13,BTCUSDT,26833,25205,1.5108161827044209,1.6627075639510007,0.7667540430891161,0.7301917839599953,0.0001783812173613,0.000419428223128,0.0167573367979939,0.018052534550835,0.0124008630791975,0.0156493630206378,0.7885290004972002,207762.97847435143,2025-12,20425
1764770400.180386,14,BTCUSDT,97078,104941,1.7892956906956106,2.5290914449974573,0.8591911382154861,0.8473680272727209,0.0007548133105613,0.000801973474175,0.0436146200461988,0.0301733370642106,0.0351991565472691,0.0311176167635896,0.9263288981858478,966644.7065898592,2025-12,20425
1764774000.180386,15,BTCUSDT,57974,66386,1.526395611662489,3.272209068798238,0.8598640031594421,0.780099684403891,0.0012293903437798,0.0003346802356868,0.0307379094699147,0.0213193275670999,0.0242636912326518,0.0200852281120765,0.8961000204111493,546964.5629043641,2025-12,20425
1764777600.180386,16,BTCUSDT,37537,44125,1.6024373374704963,2.370687315931395,0.7924143697654094,0.7719395464521626,0.0006224453266917,0.0005662088593779,0.0312776692455485,0.0238320498530828,0.0134349832730976,0.0182162975551074,0.8311542713706777,340747.0183336374,2025-12,20425
1764781200.180386,17,BTCUSDT,40501,35812,1.3356765066800909,1.4185872147298346,0.8496848663460796,0.8180027021987822,0.0005477314773431,0.0005163861871225,0.0220967661516973,0.0211052290172611,0.0146252302392134,0.0182705126506056,0.8789383040640988,354655.17488029547,2025-12,20425
1764784800.180386,18,BTCUSDT,35162,36028,1.4244498769667595,1.4357824134715649,0.8133389979558756,0.818132667988043,0.0005095469030176,0.0006069137545382,0.0122293286420083,0.0340928636586446,0.015890188433702,0.0201151951676451,0.8616453081237878,321088.6973379813,2025-12,20425
1764788400.180386,19,BTCUSDT,25391,23408,1.2833204803253495,1.2185807778356943,0.7855629838600313,0.7872529188916464,0.0006100575732421,0.0003575043089897,0.0258370309932485,0.0177674860045552,0.0085195332812228,0.0095673283795211,0.8182493591188867,201860.1513888992,2025-12,20425
1764792000.180386,20,BTCUSDT,30151,31805,1.5616954810785866,1.2590477977030718,0.7800771278480962,0.813193779882168,0.000494602875522,0.0007100516912591,0.0220361856362658,0.0299296357791154,0.0150620314634562,0.008661440533181,0.846414288549138,268722.008112033,2025-12,20425
1764795600.180386,21,BTCUSDT,25860,24156,1.2495026539777156,1.2345130291613704,0.7987291914519256,0.7643563780972318,0.0010980403998845,0.0005922133153474,0.0233458034278144,0.0353114322370084,0.0139121485214528,0.0034160430462278,0.8244980370060785,211859.3840024638,2025-12,20425
1764799200.180386,22,BTCUSDT,35915,33449,1.2269499571061917,1.11836916223706,0.8234219120914807,0.8142244193690008,0.0005245965912904,0.000466625472793,0.036567422691868,0.0415187108557388,0.025005901871322,0.0207696731141349,0.8812474397379219,313048.5904392239,2025-12,20425
1764802800.180386,23,BTCUSDT,26915,26865,1.4389599568082363,1.1384910072278729,0.7544912167887812,0.8041865153193997,0.0009157691450224,0.0005204279047379,0.0359964504839447,0.0271120195539908,0.0153272256601274,0.0175649971041835,0.8375416130962197,224805.2012468136,2025-12,20425
1764806400.180386,0,BTCUSDT,27714,33915,1.4079846944397394,1.844985829990082,0.7665717346898282,0.7761889462278353,0.0008077992124616,0.0006577901068224,0.0278190185312571,0.0133638843503935,0.0126501357836493,0.017166264132698,0.8076474525618809,259594.2845657108,2025-12,20426
1764810000.180386,1,BTCUSDT,31313,35800,1.3043990991117451,1.527149548532932,0.8116570001682555,0.8098687419234746,0.0006619575007673,0.0007659751581265,0.0200273810662154,0.0247614167621333,0.0142152643166889,0.0118445195877294,0.8469332827634551,298608.35253139265,2025-12,20426
1764813600.180386,2,BTCUSDT,32498,28770,1.2717363213762796,1.1668264736771266,0.8319005023545007,0.7984786418491701,0.0006248542798644,0.000449079186049,0.0172416979793304,0.021322448809325,0.0300296786371446,0.011342109890119,0.8584857782706586,279531.52978748345,2025-12,20426
1764817200.180386,3,BTCUSDT,21481,25438,1.1811258441487529,1.0728607082931112,0.7655178290937558,0.8073386699099572,0.0003108891482329,0.0010175250228824,0.0245256100035159,0.0289074242925454,0.0136338391954379,0.0089659341400529,0.839084850702382,200538.97790758705,2025-12,20426
1764820800.180386,4,BTCUSDT,17077,19958,1.103162786976717,1.0674191823006958,0.7228139941820954,0.7568574507586391,0.0002205966098321,0.0004436418145174,0.0378074284294065,0.046232699630458,0.0056348812141281,0.0080827039916811,0.8042348847517815,140673.81156762698,2025-12,20426
1764824400.180386,5,BTCUSDT,18682,23529,1.1501593253689375,1.1757848211696815,0.7242656457898511,0.7913940831959729,0.0005799517179326,0.0013069336815545,0.0376356415462697,0.0255402100969326,0.0074086034305777,0.0107080306476919,0.8186263531225572,175688.18334817837,2025-12,20426
1764828000.180386,6,BTCUSDT,25439,20963,1.2988213382126652,1.0107111052179738,0.7624702368093366,0.7851831920679777,0.0007867286077302,0.0016323168499809,0.0489238619293371,0.0367467963333452,0.0034482957548328,0.0049323486879536,0.8241154160436582,192255.55736860711,2025-12,20426
1764831600.180386,7,BTCUSDT,20053,19280,1.0649535150997218,1.382277853886675,0.7434462815954446,0.7009068093443142,0.0005051304566401,0.0005912115306726,0.0473663922925535,0.0303405094260821,0.0056396562087236,0.0085076204650079,0.7917369705221872,148426.75339192525,2025-12,20426
1764835200.180386,8,BTCUSDT,20504,20508,1.2605215776337753,1.1134674824444877,0.7215007344019785,0.7588483542357691,0.0016242246287027,0.0002668627424205,0.044889635943524,0.0359730480387388,0.0090198465611637,0.0098152821813143,0.7981955412938819,159620.9098289395,2025-12,20426
1764838800.180386,9,BTCUSDT,22664,21935,1.298938040578403,1.125835654150305,0.7391022793223193,0.7696189507289343,0.0005246739507769,0.0008330789928263,0.0460808176884465,0.0324053897461355,0.0105313855375971,0.0059350064383069,0.8056758032979977,177685.53062482178,2025-12,20426
1764842400.180386,10,BTCUSDT,17708,19079,1.427167598467962,1.021313567007129,0.6563628492932123,0.7727926319546209,0.0007059062724749,0.0007208905758423,0.0498549583083075,0.0289997848530815,0.0065270162744433,0.0073966439669236,0.8024028392157879,135174.8261568368,2025-12,20426
1764846000.180386,11,BTCUSDT,18511,24012,1.265955151213641,1.4028950836664504,0.7126501605641253,0.7463635801066232,0.0010464658327643,0.0007242566617508,0.0286378434436077,0.0353813461537208,0.0109230617405433,0.0076409572003739,0.784084546521648,166024.8357951428,2025-12,20426
1764849600.180386,12,BTCUSDT,18145,21630,1.0443134556538982,1.3473625517736492,0.7421781812726338,0.7284788780437643,0.0004280701487353,0.0011486827872737,0.0466141562817312,0.0405560169391991,0.0069308206191722,0.0036193877797444,0.7904321597840971,149864.5149781385,2025-12,20426
1764853200.180386,13,BTCUSDT,31495,41364,1.2092320426461196,1.6986535947692218,0.801826210139845,0.8083543287381678,0.0008709725399907,0.0004793049293603,0.0432872875576959,0.031988196131515,0.0115629369218495,0.0117649925585101,0.8552952318123948,329732.6213958621,2025-12,20426
1764856800.180386,14,BTCUSDT,41872,48130,1.1874976462530256,1.5841362269066774,0.8199682516355782,0.8321733002209077,0.00048439131726,0.0004894416723852,0.0559169390512693,0.0381410676583883,0.0158338493309178,0.0237578726585193,0.8931853966998204,404436.9453505056,2025-12,20426
1764860400.180386,15,BTCUSDT,56907,49847,1.483098001994739,1.6054341861843902,0.863598611340085,0.8350126403762553,0.0004791462605238,0.000435668976441,0.0276829381572445,0.0242521497959465,0.0191808599131054,0.0204816381348356,0.901109241640754,503272.0946325593,2025-12,20426
1764864000.180386,16,BTCUSDT,36864,40741,1.3579506816867382,1.5270232474035177,0.8402893058154879,0.8305647222169468,0.00087055048611,0.0006699600095161,0.0185981757570368,0.0287796441529205,0.009189271034417,0.007834633666304,0.8683683226014359,355190.86418453744,2025-12,20426
1764867600.180386,17,BTCUSDT,32102,37966,1.3664231367072244,1.537699338698482,0.8209591629666552,0.8272990940258548,0.002079829023931,0.0006427941626756,0.0167402602790114,0.0110788326571224,0.0121174639662672,0.0099786957583612,0.8503232789925358,316081.9512439966,2025-12,20426
1764871200.180386,18,BTCUSDT,24322,34427,0.9517509295671812,1.4139948595466485,0.8293376173470512,0.8086055908084137,0.0005293553508544,0.0006240635578041,0.0179708366980745,0.0318911166954726,0.0113808794823274,0.0082227420037022,0.8547177323914074,259472.2028939496,2025-12,20426
1764874800.180386,19,BTCUSDT,52678,59730,1.1181305819084324,1.5120535929853982,0.8594384046945984,0.8543430686616666,0.0007184554754225,0.0004746929537196,0.039844325656725,0.0373076763007929,0.0219448201390087,0.0172243197208281,0.9158549549058456,539797.3926828584,2025-12,20426
1764878400.180386,20,BTCUSDT,35088,35232,0.9005735916140801,1.394376743397793,0.8723207961209779,0.8142038277468805,0.0004493268650796,0.0004718432011139,0.0271827781862606,0.0332130002322828,0.0087066614151453,0.0086297060377584,0.9010571387255546,324182.58871563995,2025-12,20426
1764882000.180386,21,BTCUSDT,17284,23845,0.795168102881936,1.0235755716567754,0.8065533579911802,0.7875888843462998,0.000347252576974,0.0010818869774072,0.0136192710671789,0.0429771684777436,0.0125166196583803,0.0077604153119282,0.8372332383324328,174040.38442636613,2025-12,20426
1764885600.180386,22,BTCUSDT,12634,15233,0.7174192989842071,0.9304154996608104,0.761821461871992,0.7305303945788956,0.0005614176504838,0.0002369675020407,0.0246814919065902,0.0413004199656757,0.0108444784171832,0.0053044374369505,0.7899845829107812,104749.63389204897,2025-12,20426
1764889200.180386,23,BTCUSDT,9568,14635,0.6901875166502007,0.8861303930146739,0.6863485255301468,0.7320946041124797,0.0005413995950707,0.0004453634141848,0.0467305053746356,0.0472396671369148,0.0042323307325886,0.0051039177695692,0.7799000591628421,83479.00040936546,2025-12,20426
1764892800.180386,0,BTCUSDT,15263,18931,0.9313508761647616,1.0076203972962376,0.7291557067793926,0.7505681038469212,0.0007607109998365,0.0008188570212387,0.0436878545417239,0.0523570236626161,0.0057939785429144,0.0044100919175269,0.8040243349052744,127722.50779645432,2025-12,20427
1764896400.180386,1,BTCUSDT,14673,17206,0.925036654910057,0.9476000786850592,0.7422503158977405,0.7667421164566701,0.0009553926308301,0.0009165193708586,0.0290648767132215,0.029908888192171,0.0050159939279827,0.0010278248617096,0.797101264428547,123990.41415598051,2025-12,20427
1764900000.180386,2,BTCUSDT,14181,14440,0.9706735791270972,0.9364544223215544,0.7172824224329779,0.7268074471208152,0.0012656025388457,0.0008993759175182,0.02854281935255,0.0289340831113074,0.0089513374119572,0.0073886232230655,0.7612361934628382,105940.60795646816,2025-12,20427
1764903600.180386,3,BTCUSDT,16170,19027,1.0352979885778226,1.1279588880840674,0.7286194172894789,0.7524774280337894,0.000349491137067,0.0028011720477385,0.0230364140838401,0.0256740391873818,0.0102131606348553,0.0096715284806818,0.7824321823814104,143408.30952180852,2025-12,20427
1764907200.180386,4,BTCUSDT,16203,17876,0.9839494314522252,1.000172190262813,0.7237768866704706,0.7666351560740963,0.0007819063888176,0.0011858391613313,0.0361697668557,0.0275698388438267,0.0049216142316018,0.0132789224959725,0.7964641855532772,134549.19206876963,2025-12,20427
1764910800.180386,5,BTCUSDT,11954,11391,1.0473557677878096,0.8491340226528786,0.6612543925146493,0.7055136226960714,0.0015586176858731,0.000337292328253,0.0209058197134283,0.023138379780516,0.0084502220626782,0.0070748510198527,0.7301963997082597,77816.06431487277,2025-12,20427
1764914400.180386,6,BTCUSDT,14051,10968,1.1401787374321442,0.6482372256717236,0.6584806397730577,0.7387446382396129,0.0022411705952507,0.0007799412180341,0.0455038783953612,0.0332361641501918,0.0080086655275604,0.0048731490249516,0.7728225356456647,88000.87843691488,2025-12,20427
1764918000.180386,7,BTCUSDT,13105,15595,1.114501694642586,1.1240573948334027,0.6550639675523687,0.7062410109637922,0.0019302572152429,0.0002358137965638,0.0345776949339477,0.0280455948459593,0.0038383641625486,0.0019392321165334,0.7345658986242902,97781.77624521902,2025-12,20427
1764921600.180386,8,BTCUSDT,13698,14241,1.1341967083056197,0.964850406241372,0.6605195683941549,0.7227055739250271,0.0009228393411177,0.000724425164117,0.0326867263382058,0.0291691166460737,0.0037254287138738,0.0070445991738391,0.7524839005276115,94604.58873602615,2025-12,20427
1764925200.180386,9,BTCUSDT,25932,34993,1.3302455906078976,1.3095173743605564,0.737218853941383,0.835365785777595,0.0010100392309542,0.0005990923020376,0.0489566212815477,0.0177222574380158,0.0137754605888057,0.0213473375136782,0.8576292837824369,268734.5946318869,2025-12,20427
1764928800.180386,10,BTCUSDT,20906,17349,1.1677698999839443,1.0155042844036222,0.7572228963476646,0.7592136442417473,0.0008395884642118,0.0005359735206048,0.0249644590791618,0.0257065122625602,0.0102358152907762,0.0111892777002239,0.7950310789039362,153694.11993552095,2025-12,20427
1764932400.180386,11,BTCUSDT,17445,17192,1.1753077217995722,1.083639436244478,0.732343017053341,0.7351248533422111,0.0005291951559456,0.0005963679779815,0.0177619264360304,0.0286453182274282,0.0064440157465852,0.0068105624264632,0.7668539430843332,131706.2967451214,2025-12,20427
1764936000.180386,12,BTCUSDT,14467,16738,1.1803834469227727,1.0487874436646958,0.6727544404305967,0.7413477446892539,0.0007072673290075,0.0005133444565445,0.0262135823239858,0.0284777464959878,0.0092026949134266,0.0065123153755147,0.7707948232889402,111258.67203356406,2025-12,20427
1764939600.180386,13,BTCUSDT,36823,42675,1.5602833430376293,1.3119584918806555,0.7660882138765897,0.8498100802890852,0.0004586469804867,0.0005086783891601,0.0470403142888134,0.0248870652950133,0.0199283469740815,0.0302752620988921,0.8836024535438514,359662.977650701,2025-12,20427
1764943200.180386,14,BTCUSDT,49927,47700,1.8735631373710988,1.4254378529422742,0.8028483132199711,0.8485787847812696,0.0006304368345049,0.0006507319250317,0.045466989429349,0.0284574051764079,0.0123937608905764,0.0192029614467064,0.8842349849262215,436225.9286575453,2025-12,20427
1764946800.180386,15,BTCUSDT,65075,65429,1.8161113771095576,1.4353336040098588,0.8427963305063922,0.857857707494526,0.0005732386730709,0.000552401315722,0.0337867058597021,0.0389610129293845,0.0221580143551136,0.0227292631114231,0.9118323752133908,614266.6550416194,2025-12,20427
1764950400.180386,16,BTCUSDT,98160,95978,3.0195748928003616,2.3375983867321737,0.8170855911366931,0.8686516680200101,0.0005287792096154,0.0008459625339164,0.050841029068973,0.0300753365442169,0.0167847431143476,0.0332104636905262,0.9120809879925008,918138.2779528106,2025-12,20427
1764954000.180386,17,BTCUSDT,50543,52937,1.9892101132697184,1.5369012030143068,0.8210176191275402,0.8385875775812073,0.0005738971882216,0.0010656118779751,0.0320726398913088,0.031405066264913,0.0180119588702949,0.0092426978598297,0.8777590780839322,459745.79296467704,2025-12,20427
1764957600.180386,18,BTCUSDT,38517,43515,1.369285414222958,1.3055686915941136,0.8439220916501989,0.8439634202357007,0.0004707272279927,0.0006269782515562,0.0197548751148586,0.0322537416186721,0.0154998828639185,0.0141300937245071,0.8865299942633603,369313.4465201791,2025-12,20427
1764961200.180386,19,BTCUSDT,39293,35309,1.292882781620638,1.7144403785588669,0.8391083742634656,0.789384210024394,0.0009396597327326,0.0010321715359123,0.0305603353387139,0.025369356976648,0.0079242896851736,0.0124224807736523,0.8717607504688342,323801.21339592314,2025-12,20427
1764964800.180386,20,BTCUSDT,27077,30172,1.1811676992640905,1.705060334950076,0.8053836990584498,0.7619267683400582,0.0009986493209172,0.0008244658444928,0.0259805149606212,0.0228318257869896,0.0144428699536847,0.0101988335203597,0.834767909666117,232294.36874526873,2025-12,20427
1764968400.180386,21,BTCUSDT,18933,20549,1.1034795318069002,1.601276441882301,0.7294328463106353,0.6957359882311696,0.0007653721263133,0.001829254532913,0.0508297999725631,0.028008976698262,0.0077444652157125,0.0131671591998028,0.7824369966644446,135545.05405700114,2025-12,20427
1764972000.180386,22,BTCUSDT,19620,14683,1.1158628600939984,0.7946884556851518,0.7421384946132994,0.7533701107461139,0.0005732557386504,0.0004448424781558,0.0381285530611541,0.0432686302476472,0.007263548490766,0.0190642900670046,0.8032818301683986,129653.42364949652,2025-12,20427
1764975600.180386,23,BTCUSDT,12588,13206,0.9361654488645216,0.7535419195954886,0.70251129503147,0.7449570640234322,0.0051315186427215,0.0012234056711274,0.030971838894766,0.0452044805336371,0.0006314646667269,0.0021474293645348,0.790502238543407,89431.6961651787,2025-12,20427
1764979200.180386,0,BTCUSDT,12667,12059,1.193199526308266,0.7562988999588945,0.6032037382843783,0.715388098121776,0.001310887115993,0.000559270151968,0.0434195877371682,0.0475502008157842,0.0093195901476523,0.0112467457117661,0.7640074687613907,79588.92764505158,2025-12,20428
1764982800.180386,1,BTCUSDT,11705,12020,1.070840250948328,0.7862108218357176,0.634015753225094,0.7278347572913522,0.0013718411591884,0.0007012544056477,0.0320202673472574,0.0298348338239252,0.0046648749721544,0.0049451492167398,0.7580400719292052,79105.37204969233,2025-12,20428
1764986400.180386,2,BTCUSDT,11434,12382,1.0091261032668897,0.7941673143660717,0.6592470191561888,0.7327946181413254,0.0040371822586307,0.0009169128142493,0.0185579614050123,0.0282086177856793,0.00310158327531,0.0023332833557867,0.7612811880417151,81785.80715561152,2025-12,20428
1764990000.180386,3,BTCUSDT,19530,16199,1.845554440668106,0.9677862787433432,0.6380293116765716,0.6992832067558288,0.007848303170415,0.0005346654042661,0.0171413858238754,0.0646618495510549,0.0091335752565191,0.003387671145315,0.7645540033661024,118094.12183674808,2025-12,20428
1764993600.180386,4,BTCUSDT,11259,12095,1.0241078267125734,0.7634612143868006,0.6392164046385578,0.7064109891453783,0.0007249588554107,0.0004704792130838,0.0229706735180346,0.0556946764056596,0.0154866565160806,0.0109698278167587,0.7639285781029211,74990.0408807737,2025-12,20428
1764997200.180386,5,BTCUSDT,8653,9714,0.8898257170285954,0.8492867230418345,0.5988847137915064,0.6270191649030754,0.0031842066169707,0.0013426132722353,0.0238861453429932,0.0520472312845263,0.003200119981784,0.0054227972055082,0.6798234622582051,49127.21432429443,2025-12,20428
1765000800.180386,6,BTCUSDT,8432,7759,0.9347032880490594,0.7613343164513007,0.566367221981839,0.5589560856868497,0.0033157413035851,0.0007568419448749,0.0258785868733496,0.0768400123623102,0.004492881810108,0.0084525173525953,0.637389079994372,37835.23037739275,2025-12,20428
1765004400.180386,7,BTCUSDT,9768,11087,1.1167781234298828,0.9125375888896412,0.5711338992417452,0.6302406613512888,0.0014451199087246,0.0007605159080885,0.0077722961568573,0.0668207338825604,0.0049773311840764,0.0069580754038131,0.6974794681608352,57867.84155526021,2025-12,20428
1765008000.180386,8,BTCUSDT,14008,15999,1.1242657255776085,1.0307992264338308,0.6640038542945267,0.7220924648575711,0.0012306755043077,0.0006084729298809,0.028604059253553,0.0407005820487983,0.0071781224124316,0.0115440430714553,0.7642200131837864,105451.28851672976,2025-12,20428
1765011600.180386,9,BTCUSDT,12521,11697,0.9989484388300642,1.0251387326747723,0.6812587873749097,0.6165131853180872,0.0011649408633568,0.000251509639955,0.0209888107572191,0.0586825776469932,0.0095965456834377,0.0118479292504148,0.7064179625117395,75170.00568172232,2025-12,20428
1765015200.180386,10,BTCUSDT,8694,9706,0.9410910969229056,0.8592556486103925,0.5830675750754692,0.6175888819687684,0.004829287779337,0.0009471351492326,0.0240729125131867,0.0606696333098465,0.0007390127542173,0.003257466570972,0.6785862113919117,49297.3964357714,2025-12,20428
1765018800.180386,11,BTCUSDT,12047,13099,1.3823975720276225,0.9934656454560582,0.5591117516832782,0.6348143642677553,0.0001633099258903,0.000275116173843,0.0256796452849943,0.0804923641254437,0.0124642537675385,0.0017811377706757,0.7155053718639908,70642.17378949007,2025-12,20428
1765022400.180386,12,BTCUSDT,7899,11130,0.9064832527227644,1.1913003904586512,0.5515500337733601,0.5231481867878159,0.0007847254579709,0.000608623416234,0.0293540526973211,0.0872647888227686,0.0054527405355297,0.0036491656034954,0.6112870769994174,42483.57067108001,2025-12,20428
1765026000.180386,13,BTCUSDT,8925,10922,1.022608829821676,1.119029588645348,0.5525778992938164,0.5355832394856399,0.0005370082486468,0.000474249409322,0.0210322696625147,0.0778799775675311,0.0218828873269389,0.0111989437265525,0.619203366567802,46296.01405705304,2025-12,20428
1765029600.180386,14,BTCUSDT,22079,27587,1.3130506963138622,1.576697257173184,0.7410978112039724,0.6788869745834961,0.0006479241712628,0.0004753611461701,0.0223491785069896,0.0893202970654326,0.0337127181793033,0.01584079360307,0.7896241605136739,189097.42842195815,2025-12,20428
1765033200.180386,15,BTCUSDT,17284,26755,1.053390249275563,1.4744409461088095,0.7316597350002608,0.74476067341635,0.0002844826745732,0.0003936574955503,0.0244028114517895,0.0489221926458913,0.0136580435718932,0.0142596602070756,0.798497404743262,169778.22879740866,2025-12,20428
1765036800.180386,16,BTCUSDT,13745,13607,1.2668563934063677,1.1155324286918915,0.6023765002957505,0.6449679618464301,0.0047150594426704,0.0007695983365907,0.0587113631032888,0.0530213757275467,0.0011878824612705,0.0053830811427691,0.6989486135877692,79564.5129492698,2025-12,20428
1765040400.180386,17,BTCUSDT,12517,10184,1.1236325584007525,0.812689336238095,0.6343237105805525,0.6613074524954331,0.003653537181469,0.0013947345126181,0.0391266900068524,0.0407343849030227,0.0028200893737366,0.0015055278644942,0.7026840833881088,69649.04493552176,2025-12,20428
1765044000.180386,18,BTCUSDT,9845,8933,0.9330791825572244,0.8519591605241675,0.617944934724813,0.6175613615802344,0.0010830476350396,0.002674786088051,0.0365184545002151,0.0369043733162065,0.0010196312048617,0.0033780409309913,0.6580320755743836,52807.56816796272,2025-12,20428
1765047600.180386,19,BTCUSDT,17144,17190,1.0395259485989996,0.7662669221694131,0.7313184809871335,0.803230122004496,0.0019111070017591,0.0009137428744306,0.0346916612299214,0.0334618810335788,0.0064173552502601,0.016581162802519,0.8386965813777963,146493.6085608202,2025-12,20428
1765051200.180386,20,BTCUSDT,10480,7555,0.9080638405477216,0.6166475002657645,0.6356094798279541,0.6500181148794563,0.0004959044841845,0.0003851981354753,0.044781931251758,0.0530397113225272,0.0036035256237703,0.0097039856569951,0.7047554090016559,52551.85974043879,2025-12,20428
1765054800.180386,21,BTCUSDT,9564,10858,0.8653511673095737,0.737431166678849,0.6024159570629543,0.6966550081172487,0.0005021346531021,0.0005284731032539,0.0618999110378191,0.0511094448472843,0.0088022243644008,0.0083357438446276,0.7487413599986302,59717.86887297124,2025-12,20428
1765058400.180386,22,BTCUSDT,9324,9208,0.8312855636441978,0.6702846704374092,0.6087230959012577,0.6871752847027456,0.0007396996814703,0.0012472649004913,0.0632927386114188,0.0413757248425728,0.0097977743287096,0.0051250722000018,0.7297147801453573,56370.724375099155,2025-12,20428
1765062000.180386,23,BTCUSDT,16469,18117,0.9005788077169269,0.6428379618471483,0.7374565013816721,0.8320322664905837,0.0011088068883203,0.0017712963144835,0.0503313950077266,0.0310183506531307,0.0057688903641637,0.0138345594887815,0.8644506753343758,145613.54786015584,2025-12,20428
1765065600.180386,0,BTCUSDT,14605,11911,0.9191922152990304,0.6151058263308529,0.7414622046481815,0.7754242786511172,0.0009186234997489,0.0006910236088785,0.0243373513726627,0.0296783109185033,0.0064390650003866,0.0047544411049523,0.8060968506841109,103675.28343107564,2025-12,20429
1765069200.180386,1,BTCUSDT,8210,9324,0.785939420261945,0.657477573550496,0.6137329594568292,0.7086978706182652,0.0085083888111993,0.0015079218010689,0.0400074884302596,0.0283069836699923,0.00187975034344,0.0017901578182292,0.737414312013035,54436.661878688035,2025-12,20429
1765072800.180386,2,BTCUSDT,9395,7104,0.7919761409965879,0.715635800620607,0.6565100790789036,0.6015964224136069,0.0058031414934937,0.001288384849067,0.0322171999645255,0.0218052064316026,0.0057078516878563,0.0082291624862784,0.6903633834602003,47908.50596014873,2025-12,20429
1765076400.180386,3,BTCUSDT,8034,7869,0.7664312054905627,0.6317612325713271,0.6238719914624468,0.6788634964478019,0.0058974098397762,0.0006582826346646,0.0289826331058472,0.0215556627830488,0.0036729626409709,0.0009833255130683,0.700747201745313,48567.3290512434,2025-12,20429
1765080000.180386,4,BTCUSDT,7747,9154,0.8775014271829786,0.6826920971986719,0.5558347698208256,0.6998538543143247,0.0052646023471722,0.0013059188951573,0.0265251007282403,0.0238477704547995,0.0039424998758083,0.0062136643454029,0.7241897698774398,50716.681083211944,2025-12,20429
1765083600.180386,5,BTCUSDT,6433,6417,0.8249124967610173,0.6535121467943031,0.4998849070626335,0.6070859824850918,0.000826775239056,0.0004203439391545,0.0357543423035984,0.0196753667626777,0.004584601307354,0.002988546818159,0.6269633418544388,28918.25402138183,2025-12,20429
1765087200.180386,6,BTCUSDT,7447,5919,0.8222728499975428,0.6201753852439511,0.5706732023305228,0.5964623966581022,0.0014557625036972,0.0006230627011201,0.0270960173486632,0.0102536418875129,0.0096941370498371,0.0036766356258422,0.6104859655979084,34136.07595063473,2025-12,20429
1765090800.180386,7,BTCUSDT,10913,12346,1.0804609670583365,0.7263859786400269,0.6075154458224215,0.7639346497287722,0.0008805485941917,0.000272277449186,0.0202835689138562,0.0210142891362805,0.0049140428739713,0.0107132542711929,0.7853529697785456,81761.57984590383,2025-12,20429
1765094400.180386,8,BTCUSDT,10616,8922,0.978123625250811,0.7047024694720289,0.6325067255808573,0.6770557165915959,0.001211730728214,0.0005496071254895,0.0319032404441346,0.0311042357219165,0.0036396032162415,0.0047227193168534,0.7087369778156328,60139.32689739174,2025-12,20429
1765098000.180386,9,BTCUSDT,9981,10567,0.9836759847740832,0.7160864369143348,0.6080848651358687,0.7175745621139795,0.0004744102616164,0.0006399273222365,0.0257446079820279,0.0311933136352917,0.0081976642889681,0.0097566504355336,0.7495470134420855,66296.51491152396,2025-12,20429
1765101600.180386,10,BTCUSDT,12471,8847,1.0369390031979986,0.6828662563359776,0.6685714912701912,0.694712633147183,0.0020732671736681,0.0003438383561384,0.025307803184928,0.0212004474086348,0.0023255610115261,0.0047512325165108,0.716887195546622,71189.94648459868,2025-12,20429
1765105200.180386,11,BTCUSDT,7470,6913,0.925000359087696,0.6964735362200964,0.4958075777088706,0.6031003854144208,0.000989125377988,0.000532326054166,0.0474226019648566,0.0283109191824347,0.0045061132370712,0.0118445900056502,0.6321759737726862,32626.32673889092,2025-12,20429
1765108800.180386,12,BTCUSDT,11151,9440,0.9320539610156828,0.7691922450592061,0.6634270058329582,0.6560953439432535,0.0023502931930332,0.0007688032687803,0.0264872240911199,0.0342229896375804,0.0113849799199098,0.0106968857360681,0.7026671858972184,65446.406488219305,2025-12,20429
1765112400.180386,13,BTCUSDT,18717,23075,1.0857112789204586,0.9229586049861532,0.731700588975024,0.8072604544063712,0.0005375806101284,0.0005623655597203,0.0315304237656289,0.0373495174488547,0.0153701646127237,0.019413958183882,0.8483435945674261,174451.466086322,2025-12,20429
1765116000.180386,14,BTCUSDT,47957,55784,1.4798656569808029,1.197217609814596,0.7873229229486179,0.8480561537059369,0.0011136948035751,0.0006105649012398,0.0577632300438175,0.0506680393965885,0.0292528695161613,0.0361586376142408,0.9147515753455108,463619.6766876326,2025-12,20429
1765119600.180386,15,BTCUSDT,48280,40007,1.1591294109975077,0.9952013696187216,0.8568681527497465,0.8468719500567811,0.0007347777054355,0.0008233709727532,0.0339426981053911,0.0302487369299122,0.0257590498905491,0.0267504433806017,0.9118475018356338,419003.6056412616,2025-12,20429
1765123200.180386,16,BTCUSDT,28545,28746,1.081366511777189,0.9732293593543424,0.8282487420563457,0.8292873883241539,0.0011084426085405,0.0006314307706181,0.0229169912464755,0.0284105124874225,0.0148653125678975,0.0133271309982701,0.8697170370883931,260526.9675502334,2025-12,20429
1765126800.180386,17,BTCUSDT,56670,54103,1.3478001439043372,1.2372008434623123,0.862903273066854,0.8393837783378244,0.0033172722026146,0.0001390782926391,0.0340453743162166,0.0302571182131753,0.0412982971410025,0.0206290063969791,0.916656550044356,537021.9465277591,2025-12,20429
1765130400.180386,18,BTCUSDT,31708,31749,1.0624324879196778,1.2879514642567105,0.8344229838178565,0.8011427890283302,0.0004410452232452,0.0006990653799533,0.0286092105568241,0.0268727638407728,0.026205711750116,0.0157370962676715,0.8728096153303679,287085.28651337064,2025-12,20429
1765134000.180386,19,BTCUSDT,14243,14858,0.8009752915928972,0.9288882396551256,0.7734544778078051,0.7501301871101318,0.0012170937831662,0.0003520433885584,0.0200503165255695,0.0161666215898195,0.0096569870963436,0.0055900619091629,0.7957021797527261,112774.2307581604,2025-12,20429
1765137600.180386,20,BTCUSDT,11171,10632,0.7685117244993585,0.6880629941505207,0.7209909656665973,0.7358393413221451,0.0008705699911817,0.0004908032728527,0.0255833021082174,0.0193948552923541,0.008529130310382,0.0050003038773395,0.7592925188738712,80451.19255707753,2025-12,20429
1765141200.180386,21,BTCUSDT,24272,34692,0.9232354890900496,0.9785324431670976,0.7896838471157273,0.8754001183600788,0.000526904308003,0.0001683870190342,0.0383161427631924,0.0158323366924973,0.0140175550197335,0.0236685694057705,0.896307935511094,283158.6167570006,2025-12,20429
1765144800.180386,22,BTCUSDT,56709,60707,1.2683809203606145,0.8698268176609671,0.8649968122567213,0.8880237003264528,0.0009039466200604,0.0006429474881173,0.0412275988682089,0.0379536446043068,0.0195049150734603,0.0122806973048401,0.9351088099942644,576598.9802649498,2025-12,20429
1765148400.180386,23,BTCUSDT,28719,22998,0.9721031022259524,0.6661003112072205,0.8533145851653703,0.8499678201216274,0.0004589578866603,0.0005190801198098,0.0169663143744053,0.0230210754254953,0.0141121074505489,0.0128220724360386,0.8856430421800132,240430.05211049615,2025-12,20429
1765152000.180386,0,BTCUSDT,24564,25822,0.954401519496886,0.7347610376200365,0.8277233852098301,0.8690640071123525,0.0003233658537015,0.0004158819236538,0.0222518826956359,0.019212325951754,0.0116972127781845,0.0121436273805663,0.8918791621537989,232939.5866966709,2025-12,20430
1765155600.180386,1,BTCUSDT,39722,37291,1.1114029115288204,1.148626685029298,0.8698075501726251,0.8336619245343789,0.0004122659776999,0.0002817823545703,0.0211716764397964,0.0295737125593374,0.0203704728984524,0.013047908285706,0.8987743229480636,371977.4868611016,2025-12,20430
1765159200.180386,2,BTCUSDT,25477,22431,1.0254494579287987,0.8592351216599113,0.8333727153508925,0.847801303670284,0.0007897576136922,0.0004603911619503,0.0162276282384041,0.0115990886440795,0.0032261527779526,0.0077422160203883,0.8620469681251237,220222.7669802117,2025-12,20430
1765162800.180386,3,BTCUSDT,16182,18294,0.8367283128316972,0.8733058413979572,0.7837216638423666,0.8085879501370041,0.0004763924964191,0.0007403141674814,0.018935863545297,0.0145451417334787,0.0100186666147953,0.0109238147379312,0.8279693902831514,145998.11791863205,2025-12,20430
1765166400.180386,4,BTCUSDT,16702,15130,0.889812373308537,0.9517236162874392,0.7518358052986523,0.7340279264297449,0.0008846680188837,0.0002150167545457,0.0302968914215004,0.0146544094427374,0.0087306402795612,0.0113131674027094,0.7851705804565914,125016.1683119653,2025-12,20430
1765170000.180386,5,BTCUSDT,14943,16457,0.8769990135792842,1.163738960694507,0.7501104077628412,0.7251149444444023,0.0002369439363109,0.0004024394570002,0.0211751944498482,0.0064511397091927,0.0113132795862884,0.0068195705378076,0.7732850714045172,122802.52371934496,2025-12,20430
1765173600.180386,6,BTCUSDT,16792,15095,0.9439831619713368,0.9996580442582994,0.7478855710136793,0.7420204356489281,0.0010950111829645,0.0007855725578933,0.0336234958571622,0.004431975193571,0.010778810964222,0.0148647061573108,0.7861859389005927,124966.13295208204,2025-12,20430
1765177200.180386,7,BTCUSDT,18410,21651,1.0690428932202647,1.1034710227806122,0.718511141374833,0.7422832361991624,0.0007108349524223,0.000616951486575,0.0614370050675709,0.0625935473545725,0.0147658581289976,0.0076925227400939,0.8092636495063239,153499.90019779358,2025-12,20430
1765180800.180386,8,BTCUSDT,17149,16982,1.0650812173120747,0.9427780101201994,0.7217599190606316,0.704040235875719,0.0011095766101903,0.0008432195670101,0.0510796585300373,0.0823474523211987,0.0148626250479873,0.0045165872890648,0.7910807921411354,123885.32575401096,2025-12,20430
1765184400.180386,9,BTCUSDT,26265,24493,1.2068380224400796,1.1223339214769847,0.755237683735795,0.7555902986843184,0.0018458376757789,0.0009868622515454,0.0577613991319299,0.0443254170861586,0.0264803485237367,0.0088602954755687,0.824394122736843,205039.6356408409,2025-12,20430
1765188000.180386,10,BTCUSDT,15294,17420,1.1380559928039693,1.2566813709762772,0.6834707837215737,0.6829626606867949,0.0006841487477049,0.0008273867174086,0.0477855750987681,0.0403559292570578,0.0193963188064535,0.000389408617092,0.7336267064269615,112648.13388357723,2025-12,20430
1765191600.180386,11,BTCUSDT,14152,16450,1.1630376875099837,1.3212555075971526,0.641993865593466,0.6427894353814816,0.0007163136254658,0.0007438853779293,0.054369582363243,0.0616923074352922,0.0069460509348059,0.0059569038765679,0.7086579197864388,95482.9818765182,2025-12,20430
1765195200.180386,12,BTCUSDT,18802,21779,1.1611099255158168,1.3674242360313988,0.7382528006593241,0.7195000874962357,0.0010581782734377,0.0011894975383133,0.0451976654180467,0.0490397002821195,0.0044444019760231,0.0092606399617582,0.7866292607452563,151943.2804462816,2025-12,20430
1765198800.180386,13,BTCUSDT,28344,31426,1.3876225112309777,1.2489173443450128,0.770613865970892,0.809805900984925,0.0007279587900989,0.0005521376689205,0.044971559981148,0.0327240193788004,0.0076387013124716,0.0138991569396908,0.846447627580126,260934.20440566345,2025-12,20430
1765202400.180386,14,BTCUSDT,57537,58586,1.290595130467045,1.4594390285716488,0.8303245617475454,0.8598263947608485,0.0005507055024313,0.0006389715824992,0.0617370790213875,0.040722625409834,0.0111347572777752,0.0245381509070756,0.913974943652952,549226.6748293181,2025-12,20430
1765206000.180386,15,BTCUSDT,72251,67882,2.285225711241079,1.3957284371551757,0.8268330329929496,0.8748542088497898,0.0002289022557312,0.000462479324366,0.0415617823419971,0.0486323484107526,0.0092925889143115,0.0208358471842514,0.9269498274481796,658401.383856786,2025-12,20430
1765209600.180386,16,BTCUSDT,45922,41298,1.7498478304756682,1.0412703159675838,0.8159291743333074,0.8651355937741534,0.0007092929851549,0.0007198578927259,0.0279370127848632,0.0288617954306888,0.013118157315321,0.0163581819822568,0.898332980369724,401674.807163987,2025-12,20430
1765213200.180386,17,BTCUSDT,34177,32192,1.346833443132639,0.9400198884828684,0.8250279651001347,0.8482919259848191,0.0007550250165457,0.0006404785144699,0.0256105058789225,0.0373467407362488,0.0097487245452901,0.0094688852851845,0.8884471791194981,300629.1351081184,2025-12,20430
1765216800.180386,18,BTCUSDT,30820,36043,1.0742199629829468,1.0144262900791798,0.8408282602662154,0.8492240317945948,0.0005039547548694,0.0005296703388591,0.0227074958590851,0.0376649788380772,0.0136473290695732,0.0084331066091242,0.8914351582485209,303356.5841699266,2025-12,20430
1765220400.180386,19,BTCUSDT,29032,27696,0.8921144448352781,0.8914608706290549,0.8557290362918332,0.8537027636388664,0.0004839056879972,0.0004530677979688,0.0279257179915243,0.0288148089581099,0.0108702109767501,0.0137626162888182,0.8958034678376222,260929.1016914876,2025-12,20430
1765224000.180386,20,BTCUSDT,32657,26209,0.9091850873884406,0.918502334787678,0.8765795495954893,0.8447746970629691,0.0002785339277215,0.0002275556286214,0.0167648543235366,0.0198652030348849,0.0060701965052112,0.0088220157413328,0.8952229999242559,280758.3617974186,2025-12,20430
1765227600.180386,21,BTCUSDT,24271,19700,0.8389738024689694,0.7919102673142782,0.838895657749548,0.7914288158647781,0.0004143937276309,0.0006954510490643,0.0279385472705776,0.0411634888166665,0.0168656632614898,0.0075874782976768,0.8706000072515196,197339.2647211708,2025-12,20430
1765231200.180386,22,BTCUSDT,14146,16609,0.8511485626599408,0.8563510813768088,0.7403862156139925,0.7773996109031911,0.0010348080775987,0.0011312020610215,0.0369864448093374,0.0242224416401385,0.0033794590972691,0.0036860789553533,0.8024693655802306,123641.2030080826,2025-12,20430
1765234800.180386,23,BTCUSDT,16832,17146,0.8297827878333789,0.6776498660871759,0.7824115000119097,0.8097535587888316,0.0003751776102069,0.0005998477498865,0.027632059042943,0.0340448893956948,0.0135361231530019,0.0123242138792459,0.8484764818895923,143292.56388557388,2025-12,20430
1765238400.180386,0,BTCUSDT,16534,18082,0.953926620129434,0.7949594048955024,0.7406380325829011,0.8150510009428661,0.0011419816761956,0.0007120568735038,0.0376102958209171,0.0172777503092736,0.0040498196110853,0.0097204809287532,0.8333123992526671,141608.4892555805,2025-12,20431
1765242000.180386,1,BTCUSDT,22275,22928,1.2958301905468617,0.775916778317747,0.7365667166084706,0.8537017485774614,0.0009201117041439,0.00037827164818,0.0452622509686282,0.0196841318020632,0.0075605172002294,0.0123436844294636,0.8745494867675627,192618.44031647124,2025-12,20431
1765245600.180386,2,BTCUSDT,19873,18190,1.3205779485071143,0.7963168039341403,0.7381978280178246,0.795361392371812,0.0004831369557709,0.0003840746627587,0.0224185340766107,0.0417336149957766,0.0100664877101971,0.007661874754173,0.8381892269327283,149143.41348959436,2025-12,20431
1765249200.180386,3,BTCUSDT,29884,23316,1.6136512184570562,0.7506029148541242,0.7451149805967238,0.8082092139568944,0.000618985397713,0.0005948383696796,0.049393801506114,0.0585439009687864,0.0120352189293404,0.0106409092458559,0.8686702749061478,225858.02580781476,2025-12,20431
1765252800.180386,4,BTCUSDT,15520,17881,0.9491325219273378,0.7000918551181855,0.7224009977071303,0.8359094542507697,0.0006121637609736,0.0010813217025008,0.0362082840017707,0.0133736322365661,0.0091989904212317,0.0159825698830525,0.8510933069111144,145516.52867272313,2025-12,20431
1765256400.180386,5,BTCUSDT,22468,21611,0.9923491346905428,0.8118655535667594,0.7921442762959217,0.8278033864393691,0.0008729655472754,0.0006282933030669,0.0336032136726335,0.0231805368972781,0.0132790846954015,0.0164184258883487,0.8583773387388469,203006.131668134,2025-12,20431
1765260000.180386,6,BTCUSDT,16923,14589,0.9860094757583402,0.8204548876302393,0.751401407962669,0.7631212951985349,0.0015086153623817,0.0008447587520724,0.0338724276300957,0.0217085343462534,0.0059714326748201,0.0041411850153868,0.7911628377425629,125288.63191596998,2025-12,20431
1765263600.180386,7,BTCUSDT,17168,16201,1.1961745527096728,1.304093230985164,0.7166146574271518,0.6676022519062128,0.0005253986448695,0.0002810115587465,0.0243275717652642,0.0296081058140228,0.0120078544163736,0.0100991226495015,0.7437383289452402,117746.48142005804,2025-12,20431
1765267200.180386,8,BTCUSDT,12587,12708,0.97831407940891,1.0866413825028445,0.6596503235908733,0.6419865544607863,0.0005549444671241,0.003101688623268,0.0527121160308306,0.0499741637010253,0.0003435269147339,0.0045671856945187,0.7126947561777126,78680.54813359577,2025-12,20431
1765270800.180386,9,BTCUSDT,11848,15290,1.0715899734346817,1.23608498297285,0.5944991282893933,0.6739581356974159,0.0007339628447993,0.0008934956257942,0.062846333332171,0.0324382296389093,0.0051021882083782,0.0133345528425473,0.7080345299885533,82495.59544704085,2025-12,20431
1765274400.180386,10,BTCUSDT,20934,19091,1.7359442210700202,1.4066786830192337,0.6065210505783126,0.6035216318185431,0.051823003812925,0.0001362023680509,0.0846697783333343,0.0588238544809209,0.0186006046891651,0.0079224465894374,0.7046165433189411,119502.52141767667,2025-12,20431
1765278000.180386,11,BTCUSDT,17396,16674,2.0376847465313843,1.4343593497276688,0.5142377432979801,0.4947927863994319,0.1242511368165756,0.0005988333270983,0.0623463115045674,0.0586241628173764,0.0050557630067635,0.0023949408295416,0.5878323733800137,80420.16380683286,2025-12,20431
1765281600.180386,12,BTCUSDT,17962,14123,1.0400049529841626,1.0854654019679209,0.7395516417639406,0.6729444511445264,0.0006082324710433,0.000462196792217,0.0453037582516775,0.0383624810679184,0.0087772084853789,0.0125007444267078,0.7864739675028387,114553.26563070672,2025-12,20431
1765285200.180386,13,BTCUSDT,18937,21451,1.1359826680406178,1.228442222918045,0.743003670193035,0.7375576952237917,0.0003204598054084,0.0005771688716923,0.0307606437939665,0.0378431981046281,0.0128954147175651,0.0083696232462272,0.7854871568351106,158673.5133367918,2025-12,20431
1765288800.180386,14,BTCUSDT,33770,39495,1.2316020437423985,1.6390377019040117,0.817635818949179,0.7974052854903622,0.0004605613210984,0.0007110934104755,0.0364235007136418,0.0399315262935425,0.0150193982028032,0.0103124072584116,0.8612078662251804,313522.1161132022,2025-12,20431
1765292400.180386,15,BTCUSDT,98891,77917,1.644274546238252,2.161929825768984,0.8728264856147274,0.804542520843827,0.0008490769935342,0.0006486821379931,0.040841042085158,0.0448732403573221,0.0357907892948698,0.0375301385387091,0.9308462006212748,837564.6337628538,2025-12,20431
1765296000.180386,16,BTCUSDT,109297,82794,2.276900633643136,3.427565501859278,0.8548931652724764,0.7886362521698892,0.0007526326336326,0.0012151405871271,0.0450865162371843,0.0370017690455374,0.0224477327376011,0.0315735363786214,0.9090947012463964,900120.0335538846,2025-12,20431
1765299600.180386,17,BTCUSDT,50479,53499,1.537806782427105,2.3856254110100013,0.8272095728785301,0.7874457353052567,0.0003526700768309,0.0006023181138296,0.0397065578890827,0.0263966260908238,0.0312494446157249,0.0280443811027651,0.8804978517783516,453419.24117830285,2025-12,20431
1765303200.180386,18,BTCUSDT,29142,29652,1.0733274364414482,1.5063155234404717,0.831174430435326,0.7813354554014283,0.0006265825955075,0.0006647617498715,0.0289723602385978,0.0216152009846492,0.0152537092427692,0.0082937562573563,0.8625344190161695,251185.46609422783,2025-12,20431
1765306800.180386,19,BTCUSDT,28382,27940,1.112806512983681,1.532553900906758,0.8215784460563071,0.7609199961756927,0.0006601880949219,0.0005377306632577,0.0325895211676825,0.0240943227730233,0.0151124819701649,0.0032394951497987,0.855019009292995,236789.87447800423,2025-12,20431
1765310400.180386,20,BTCUSDT,38909,47083,1.405443803033021,1.860321932707694,0.8118138840027168,0.817563004685854,0.0002599328234077,0.000471355341395,0.0371827471409658,0.0195689755133439,0.0247316217870341,0.0193781635953681,0.866113444961395,384928.93543156027,2025-12,20431
1765314000.180386,21,BTCUSDT,28517,34529,1.3823812601033372,1.725881528872942,0.7714318358779961,0.784463469440555,0.0008348697240312,0.0015799372645247,0.0339753592530312,0.0228649330887219,0.0147486276394349,0.016224216783454,0.8230523349978793,270525.4378642396,2025-12,20431
1765317600.180386,22,BTCUSDT,26499,26716,1.0179038452290363,1.256133589807425,0.8208059794616085,0.7887597560581905,0.000532328319429,0.0005951930994635,0.0313537287832243,0.0284065813869472,0.0135110935145878,0.0117593284878984,0.856563565262698,233482.45602348956,2025-12,20431
1765321200.180386,23,BTCUSDT,15225,15121,0.9362484488993444,0.8188793967020246,0.7427368380444532,0.7658943744490856,0.0013237646440072,0.0005229180400235,0.0284547958659023,0.0291196639012049,0.0095493325207717,0.0075525351984077,0.7982580968023159,117904.13441272714,2025-12,20431
1765324800.180386,0,BTCUSDT,22752,23825,1.1498724242969134,0.8583990336762286,0.7741302270161664,0.841026597551699,0.0011858090316687,0.0006575257923214,0.0247147101429831,0.0222163540566438,0.0066349155509344,0.014844783976491,0.8650735691443237,211659.1996795627,2025-12,20432
1765328400.180386,1,BTCUSDT,20887,18564,0.9946674503049544,1.0306878710394822,0.7887718628489153,0.7698755793375852,0.0006167202275794,0.0009136050966385,0.0246251998640097,0.0219061195849284,0.0073689195760197,0.0141151262017105,0.8179783386382364,164522.33399393555,2025-12,20432
1765332000.180386,2,BTCUSDT,18759,16089,1.1474526084151508,0.8536336411087986,0.7507774356262324,0.7812635419820575,0.0007711513925917,0.0008163414737052,0.0204647339214713,0.0175369004569838,0.0061989048602724,0.0079392360079207,0.8008608599252737,145384.7582649017,2025-12,20432
1765335600.180386,3,BTCUSDT,11049,10267,1.0122382022017955,0.8209104092492233,0.6124435403008693,0.6819509494260235,0.0007145534977807,0.0009358145544891,0.0507050725265958,0.0215484625406771,0.0066653449612853,0.0065318776459102,0.7048218624746195,64426.73299538684,2025-12,20432
1765339200.180386,4,BTCUSDT,15204,12065,1.129570311664004,0.8523104966661755,0.6943361096200584,0.7103185925116507,0.0005773506365695,0.000458389555461,0.0308930601381953,0.0245619862638771,0.0080107209473646,0.0086570710078849,0.7401331505006138,97571.91869911528,2025-12,20432
1765342800.180386,5,BTCUSDT,13518,11139,0.907262963942648,0.8194262217645842,0.7107175179926402,0.7065209803767667,0.0006681541736043,0.0008550256003919,0.0392226447687879,0.021593822508394,0.0053238083320516,0.0086943710522604,0.7523055176977205,86886.91584320214,2025-12,20432
1765346400.180386,6,BTCUSDT,11885,9643,0.905931630878714,0.8006305644437429,0.6645791572368843,0.660984205692406,0.0010141202720729,0.0007372872500184,0.0514760987533955,0.0282676166278783,0.0119534755899991,0.0110500105696596,0.7208869954528943,68639.09170793965,2025-12,20432
1765350000.180386,7,BTCUSDT,11026,11832,0.8932567693634975,1.139186326252325,0.6492529320435391,0.6054364637477029,0.0010438823515597,0.0013869811143119,0.0419799635980705,0.0366992067984344,0.0096837573858537,0.0148631527222321,0.6945582845917221,67706.36395612161,2025-12,20432
1765353600.180386,8,BTCUSDT,12265,13999,1.0267022569774702,0.9435516216403216,0.6341941464400178,0.7046975873661586,0.0009880486605295,0.0008605365789548,0.0553835646259413,0.0459466330418229,0.0048385087378666,0.0077109318551549,0.7514513836286435,83786.92877465642,2025-12,20432
1765357200.180386,9,BTCUSDT,16016,16253,1.084035913811388,0.9070615919307508,0.7086858727932285,0.7272992559278912,0.0007435992738485,0.0006679043446795,0.0393652031498867,0.0560808574064551,0.0163257273656033,0.0061388392458658,0.7864091141664904,116401.00936061348,2025-12,20432
1765360800.180386,10,BTCUSDT,26869,41911,1.2006893599895228,1.3467391987394952,0.7841338052576207,0.8289438374510258,0.0004416330954828,0.0002051919617325,0.0228843608970184,0.0450066483376336,0.0126362596187025,0.0207648142668558,0.8778236798033768,302823.1223619461,2025-12,20432
1765364400.180386,11,BTCUSDT,25486,29586,1.6662144726028627,1.7051429044042532,0.6872485225557284,0.7457418489928895,0.004793440948409,0.0013060791569717,0.0468913005973015,0.0394213109899316,0.0029299351061659,0.0221542657235926,0.788496565518155,215021.4697140879,2025-12,20432
1765368000.180386,12,BTCUSDT,19178,18710,1.271288680569146,1.0781441336661552,0.7066997193717384,0.7670971689594833,0.0008977280660676,0.0011103585935457,0.0436004000430695,0.0155022867990799,0.0071246913008402,0.01254231474757,0.7856939880918662,141993.95201022163,2025-12,20432
1765371600.180386,13,BTCUSDT,19931,15857,1.2432362928394638,1.0874650565026345,0.7502524983471646,0.7253267260646515,0.0017392215272198,0.0005569881298738,0.0209055613636213,0.0098352113701419,0.0086366308481422,0.0159071212089608,0.7754031856807251,139106.7021211854,2025-12,20432
1765375200.180386,14,BTCUSDT,34444,37870,1.482780333414579,1.2151025422436574,0.8043657386254728,0.857766746472433,0.0006695385836678,0.0003855678382559,0.0220411343660734,0.0175965263901566,0.0125484663414161,0.0190855077617679,0.8801519662582907,329009.8826283201,2025-12,20432
1765378800.180386,15,BTCUSDT,36141,36945,1.357111588694139,1.2028577710006338,0.824331108084916,0.8549852500603237,0.0018055012904845,0.0009414939063241,0.0279825290239144,0.0191231916221322,0.0106003568472192,0.0132063013827049,0.88036530760847,332231.3867780752,2025-12,20432
1765382400.180386,16,BTCUSDT,35113,34713,1.5781075154485076,1.1925766921711225,0.8048020133724748,0.8598478336048039,0.0004944780593565,0.0007176264634165,0.0082762686941635,0.0188188688770062,0.0085398716864167,0.0042509768228787,0.8793440970008537,319735.309663457,2025-12,20432
1765386000.180386,17,BTCUSDT,27338,27362,1.066840561028778,1.0509667834625291,0.8103470510088573,0.8286037952065689,0.0003525740573827,0.0003658403616143,0.0239942190476404,0.0138633529902141,0.0095921668176557,0.0099078711407153,0.8492981006536964,246480.43762329285,2025-12,20432
1765389600.180386,18,BTCUSDT,38149,41423,1.208266414279956,1.133572818332112,0.8308677081529222,0.8553063523548344,0.0007042808586928,0.0003937193274232,0.031450790227198,0.0277296639740082,0.0208255316901889,0.0200096712641368,0.8960564160708856,369490.9485242179,2025-12,20432
1765393200.180386,19,BTCUSDT,109409,99986,1.5267155426417938,1.0126335169431102,0.8621507471401354,0.8578895857892891,0.0006875392034655,0.0006757139548275,0.0521880451398817,0.0562558327177402,0.0327246806333943,0.0303423718638158,0.9464351551192812,1039272.4967953288,2025-12,20432
1765396800.180386,20,BTCUSDT,98856,93883,1.1849636161470176,1.7045966180271586,0.8711689048961613,0.8843118795262878,0.0005509800128228,0.0006799473977038,0.0535176911455645,0.0317095383083053,0.0133421227226249,0.0313931714100875,0.9419031707962586,955381.3631756416,2025-12,20432
1765400400.180386,21,BTCUSDT,44466,38738,1.1166957803719118,0.9157244089390636,0.8441766175809271,0.8702655186964479,0.0009009236403275,0.0006709734215123,0.0397143641121854,0.0251826569016972,0.0116832167669547,0.0160499507052328,0.9052840155451812,391141.8132448491,2025-12,20432
1765404000.180386,22,BTCUSDT,29742,25946,0.9125204929583854,0.7309582128123093,0.841016927671276,0.8452001207206346,0.0011658602717256,0.0005216450799222,0.0308546562760366,0.0412337088590662,0.0122606022367174,0.0147255548949663,0.895206700294279,260615.13129169057,2025-12,20432
1765407600.180386,23,BTCUSDT,15753,19035,0.8837118906298139,0.7597717566963109,0.7573430300365175,0.8220169039894425,0.0005353623798293,0.0005283081413445,0.0269944966464332,0.0292302992448143,0.0048981473196451,0.0095271672334709,0.8520540451134355,144369.99915326826,2025-12,20432
1765411200.180386,0,BTCUSDT,33046,34377,1.4057600236811636,0.939528895699817,0.7696342468537636,0.8644832615660022,0.000577262931866,0.0006046776222065,0.0484600679224484,0.0236081765537395,0.0151764353700401,0.0238433997355051,0.8932182668366992,302306.7633068328,2025-12,20433
1765414800.180386,1,BTCUSDT,36424,36710,1.355101237164153,0.9191464436624378,0.7989626842976104,0.8661340774037447,0.0006416188876116,0.0004134121996952,0.0436760451739268,0.0312750695978719,0.0147983415802088,0.0253361849970182,0.9038990385594448,332172.9807857405,2025-12,20433
1765418400.180386,2,BTCUSDT,44815,42649,1.9521490385783864,1.0232067371381424,0.7840839444575696,0.8710694609521891,0.0004693763174985,0.0003959306615433,0.0318358231080072,0.0254531122042416,0.0162422463034417,0.0304936364745958,0.9024858205399752,401750.8707157975,2025-12,20433
1765422000.180386,3,BTCUSDT,38759,39742,1.8116953407179128,0.8986904975527273,0.7789729954806923,0.8641145307880183,0.0005183942702331,0.0015523185087932,0.0313037224702595,0.035321774149277,0.0195930378148295,0.0204509768224969,0.9041502815129332,350880.07455912494,2025-12,20433
1765425600.180386,4,BTCUSDT,31048,25717,1.5056370494303,0.7635090642617702,0.8009823320433007,0.845768171356308,0.0006526939490773,0.0003880264479916,0.0208219065082696,0.0311629214579498,0.0141191167193266,0.0128776635130977,0.8802820761692206,258041.06827596345,2025-12,20433
1765429200.180386,5,BTCUSDT,15310,15704,1.07334390483314,0.7098154040962581,0.7026051671974607,0.807750120442934,0.0025406191891629,0.0007492728395708,0.028328133006211,0.0245969803061587,0.0036985771885286,0.0132103932317824,0.833198777195031,122944.8059615242,2025-12,20433
1765432800.180386,6,BTCUSDT,16078,19159,1.0809964758513149,0.8188637052217412,0.7252265052380116,0.7942545043208643,0.0007759182042796,0.0008161393754086,0.0186918546545427,0.0443686635128824,0.0081600850538373,0.0115189245455598,0.839773097138792,138459.86797664472,2025-12,20433
1765436400.180386,7,BTCUSDT,16351,18396,1.3914040234013347,0.8772622540064638,0.6619446443980105,0.7847337399028785,0.0007197547035005,0.0008843151700679,0.0211016480911075,0.0352880878685197,0.0084764515146497,0.0076334862334262,0.8205913245902596,127009.6904912643,2025-12,20433
1765440000.180386,8,BTCUSDT,18166,16842,1.1698925804518,0.8633539814019864,0.7292947654833811,0.7686096116446537,0.0016217632639137,0.001940672783623,0.0316962608264972,0.0366318710855135,0.0057481005613179,0.007340778022855,0.8067367700075244,134479.19145823593,2025-12,20433
1765443600.180386,9,BTCUSDT,20417,15110,1.207062951210868,0.7974100881322506,0.7529832482113414,0.7697205469590522,0.0001431868355015,0.0011282386922203,0.0276038012562852,0.0351444809613881,0.0048925324569027,0.0079702916398797,0.806624697052476,139267.0990407735,2025-12,20433
1765447200.180386,10,BTCUSDT,13041,10678,1.135921814652859,0.8025228341027213,0.6524989229980447,0.7031879061680333,0.0023342685466783,0.0025233791500437,0.0316700100801703,0.0149998312298179,0.0043232592625405,0.0011815224218898,0.7188979641020922,78708.39934833073,2025-12,20433
1765450800.180386,11,BTCUSDT,11284,9497,1.1680339920310414,0.9258295008201038,0.5739868573830179,0.6157771648604146,0.0011339009300444,0.0010885675996617,0.0418452424884376,0.0264611671553882,0.0033510968005672,0.0120531719051609,0.6443081641158293,55751.07948661959,2025-12,20433
1765454400.180386,12,BTCUSDT,14623,15934,1.4286505446644089,1.1907832861355745,0.5957285122138356,0.685127078876035,0.0008750005503148,0.0005517454015444,0.0391223757874031,0.0290579356090509,0.0176011906431176,0.011497875313292,0.7168984538637594,96203.60411687838,2025-12,20433
1765458000.180386,13,BTCUSDT,17779,19203,1.2676771163273646,1.1309776890061214,0.7034356036889285,0.7560643758804038,0.0007502109095354,0.0008580461324294,0.0314835154354151,0.0285554920102183,0.0026293384364673,0.0109587399590269,0.7854107984409183,137519.04642144544,2025-12,20433
1765461600.180386,14,BTCUSDT,43484,51617,1.280638749122116,1.4157124425516123,0.8136016710600176,0.854224884313896,0.0012575030284643,0.0003416882252326,0.0439805689406154,0.0314669236466541,0.0160091188864451,0.0261669945899766,0.8972349214793273,427117.5130637758,2025-12,20433
1765465200.180386,15,BTCUSDT,57925,55580,1.496412357628219,1.445730565587048,0.8566606867261056,0.8579868149987949,0.0006195806077027,0.0005973629517421,0.0390521757345541,0.02871170158157,0.0180594513050373,0.0208940667454905,0.9117423326025113,525476.4885747788,2025-12,20433
1765468800.180386,16,BTCUSDT,45551,45404,1.5864184439473978,1.4334492706971371,0.8241928854938341,0.8629304801393353,0.0004265313085897,0.0003412413214313,0.0343267182988278,0.0203474980799656,0.0061863621378372,0.017655257339761,0.8873988881001699,415305.7774346442,2025-12,20433
1765472400.180386,17,BTCUSDT,33043,29013,1.3254900400227536,1.096498518637813,0.8200848499528063,0.8345275572129839,0.0005776232305569,0.0005461204180542,0.0279979152041644,0.0285154466138427,0.0015050995778074,0.0056357634305997,0.8638591086785401,273455.9542625637,2025-12,20433
1765476000.180386,18,BTCUSDT,42154,43642,1.1528026317733826,1.2059181790486002,0.8589396102265208,0.834549839794203,0.0003373974411316,0.0004721684192495,0.0308784951534454,0.0421184868932151,0.0211511867807954,0.0153017397890103,0.9027928483820994,408045.3611184907,2025-12,20433
1765479600.180386,19,BTCUSDT,41030,40197,1.4024742542831892,1.320064885300769,0.8335852400359411,0.8426472413854941,0.0005449053442822,0.0004301861308269,0.0316513997058532,0.0225167306430574,0.0139667504083896,0.0105955255319368,0.8778495213639046,368627.8227171944,2025-12,20433
1765483200.180386,20,BTCUSDT,41375,35108,1.082806618146398,1.056088423594716,0.8712849028029116,0.8429291141833118,0.0008063111286455,0.0004006247446351,0.0219195734291613,0.0322797765875328,0.0130349578324898,0.008205924850248,0.8983518537653059,365031.7268173074,2025-12,20433
1765486800.180386,21,BTCUSDT,70803,63719,1.3929756121785817,1.9426084454694343,0.8912491970454407,0.815710155108607,0.0004943410311392,0.00161657834412,0.0131322303328723,0.030060737162201,0.035651452790295,0.018958949965596,0.9151076163362476,662247.1357677,2025-12,20433
1765490400.180386,22,BTCUSDT,37799,43542,1.142695612368466,1.207267009898815,0.855808027017318,0.8713058728549806,0.0006952774095519,0.000401471449494,0.018387503050885,0.0202510791470144,0.0074407703995997,0.0094177216503156,0.8953359427730273,400546.552941577,2025-12,20433
1765494000.180386,23,BTCUSDT,27793,26293,0.8929438749661803,0.8625605464124158,0.8479689611157072,0.8404567465237476,0.0009646366171096,0.0003909216206153,0.0235937088889112,0.0263631012810663,0.0146585550643458,0.0128987730892551,0.8837943763268652,255343.93945771185,2025-12,20433
1765497600.180386,0,BTCUSDT,23293,26196,1.072399470559018,0.9504470186893842,0.7590234977099815,0.8337205427608326,0.0005542176197368,0.0008718607852734,0.0536761710187241,0.0297155972428007,0.0085275092261874,0.0169209816752674,0.8664428425052577,218149.1657045859,2025-12,20434
1765501200.180386,1,BTCUSDT,29622,21896,1.017491921827309,0.6974260576296754,0.8258968105059078,0.8517241201794447,0.0007067925455886,0.0005804902078838,0.0372082366608701,0.0243573274918958,0.0089769668249241,0.0121103656185138,0.8824381661242284,229638.417534685,2025-12,20434
1765504800.180386,2,BTCUSDT,24487,20797,0.8950932746938919,0.7952398794490928,0.8327858259368316,0.8262367179264544,0.0009104226817233,0.0005939209860031,0.0242446087715126,0.0209264023874936,0.0139159206802219,0.0154247780851836,0.8682782393110131,204068.12533958053,2025-12,20434
1765508400.180386,3,BTCUSDT,14780,17925,0.8368494431062525,0.8565609062027798,0.7729050284703437,0.8009470028939586,0.0010423635070885,0.0006168904430952,0.0198331079410861,0.0196199154980447,0.0059543928346513,0.0072902003806037,0.8224301781931368,134545.81093001855,2025-12,20434
1765512000.180386,4,BTCUSDT,13513,11138,0.7891127731450999,0.7214616247134058,0.7385892297111092,0.7342600653164297,0.0009783406164302,0.0009606096086416,0.0494437437633091,0.0260283662884686,0.0083278705884486,0.0057276249648879,0.7901194626549188,93527.8868812538,2025-12,20434
1765515600.180386,5,BTCUSDT,13126,11989,0.9290181561167532,0.8097914943858321,0.6987867817539388,0.7289948919111887,0.0012698797736974,0.0021525310663919,0.0405897328768337,0.0209405192400179,0.0048089222233039,0.002514898057409,0.7521556263108328,88967.95458019736,2025-12,20434
1765519200.180386,6,BTCUSDT,13539,13065,0.8818550748221125,1.000139658970739,0.7165919020423612,0.6910669609051024,0.0022545254690469,0.0015440345421713,0.0417389213905346,0.0159701854994779,0.0163401457291539,0.0047600351199598,0.7605224911349339,92723.75027715517,2025-12,20434
1765522800.180386,7,BTCUSDT,10682,13557,0.8706483095758789,1.2728884792283908,0.6320299051987056,0.6329349701939815,0.0003875881585218,0.0012659146419664,0.0610976295691938,0.0188624236385126,0.0109933843900172,0.0081298840021575,0.6955704383324544,72723.05960157765,2025-12,20434
1765526400.180386,8,BTCUSDT,15353,16443,1.0730366591317917,1.1247085717120286,0.6532158823443907,0.6902853183052718,0.000898992387668,0.0004128328996829,0.0600532489404532,0.0490338345330682,0.0198084672394191,0.0330388411755625,0.7556599401284934,111457.25627822918,2025-12,20434
1765530000.180386,9,BTCUSDT,12862,13007,0.879153921971662,0.939148618369322,0.7180382603039283,0.7056112772016605,0.0037493355289365,0.0005984664192082,0.0333872785956593,0.0294410253275763,0.0018168576728669,0.001328543235797,0.752056336739039,90450.43961909138,2025-12,20434
1765533600.180386,10,BTCUSDT,12298,13290,1.017822810195823,1.1541451875580258,0.6607587473987254,0.6403856948713021,0.0004977537447599,0.0004620331079478,0.029830966312447,0.0320122226935643,0.0148799413898473,0.0097991594834885,0.6970028082921472,81565.09764166658,2025-12,20434
1765537200.180386,11,BTCUSDT,11219,10611,1.099239088333512,1.1274547751485802,0.5937155145536424,0.5861700898792749,0.0005443673906134,0.0004487327160692,0.0435700260896753,0.0180936278940692,0.011669224344503,0.0109295951285253,0.6410620747679908,58368.44250741988,2025-12,20434
1765540800.180386,12,BTCUSDT,17460,15604,2.314119100003501,1.617139219738864,0.4777828355467944,0.5355013371998553,0.0718148205546504,0.000491231796708,0.0443605981520552,0.0075109405239879,0.0022100373436956,0.0011933094514656,0.5478610192992572,80653.97263767761,2025-12,20434
1765544400.180386,13,BTCUSDT,16068,15511,1.6319590713529886,1.360919982714884,0.5827527945222433,0.631585889815759,0.0008712739585269,0.0004837740506296,0.0505774497058757,0.0469549871249993,0.0062236526172956,0.0060376261194264,0.6795421101617785,94172.73305539745,2025-12,20434
1765548000.180386,14,BTCUSDT,38780,37824,1.682120485972853,1.4334980531797308,0.8104244469582601,0.8187231434011041,0.0004893855336692,0.0006167657609168,0.0262627260237727,0.0244405319978796,0.0206454703465538,0.0174064916853592,0.8597093878860976,329285.90083747276,2025-12,20434
1765551600.180386,15,BTCUSDT,75948,86815,1.7713047969107238,1.4659899737754785,0.8298711194988277,0.8740483252189456,0.0007366820933501,0.000464871425905,0.0617609279242889,0.0449245599122735,0.0219301545737993,0.0278991012271004,0.9341087483524788,776893.7669973599,2025-12,20434
1765555200.180386,16,BTCUSDT,70978,72624,2.407506735769135,1.4550368631203578,0.8174479646176859,0.8770256797339794,0.0008251871793292,0.0016644754527947,0.0394942421798636,0.0414589762887198,0.0092990629069268,0.0257549076258041,0.9227058442399956,664833.7081196306,2025-12,20434
1765558800.180386,17,BTCUSDT,42769,49634,1.6211469669774403,1.3467100700657764,0.8157562868065635,0.8579173678121673,0.0003444842793862,0.0002821814258532,0.0222118562177593,0.0320941533468621,0.0098157874454485,0.0104960337570905,0.8920368978363394,424818.75018992,2025-12,20434
1765562400.180386,18,BTCUSDT,35418,36771,1.1841104257276494,0.9421831919249132,0.835893125295444,0.8808597476223862,0.0008478621767213,0.000163132505047,0.0273659632652123,0.0363926784885911,0.0088054462075098,0.0139775310761466,0.9196721526157056,329683.8763894169,2025-12,20434
1765566000.180386,19,BTCUSDT,25876,30517,1.0259475231270827,0.8781732983802804,0.8098128527272346,0.860456036615733,0.0004993163836084,0.0005297549106441,0.033466553488964,0.0361200672235128,0.0040672322401108,0.0092660035319271,0.8974026035553272,246669.9260795685,2025-12,20434
1765569600.180386,20,BTCUSDT,25330,27615,0.9949430913041644,0.8550275724039641,0.8168317845910669,0.8535958401025013,0.0006151716839645,0.000555810343586,0.0414676769432428,0.0273103508433208,0.0062359631800127,0.0064140514534928,0.8828511286530698,228765.3643844861,2025-12,20434
1765573200.180386,21,BTCUSDT,10977,11520,0.9392704885764568,0.7415051892429624,0.6487809217174515,0.7403669663276304,0.0010195711878095,0.0004458504978671,0.0412710965548637,0.0286780717957498,0.0039082911623555,0.0056535277311443,0.769423723402785,74434.63678804359,2025-12,20434
1765576800.180386,22,BTCUSDT,8712,7485,0.8307338712150196,0.6666545299058529,0.5866682710239948,0.6555296344692969,0.0033476243281452,0.001400659375136,0.0609762875343719,0.0202898003297986,0.001431485162914,0.010847538402645,0.6777629477123804,43644.48446262101,2025-12,20434
1765580400.180386,23,BTCUSDT,7306,8349,0.7772038028947097,0.8013908326161068,0.5339270798706375,0.6248410391702729,0.0035400631213195,0.00084646122427,0.0740624261170977,0.0247388239606094,0.0021621099470613,0.0085225488465127,0.6508269886295878,38617.721290199755,2025-12,20434
1765584000.180386,0,BTCUSDT,7916,8429,0.9220634195501558,0.7106967958433394,0.48960643380341,0.634991006756917,0.0010098082203092,0.0004518241875234,0.0807232928983097,0.0492727085667265,0.0118871021920945,0.0117668873697869,0.6856304339849826,38982.05423653285,2025-12,20435
1765587600.180386,1,BTCUSDT,5678,7266,0.8234140121926509,0.8149539449868028,0.3954341124087537,0.559770677601548,0.0004698182680634,0.0006056222084803,0.0745039729904955,0.029886429539588,0.0080282697690515,0.0053634806239086,0.5900793265297067,23181.653972796772,2025-12,20435
1765591200.180386,2,BTCUSDT,6579,6541,0.8939315428956609,0.7296708958634416,0.4455147908055863,0.5436006521895763,0.0061181047423952,0.0004162981680201,0.0504101267119505,0.0435477102530947,0.0044994128868978,0.0155539268695494,0.5889707350160844,24651.005794031724,2025-12,20435
1765594800.180386,3,BTCUSDT,6952,6304,0.9530600272050496,0.725601994014882,0.45775693017797,0.5369496549477404,0.0010869624241288,0.0004387537893053,0.0395156314626178,0.0370402793359339,0.0085529341471334,0.0087767363458716,0.5751309338858337,25280.72446787249,2025-12,20435
1765598400.180386,4,BTCUSDT,5837,5585,0.7783229652277671,0.6862329186778527,0.4320521514954391,0.5120002879703712,0.0006319929431765,0.0007794992944537,0.0834485475051851,0.0357129286697137,0.0072309082243947,0.0036769970589146,0.5487665779661597,19153.715461520576,2025-12,20435
1765602000.180386,5,BTCUSDT,4977,5131,0.7170247015152551,0.8516256075742811,0.3585279228185518,0.3852918881513637,0.0059472852666715,0.0022901759534696,0.1173109339429985,0.0099891306832796,0.0015233051042403,0.0023681356628228,0.4762685566738317,9299.710768258225,2025-12,20435
1765605600.180386,6,BTCUSDT,5298,6055,0.7426547417421876,0.903875751290481,0.390177876212339,0.4144551043545664,0.0050201612290048,0.0010321491754382,0.090659069670767,0.0390260036735883,0.005224054577184,0.0112946337445362,0.4848611084890225,13946.59655419769,2025-12,20435
1765609200.180386,7,BTCUSDT,5582,6136,0.817423408326903,0.8574435715990221,0.372229338854523,0.45586469736158,0.0019981645305867,0.000326475755158,0.1065510333098642,0.0341310876645599,0.0007071379467548,0.0018720312967525,0.4905031417992606,14698.820505214742,2025-12,20435
1765612800.180386,8,BTCUSDT,11022,9876,1.0386255639052535,0.7603829367854238,0.610054099230933,0.6789021238239566,0.0024567872571837,0.0011154808948836,0.0414162028486615,0.032771911971749,0.0072469274635649,0.0045989542582538,0.7125814197647239,63314.10636652624,2025-12,20435
1765616400.180386,9,BTCUSDT,6714,7355,0.8038966089391492,0.9406286938827296,0.5170293542411831,0.5128394873772238,0.0010435692080033,0.0011419520968595,0.0419114460585838,0.0185400923156328,0.0076444123212964,0.0082531448573392,0.561638346723924,29244.69882817703,2025-12,20435
1765620000.180386,10,BTCUSDT,9038,7462,0.963729117702434,0.8832384718553156,0.5499897575584363,0.4613068110498405,0.0034778272810049,0.0004600481343864,0.0555652211484262,0.1072104777989486,0.0014072520516954,0.0127309501814962,0.6072199562789358,35246.19287288503,2025-12,20435
1765623600.180386,11,BTCUSDT,8840,10337,1.1429998600341351,1.3013023947061708,0.4240946426528236,0.529577708476981,0.0023056012569891,0.0068894040596773,0.0808777976007141,0.0075730226970731,0.0090691920829103,0.0183675641404493,0.5444315107310099,38908.77557906419,2025-12,20435
1765627200.180386,12,BTCUSDT,14733,13359,2.3129797222060766,1.8809045014701156,0.3796483456921679,0.3262729696849027,0.124108775647283,0.0030706995540265,0.0479252534788686,0.0248907436584165,0.0033195020816101,0.0057479313972299,0.4401954269306776,42224.49141992887,2025-12,20435
1765630800.180386,13,BTCUSDT,11428,11069,1.2557933668871966,1.4047731849383431,0.5298680652764228,0.5152671835267455,0.0010718378995425,0.0090169385084415,0.0486317237379331,0.01934240302179,0.0076307207551096,0.016720212062688,0.583117190121616,51613.73729562063,2025-12,20435
1765634400.180386,14,BTCUSDT,18251,15877,1.3210882454985604,1.529714498712457,0.6584206896463095,0.6374992425427096,0.0009405717449007,0.0024249638033731,0.06229540385139,0.004329345207658,0.0096472151396141,0.027664295818314,0.7245665470395125,111920.27566148656,2025-12,20435
1765638000.180386,15,BTCUSDT,11926,8463,1.1551609800149212,0.9766302215780912,0.569466797312613,0.5735239355664582,0.002748626406392,0.0086175085361436,0.072113816750156,0.0066825547399614,0.0008578646752103,0.0042711845291934,0.642328862319991,50931.885166396445,2025-12,20435
1765641600.180386,16,BTCUSDT,12291,8371,1.0781333511302535,0.864857499564614,0.5404289848674739,0.5885786782365,0.0019215011549679,0.0009820095206455,0.1315839802443268,0.0336287040613901,0.0019345258082317,0.0171958682444119,0.6733826575359212,50042.63034371526,2025-12,20435
1765645200.180386,17,BTCUSDT,9291,7635,1.0703129705243004,0.9304739596530488,0.4727147053584025,0.5072301319595925,0.0026267483531819,0.002653647106015,0.1115944463318831,0.0488576425457968,6.773067812947575e-05,0.0002541179472819,0.5845840963656896,31698.01322352476,2025-12,20435
1765648800.180386,18,BTCUSDT,5898,7181,0.8309224658509091,1.025914344074048,0.420152704386286,0.4448865047988803,0.0028867036070481,0.0030815908228574,0.068711816997961,0.0383167821476271,0.0001430044048136,0.0004651454429546,0.4903649512812896,18739.310264206375,2025-12,20435
1765652400.180386,19,BTCUSDT,6131,6950,0.8637398594795108,1.0502926604732732,0.3940088595223654,0.4257344768536571,0.0006913749145614,0.0007174076162301,0.0946956413589075,0.0279440974692618,0.0014435499940083,0.0020835280111421,0.4888744013423383,17715.282980816188,2025-12,20435
1765656000.180386,20,BTCUSDT,5575,7233,0.8064183937260424,1.0078302298596669,0.3533780607890048,0.453190574764476,0.0005472548752511,0.0005247978102828,0.114948022402384,0.0390956633070423,0.0079003660583511,0.0082298593448198,0.4950533054574836,17323.70748749808,2025-12,20435
1765659600.180386,21,BTCUSDT,12882,12496,1.023380131607362,0.9079438742254076,0.656285039612116,0.6897985141640174,0.0007451130853434,0.0005704694364291,0.0416051504353866,0.0454098124552317,0.0018357728565362,0.0165455894786645,0.7363567171590616,86191.32613504308,2025-12,20435
1765663200.180386,22,BTCUSDT,11119,12111,0.8745312745437215,0.8985302375216184,0.6612647970400164,0.6920318362571236,0.0011493758355348,0.0006787202876665,0.0515489351327589,0.0376677317794873,0.0029811884595859,0.0050597321052189,0.7310027216090688,75152.6771771882,2025-12,20435
1765666800.180386,23,BTCUSDT,9617,8137,0.8866082510477088,0.887415335015897,0.6084792236092178,0.5652577938197787,0.001063354804396,0.0013892001019218,0.0512202647712488,0.0343921670702316,0.0083928479632391,0.0095650011208678,0.6613775886364126,45805.6801486822,2025-12,20435
1765670400.180386,0,BTCUSDT,12536,10994,0.9263942232182456,0.7451230348429924,0.690975552942186,0.7183502038443629,0.0008210744272052,0.0006646463361572,0.0315275491129405,0.0267098048209829,0.007514282815967,0.0120256436755121,0.7490452904772469,83311.39133940943,2025-12,20436
1765674000.180386,1,BTCUSDT,6212,7769,0.7059737162231573,0.658890717913142,0.5414095021709298,0.6377677579186289,0.001363372511807,0.0011380193407985,0.0420567462294327,0.0505414858457248,0.0051571104273608,0.0038328095251782,0.6886174874437341,35166.412186795744,2025-12,20436
1765677600.180386,2,BTCUSDT,5086,6258,0.6727200931129882,0.7493786159408059,0.442680272812056,0.5213837653872502,0.0007334743689557,0.0009588432930068,0.0707768304878029,0.0450095170449502,0.0022685637996658,0.007669066136049,0.5668781347964438,19578.676956819396,2025-12,20436
1765681200.180386,3,BTCUSDT,4405,5083,0.5767356611724163,0.7381976428868152,0.2025954573798865,0.4151299275908803,0.0065845326628707,0.001031324192831,0.3241501691854467,0.0562831569839577,5.633826404106823e-05,0.0005703350254276,0.5269371904270846,5924.169992632973,2025-12,20436
1765684800.180386,4,BTCUSDT,5917,7612,0.7960807206473238,0.7532383207010279,0.4276698483065359,0.5878238761463787,0.0013963944950519,0.0008297688588971,0.08421125187612,0.0508327596236228,0.0024821197606292,0.0024188619954597,0.6387559451412499,26888.00380458361,2025-12,20436
1765688400.180386,5,BTCUSDT,8078,8082,0.986061741964886,0.985289227391656,0.4677220289690747,0.5031465401416395,0.0004562725158076,0.000851261864333,0.0688656199502295,0.0277089973111332,0.030148515850457,0.0234909584671577,0.5611661332090822,31451.0752343051,2025-12,20436
1765692000.180386,6,BTCUSDT,7050,7477,1.0435653526316475,1.170477792222116,0.3556418596947666,0.3951111500006916,0.0012523360679584,0.0015142697757272,0.1053156391895015,0.0151792500398581,0.0269253320065241,0.0045576593689659,0.4641350267889627,17650.739662267788,2025-12,20436
1765695600.180386,7,BTCUSDT,7829,5390,1.204694237811263,0.977946159984652,0.3812345161220941,0.3211335812226107,0.0011060959501109,0.0036246732027275,0.057172334645606,0.0224711875119595,0.0012538425108734,0.0078461052938814,0.438691541587877,13787.034413530584,2025-12,20436
1765699200.180386,8,BTCUSDT,6157,6363,0.8670581589630068,0.8664733938440923,0.3949394498334506,0.48665784689306,0.0006798906963855,0.0007444874628166,0.087748247539268,0.0191314210154146,0.0033679244864024,0.0088147111911835,0.507357724606182,18667.22838702186,2025-12,20436
1765702800.180386,9,BTCUSDT,8169,8260,1.1399276457084375,0.993389257706464,0.4120871820741631,0.5207948059347216,0.0259933146101524,0.0004511722587273,0.0561787517908189,0.0178740633295756,0.0027843777388201,0.0282655105869046,0.5489156489722642,30984.520977028,2025-12,20436
1765706400.180386,10,BTCUSDT,14908,14766,1.572186140064145,1.1606626558618376,0.5319241302165032,0.6453767107483109,0.0010526456855174,0.0005325662797379,0.0575503218172303,0.0494218556989735,0.0224917334136849,0.0297876233708149,0.7011887091042062,82438.24182989432,2025-12,20436
1765710000.180386,11,BTCUSDT,40538,45832,1.6049023813120864,0.9375702184232017,0.7594340801116831,0.8712419490624265,0.0004818276932293,0.0004520247208825,0.05754099795682,0.0402213889094565,0.0206479930021779,0.0337006534747154,0.9185666806517064,402517.84086953214,2025-12,20436
1765713600.180386,12,BTCUSDT,22409,17365,1.248828768352244,0.7468207276517744,0.744051985131303,0.7847522995896099,0.0007269412725608,0.0004311059583427,0.0424307078082653,0.0514538183227232,0.0060656813006967,0.017898995372368,0.8385953541768589,152032.96012700227,2025-12,20436
1765717200.180386,13,BTCUSDT,16357,15249,1.1498122173125307,0.8281765526889713,0.7057687519571801,0.7480832443415965,0.0008307972232616,0.00068959324858,0.0249545931150525,0.0454336639668917,0.0071917687003931,0.0152871006725424,0.795495746178254,113501.71444414947,2025-12,20436
1765720800.180386,14,BTCUSDT,18411,19406,1.2636013265123025,0.8922719533031538,0.6892673998448902,0.7871852120433479,0.0013730116047606,0.0011393220640824,0.0459698402464467,0.0387144642038452,0.0059824358731098,0.0125490132501876,0.8269969318022876,139461.86627828912,2025-12,20436
1765724400.180386,15,BTCUSDT,16706,14286,1.2604138461063676,0.7735136297407391,0.6833815635351078,0.7495156185686911,0.0005621218764946,0.0008539655162105,0.0352646184229494,0.0454890619397904,0.0075248588885717,0.0095612049091999,0.7960922411127844,109039.9288198488,2025-12,20436
1765728000.180386,16,BTCUSDT,25825,25669,1.3167557429467125,0.8169485403532608,0.7330109662794128,0.8395243785911792,0.0006408483683616,0.0007577400695386,0.0499675750140928,0.0356753507984931,0.0118710486260641,0.0324885079246757,0.8795089778028848,217236.9116341918,2025-12,20436
1765731600.180386,17,BTCUSDT,23087,22769,1.2919541588527907,0.8095751221893391,0.7477532579743034,0.8235143199081147,0.0011688422628222,0.0007252162180452,0.0300711362482926,0.040461551077482,0.011348719270737,0.0170905708674945,0.8664910247671536,188571.865950963,2025-12,20436
1765735200.180386,18,BTCUSDT,16051,14457,1.0236250517814784,0.6677740779423483,0.7358089272510658,0.7950986945969825,0.0006424676501219,0.0012107517761796,0.0254699113450833,0.0300967976670871,0.0079297366540374,0.0073625186353235,0.8263253276569306,119634.89553432036,2025-12,20436
1765738800.180386,19,BTCUSDT,16307,18928,1.0850897968786064,0.7388155167208192,0.689557288156266,0.8231712098248526,0.0006469134899865,0.0004883571253299,0.0490767973188271,0.0321898390395419,0.0044807923925402,0.0201861427424936,0.8562623016255091,138127.00566827488,2025-12,20436
1765742400.180386,20,BTCUSDT,18272,20993,0.9158448449178592,0.7328898714528084,0.7439219937666166,0.8168326091970208,0.0005750664289424,0.0004886776840376,0.0621190048227569,0.0478805187733507,0.0103847355452993,0.0128221124420093,0.8671022632859767,159719.58219807432,2025-12,20436
1765746000.180386,21,BTCUSDT,14309,14431,0.98915644474879,0.762034861203815,0.6865931392255246,0.7623230967511425,0.0037124945005048,0.0029087739317021,0.0578603950213252,0.0420046491154851,0.0019350576283083,0.0039006874414722,0.8049632927441754,103136.58445351684,2025-12,20436
1765749600.180386,22,BTCUSDT,25598,25470,1.2949463827066463,0.8383693217523958,0.7358209693015227,0.8285486176985083,0.0003373055505178,0.0006728534467838,0.0575383377218603,0.0452274069637562,0.0051127111166819,0.024940160829095,0.8754759403677153,213667.44877984095,2025-12,20436
1765753200.180386,23,BTCUSDT,38823,39055,1.410501255501374,0.8857269246689143,0.7818372894286049,0.8625472617293849,0.000839995983663,0.000644467886962,0.0577256217893687,0.0499940974315034,0.0110260470269406,0.0301920290391064,0.9172512937349676,345704.9403111416,2025-12,20436
1765756800.180386,0,BTCUSDT,36061,26705,1.446787006573239,0.8909126418000515,0.790389336003578,0.8189010130600944,0.0008825275124424,0.0006078113146266,0.0388628968191675,0.0441772634169964,0.0005533997939818,0.0150019310835284,0.8637284195891363,272934.98668887885,2025-12,20437
1765760400.180386,1,BTCUSDT,34944,26541,1.3902679885483502,0.8857989456843623,0.8175205945416536,0.8159259361122005,0.000539649944449,0.0007041136542759,0.0315542500375416,0.044770069762632,0.0146241591900651,0.0087273204892895,0.86818126347372,272064.4016276503,2025-12,20437
1765764000.180386,2,BTCUSDT,33298,37404,1.2284478750113583,1.0446590904458206,0.8116535358147958,0.8503122486319691,0.0005867562691986,0.000631597784251,0.0363677009662457,0.0319069444901501,0.0165321465498751,0.0159043868629718,0.8891088157584234,324382.805303379,2025-12,20437
1765767600.180386,3,BTCUSDT,16031,18907,0.9814103429389968,1.0939180220769325,0.7142948719673392,0.7578449275596296,0.0017574216110464,0.000458763727495,0.0487501635277374,0.0311170635403177,0.0056973895808477,0.005229587656614,0.7905061934814606,129262.74718236658,2025-12,20437
1765771200.180386,4,BTCUSDT,19042,15436,1.1695825263974085,1.04946042986178,0.7185207098699203,0.7185640019265466,0.0014415510935743,0.0007284864298366,0.0499558172376021,0.0320524499550557,0.0038413137916076,0.0135132378254663,0.7719956933543145,125932.93401965938,2025-12,20437
1765774800.180386,5,BTCUSDT,11015,12220,0.8862182289875429,0.9628499273852672,0.6619820373306857,0.6798658352428008,0.0013247182768675,0.0008259202878075,0.0397363820328225,0.0330240377124064,0.0021763067158144,0.0067881574150835,0.7149105526809627,75776.2263612781,2025-12,20437
1765778400.180386,6,BTCUSDT,12573,11286,1.0264427520827353,0.7570315985097181,0.6445703796967102,0.687126140513271,0.0030680043646536,0.0024414390325687,0.0578183837154485,0.0643736839093461,0.0018151435752637,0.0020119798774498,0.7519387089289319,76593.95824472432,2025-12,20437
1765782000.180386,7,BTCUSDT,15491,17337,1.2792426830226562,0.935072709245748,0.6391207683314337,0.7535932011612752,0.001010299219243,0.0007787035428101,0.0593951282858763,0.0467179159363963,0.0047543901190713,0.0031429404460622,0.8005327183875277,116602.678188087,2025-12,20437
1765785600.180386,8,BTCUSDT,12512,13521,1.012414570359828,0.8916938471481889,0.6320532490299751,0.7025773281272479,0.0018132912857602,0.0031420111652559,0.0680502933565474,0.0532236042638676,0.006698334978424,0.0058343816455906,0.757140480126904,83868.09889813782,2025-12,20437
1765789200.180386,9,BTCUSDT,16205,11232,1.1057817905219032,0.656334694423622,0.6983836323857413,0.720378158140054,0.000701180622724,0.0006591557724386,0.0470816054835701,0.0538599305998337,0.0102473848589619,0.0129947339792842,0.7787318047985494,97133.65928060276,2025-12,20437
1765792800.180386,10,BTCUSDT,17414,18268,1.1525571734185778,0.9391666034029846,0.69939416616012,0.7653439691933002,0.0003458772503517,0.0007248071323233,0.0518720521772317,0.0419701024893336,0.010450467223943,0.012185513123031,0.8096994319286931,131499.85382824644,2025-12,20437
1765796400.180386,11,BTCUSDT,13632,16431,2.2950039674594187,1.5688222559991811,0.4635527158215966,0.5491303959276429,0.0559958049056166,0.0003796400142353,0.0136887873013811,0.1087325036704572,0.0106226638095326,0.0005717731001651,0.6582131295542913,72881.16230735077,2025-12,20437
1765800000.180386,12,BTCUSDT,15632,14930,1.2016017034207531,1.084985818980767,0.6744168287922169,0.6978938228667235,0.0022273564317981,0.0015809886525561,0.0425162570329906,0.0368940213978247,0.0014530209299391,0.0059960158682646,0.7362327519498962,103780.83289622476,2025-12,20437
1765803600.180386,13,BTCUSDT,19455,19070,1.381500755349237,1.0627828796054817,0.7056621605345021,0.7440040421518365,0.0006122512107976,0.0005459332593633,0.0302885707128003,0.0498823005515942,0.0047246102853315,0.0070064664855506,0.794573888602027,143640.06328132344,2025-12,20437
1765807200.180386,14,BTCUSDT,59132,67603,1.5366610256182156,1.4034244503398567,0.8157374792511293,0.8637566785587467,0.0008087707960566,0.0007164919650709,0.0439818472800898,0.0437121281885004,0.0199270851946734,0.0342604937083887,0.9195840784916888,591976.1926477803,2025-12,20437
1765810800.180386,15,BTCUSDT,107547,103148,3.563636332630052,1.7948654112232996,0.7816137300926534,0.870079190309142,0.0008543645441434,0.00054747728234,0.0498808958892277,0.0480374045541639,0.0195403315761417,0.0509484872073462,0.9288989179606963,959047.7688261856,2025-12,20437
1765814400.180386,16,BTCUSDT,65689,65382,3.1141239038051114,1.2936223176454191,0.7812303028724209,0.876395555504454,0.0003907076674158,0.0005611860142634,0.0165548112056354,0.0391965223608639,0.0210285485457161,0.031891147709748,0.9212232768025548,585269.7309078283,2025-12,20437
1765818000.180386,17,BTCUSDT,56518,51397,2.729427153143324,1.4040051625806718,0.7524247139433605,0.850612464946829,0.0005464686435119,0.0003441015569835,0.0430087454402253,0.0332483529176683,0.013675735164123,0.0357708174456447,0.8893309707078243,457700.5151037014,2025-12,20437
1765821600.180386,18,BTCUSDT,54465,41978,3.0403421829095727,1.1819007071346943,0.744693413381939,0.8449502754435447,0.0005419341997167,0.0006448862091912,0.0321352601984972,0.0330618642693618,0.0142851092463126,0.0346708004699062,0.8829465327078557,402684.3768780347,2025-12,20437
1765825200.180386,19,BTCUSDT,44401,39927,1.9391137753235244,0.9938689240436804,0.7950868411586426,0.8607506918953376,0.0004550344969387,0.0004660730438395,0.038607534504845,0.0303504367420129,0.0128172647127793,0.0217229181026806,0.8958399822107623,373783.0794496136,2025-12,20437
1765828800.180386,20,BTCUSDT,35469,36434,1.685369989927344,0.9148961561457412,0.7956173159624369,0.8631324019370339,0.0004642263766705,0.0006605870558421,0.0218455358886518,0.0367616989701924,0.0101060466009359,0.0082531506712996,0.9010216971620104,317217.6318553007,2025-12,20437
1765832400.180386,21,BTCUSDT,28052,21346,1.5589500794943434,0.6964645507798571,0.7645374595781418,0.8276586796898145,0.0030210353196746,0.000712023774981,0.0264240908351788,0.0360711405212169,0.010258963388142,0.0148935114144322,0.866474277920246,208129.72586726575,2025-12,20437
1765836000.180386,22,BTCUSDT,17368,14840,1.4735485043121206,0.754226988498146,0.6536772532172371,0.7725965798498545,0.0013950666041651,0.0012180532339916,0.0232049961579079,0.0399194376963349,0.0063108619683656,0.0149551945986737,0.8134287461443825,116157.54904602906,2025-12,20437
1765839600.180386,23,BTCUSDT,20882,15833,1.5818738211859351,0.776390795371832,0.6895400497881172,0.7739879971555523,0.000783996818758,0.0007097765164294,0.0266614606518529,0.0290049935641835,0.0127512957711969,0.0156859233689805,0.8054787376683766,136890.27942253923,2025-12,20437
1765843200.180386,0,BTCUSDT,19301,21463,1.494288837689453,0.9913422886340848,0.6763201783845446,0.7998894736949935,0.0004590180427817,0.0007078972442933,0.0250299986768541,0.0208450654287716,0.0132019702178626,0.0158641128013056,0.8226016507375413,158298.66351803552,2025-12,20438
1765846800.180386,1,BTCUSDT,25195,23599,1.6305619406167609,0.8515493729081689,0.7238924994960388,0.8298581499576241,0.0005932560178082,0.0003174964118033,0.0263341158863813,0.0285220194393578,0.0137108615871967,0.0192723498997373,0.8609118129382328,197679.63852199313,2025-12,20438
1765850400.180386,2,BTCUSDT,20675,16090,1.4553760670623428,0.6270871780922725,0.711294348834368,0.8184019180443199,0.0004944164333289,0.0006761032074751,0.0209841264246547,0.029268157479549,0.0100536629727678,0.0175504399682087,0.8493127989460161,145441.64236794697,2025-12,20438
1765854000.180386,3,BTCUSDT,21639,22618,1.594101290095021,0.7954275296612682,0.6833393738545743,0.8300139404821543,0.000613838003873,0.0006144014492029,0.0277928742269056,0.0288152425924305,0.0154390521172933,0.0198633588281784,0.8610223054302295,179939.95835736088,2025-12,20438
1765857600.180386,4,BTCUSDT,19506,21291,1.3587463577179764,1.0114191963542578,0.6745559626114916,0.7765473959818446,0.0015796109523433,0.0002807353856782,0.0455927061970726,0.038455772543793,0.0160106991367934,0.0273279446481992,0.8198730435602701,153249.24747612234,2025-12,20438
1765861200.180386,5,BTCUSDT,17338,13453,1.3316306573249677,0.7861026659943159,0.69354736505004,0.7467466359351049,0.0003554330991044,0.0008283306965558,0.0166216953224151,0.0234531823739502,0.0156514202220904,0.016295127006642,0.7744629406268009,113098.4496944136,2025-12,20438
1765864800.180386,6,BTCUSDT,15927,10516,1.4701914431338927,0.907081774864824,0.6490799220645576,0.6487627344103565,0.0024659131894738,0.0082175480485727,0.0135614200709714,0.0237360571482474,0.0085991266233132,0.0026239094419727,0.6795806241215498,86951.59451832477,2025-12,20438
1765868400.180386,7,BTCUSDT,18931,25465,1.606813971186314,1.3201677533693246,0.6379693325084805,0.7790988109379121,0.0004987141614502,0.0012683585056782,0.0310332738263309,0.0228460837055346,0.0170140882293668,0.0180440601128335,0.8044420589803398,167305.8318387607,2025-12,20438
1765872000.180386,8,BTCUSDT,16261,15028,1.1739122887920437,1.0576449785665056,0.6953692761442157,0.7049965657295758,0.0007906091000051,0.0005698032296285,0.0338403024231569,0.0312145518919662,0.0081179598493601,0.0108408339661729,0.7433831094755038,109191.21249320342,2025-12,20438
1765875600.180386,9,BTCUSDT,13071,13624,1.1068987107607515,1.0324449351370375,0.6621206915089455,0.7016517258547945,0.0008072332631388,0.0017211841472139,0.0228380536340393,0.0176816900312443,0.0084144791442479,0.0098205548041316,0.7221920051493045,91252.2603482274,2025-12,20438
1765879200.180386,10,BTCUSDT,30538,25003,1.247284267309164,1.1588493407309024,0.8079703861747939,0.7514046295823934,0.0009481403189254,0.0007679137856284,0.0322260926657006,0.0393773849307182,0.0288234722151079,0.0185590637522379,0.8499253121881514,235595.5708338553,2025-12,20438
1765882800.180386,11,BTCUSDT,24863,22222,2.4875083238929983,2.1505063199433603,0.5951987775666113,0.5855401106846838,0.0004046562857275,0.0006345399585225,0.0250767754496475,0.0378620058821657,0.0253447000620244,0.0228248201667097,0.6464662031743883,142574.0195541742,2025-12,20438
1765886400.180386,12,BTCUSDT,25975,27265,3.054746400094015,2.179669755415325,0.5474345008541294,0.5568718041814624,0.1296048096370166,0.0035077676258689,0.0233389269907789,0.0240898857394239,0.0126199234799799,0.0012062934209687,0.6022570690207519,155532.1348188595,2025-12,20438
1765890000.180386,13,BTCUSDT,59686,69080,2.851090798005767,3.2431155711593744,0.7548176095940995,0.7651703392471224,0.0015039979628118,0.000471442178841,0.0375148407146709,0.0358613203711987,0.0346527312162727,0.0338466528263406,0.8321749997229947,552643.6724794665,2025-12,20438
1765893600.180386,14,BTCUSDT,83482,73427,3.375230714548812,2.505420254176882,0.803472946593397,0.8123216597452645,0.0006375920032884,0.0009711879833936,0.0402260921546986,0.0420811688226949,0.0326908115030227,0.0172194654829535,0.8742483187980943,686370.4442605402,2025-12,20438
1765897200.180386,15,BTCUSDT,70795,68610,3.532621035335145,3.061874760109118,0.782964953213859,0.7832898795200162,0.0001327819862139,0.0004827757724549,0.0263597392899854,0.0309017713069147,0.035744909407964,0.0175795222763144,0.8373307228891721,599791.2420959113,2025-12,20438
1765900800.180386,16,BTCUSDT,52301,57117,3.423755292920246,3.000056937541188,0.7196226032137207,0.7608081240082973,0.0006225957468471,0.0004688318744506,0.028206621810736,0.0219201743735747,0.0222668392331253,0.0143721516383241,0.7906596217645584,448437.2031949929,2025-12,20438
1765904400.180386,17,BTCUSDT,34287,37612,3.034042488703493,2.885680338705713,0.6521880984134281,0.6885297020887344,0.0006924469898547,0.0004969536385684,0.0183240536105079,0.0135855413683521,0.0218104762984945,0.0153691479581686,0.7109454356846667,258648.0455699036,2025-12,20438
1765908000.180386,18,BTCUSDT,31286,29872,1.4427440404162306,1.4704553873726576,0.7753393974687124,0.7558363158449805,0.000806893311434,0.0006121515420961,0.0419842454442683,0.0357662092076005,0.0262362998653817,0.0165331882173346,0.8295441268477332,254306.43464516255,2025-12,20438
1765911600.180386,19,BTCUSDT,19460,26737,1.0196396115803767,1.5211799453239774,0.7705383693382464,0.7630382575973235,0.0010192115291348,0.0003046169929808,0.0324248636809164,0.0170735919081864,0.0125409792303456,0.008358152937098,0.8072860410283259,186938.8595766269,2025-12,20438
1765915200.180386,20,BTCUSDT,18490,21308,1.0175484254604537,1.1901270759448932,0.7610622022105467,0.7648866088642741,0.0004240454359791,0.0004867208747838,0.0292773190759741,0.0299148011059249,0.008166547752117,0.0068604800364546,0.8008223700604316,154216.03021560278,2025-12,20438
1765918800.180386,21,BTCUSDT,11660,10324,0.9546125363869864,0.7537004158226,0.6632575238193364,0.6885928468387923,0.0040792174678229,0.0031094927691487,0.0355008388455384,0.0416700898411685,0.0014436559591064,0.0036681978153352,0.7314093736832125,71044.90573927278,2025-12,20438
1765922400.180386,22,BTCUSDT,10739,10173,0.8930040265771704,0.7280645225969531,0.640956137557774,0.6966925036510413,0.0017850204121599,0.0004726310889462,0.0531091726518443,0.037431130442806,0.0073387170306605,0.0060756203329055,0.7355633299412381,66020.85548068387,2025-12,20438
1765926000.180386,23,BTCUSDT,10358,9554,0.9614698439782444,0.658063014846141,0.6096852343710687,0.7032613992862623,0.0011987947831995,0.0004460131619384,0.0549975210391145,0.034944055060048,0.0099956183800379,0.0050899680049393,0.7390389033902621,59142.61964952455,2025-12,20438
1765929600.180386,0,BTCUSDT,13020,15451,1.2064215228418294,0.8421536832263455,0.6116901849904525,0.7761862725531239,0.0028903074989245,0.000582188849197,0.0429423124693549,0.0220217695165765,0.0021218177426911,0.009450924497237,0.7985574409954205,101121.1495445228,2025-12,20439
1765933200.180386,1,BTCUSDT,14273,13551,0.9384874520841918,0.61722492374449,0.6985355304065195,0.7881032743511356,0.0005767894284458,0.0006234868664513,0.0541813507269264,0.0313750227152867,0.0143812143069735,0.0107627491933549,0.8219387250453658,104430.0196540998,2025-12,20439
1765936800.180386,2,BTCUSDT,15648,17519,1.2212530238138004,1.004454371874719,0.6559170217323765,0.7517411866643698,0.0005622790828342,0.0007554998393702,0.0457700836036545,0.0275652927287705,0.0161625754599916,0.0144419161763936,0.7824535126790338,116585.62236411634,2025-12,20439
1765940400.180386,3,BTCUSDT,10706,12718,1.124808151228322,1.1089639783497474,0.5525474656829623,0.6623855114482007,0.0004012616057487,0.0008873105164327,0.061485579217407,0.0148901956467086,0.0101283406250656,0.0059908997022053,0.6784008780707671,67720.09406994752,2025-12,20439
1765944000.180386,4,BTCUSDT,13519,18994,1.232892289760878,1.3105959336230093,0.5937913259213005,0.7123611340527652,0.0005162434870473,0.0005918212512647,0.0508876882694193,0.0207381173841078,0.0240043141039159,0.0179576694014866,0.7379745526704131,106392.56763947364,2025-12,20439
1765947600.180386,5,BTCUSDT,24620,25166,1.3491838588801912,1.14044027097921,0.7364931189876978,0.8043917410540438,0.0006336372220776,0.0006265203563682,0.043817062424364,0.0210418526242004,0.0103055264674557,0.0224052215674193,0.8304577277280325,208009.86855207305,2025-12,20439
1765951200.180386,6,BTCUSDT,19297,15877,1.1292737141721418,0.9084114797906968,0.7426516600888661,0.736400387058088,0.0009940450142923,0.0003413578723941,0.0371480890044159,0.0387768995023371,0.013933595808048,0.0156944435783396,0.7931319980765241,135451.48648303654,2025-12,20439
1765954800.180386,7,BTCUSDT,21033,17584,1.1932356609745038,1.2784067598205626,0.7507374088036041,0.6966449569589515,0.0008570236251596,0.0008180531381926,0.0320149771494257,0.0230458393536643,0.0157262909192144,0.0135402030885076,0.786325700597529,147995.3745857356,2025-12,20439
1765958400.180386,8,BTCUSDT,15246,18599,1.1515528627046423,0.9896272018767952,0.6757032138311161,0.7817647790986331,0.0003943795038648,0.0006230768074838,0.0393241631779392,0.0196372219349719,0.0109389514190025,0.011958553962297,0.8030224529011405,128922.35078288674,2025-12,20439
1765962000.180386,9,BTCUSDT,16116,13907,1.0250735024199498,0.9185763054332424,0.7193805914484854,0.7289199121540422,0.0005194869353026,0.0005087676060055,0.0382078795256976,0.0163069402837595,0.0155861451973264,0.012229351458965,0.7670075932100663,111160.00815306476,2025-12,20439
1765965600.180386,10,BTCUSDT,21221,17581,1.063383943258663,0.9862355403949908,0.7940707217781116,0.7691531588049806,0.0009005454079996,0.0005030404347411,0.0291034625821499,0.0218525656371492,0.0045317563056094,0.0032735867602286,0.8237997788095791,155988.4979423259,2025-12,20439
1765969200.180386,11,BTCUSDT,15866,13670,1.013760958523384,0.9356885057845296,0.7344047512853433,0.6923837988376724,0.000697116227646,0.0004277437097279,0.0271702343211526,0.0418099019183834,0.0158658278297161,0.0079669611155761,0.7659529545395075,105903.9797245482,2025-12,20439
1765972800.180386,12,BTCUSDT,18966,18216,1.0803780239684353,1.038409348666694,0.7157693528526436,0.7516632780583825,0.0006341426437357,0.0005605259761393,0.0629370141918798,0.0245777053631796,0.0172539129976706,0.0164197528633262,0.7949454725587058,141431.03883780778,2025-12,20439
1765976400.180386,13,BTCUSDT,31869,27020,1.1123694221284206,1.1504079215269931,0.8385531645824795,0.7832721295601222,0.0003464915105819,0.0003668210924689,0.0196931908131266,0.0313849963680634,0.0264272005687885,0.0159345266037112,0.8666420121924261,263227.82084794313,2025-12,20439
1765980000.180386,14,BTCUSDT,80570,70489,1.2785886023298518,0.8906691586292987,0.8655994583925636,0.8639256600234441,0.0007617968048216,0.0001821287606598,0.0278243436086415,0.0467115310413929,0.0560199037931805,0.0442446546244284,0.9529883566084636,726668.7250781403,2025-12,20439
1765983600.180386,15,BTCUSDT,109534,132150,2.517380822613854,3.624343301582202,0.8528438796095732,0.8805852781809921,0.0004487786050864,0.0006941701450433,0.0363184688492376,0.0377737521141392,0.0085100598302055,0.0177403192632648,0.9232096782917956,1177700.947541776,2025-12,20439
1765987200.180386,16,BTCUSDT,93538,87862,2.141452770136986,1.4768782511939056,0.8475567933694365,0.8700439603199248,0.0001920613405932,0.0013985712646953,0.0377530559154046,0.0398239373027235,0.0286935663308769,0.03577688458769,0.9325833131665004,856998.9494546774,2025-12,20439
1765990800.180386,17,BTCUSDT,33926,37921,1.6056492015334003,1.2166200952504556,0.7849320615032513,0.8375334965757998,0.0005372144817913,0.0006796304154883,0.0262183854036347,0.0319586265885152,0.0186267494387824,0.0126111970269941,0.8735724915507629,306341.66400787234,2025-12,20439
1765994400.180386,18,BTCUSDT,37663,40193,1.3389747182338123,1.0224763389574774,0.8027460523622864,0.8584890854219719,0.0005296172495745,0.000362366373129,0.0442889890352962,0.0363375056266493,0.0163582739764284,0.0246006411300304,0.9024360635622228,347510.51659611333,2025-12,20439
1765998000.180386,19,BTCUSDT,46850,41188,1.6086849265491816,1.0809567618778853,0.822456740534999,0.849018248761962,0.0005660588775132,0.0005454348522213,0.0296550691916269,0.0334778550944841,0.0184209893144682,0.0272369055716499,0.8948413126732457,402018.01744828554,2025-12,20439
1766001600.180386,20,BTCUSDT,30742,29048,1.3521957888507978,0.8334474686166803,0.7951411571886091,0.8642599841707513,0.001236533162828,0.0002461980454216,0.0329932859446625,0.0212148111795241,0.0161251691394602,0.0155534837375574,0.8899148649321862,269336.9162609388,2025-12,20439
1766005200.180386,21,BTCUSDT,15629,13693,1.3458526153209804,0.8112370421845381,0.6483925844806377,0.746689427601098,0.0005406284414798,0.0006029111418879,0.0364458311133102,0.0306887614243539,0.0080740687507306,0.0063671015987206,0.7780225535120235,99928.28021183544,2025-12,20439
1766008800.180386,22,BTCUSDT,18392,15303,1.2553158018836943,0.8243522861374909,0.717982418308262,0.7589412066253763,0.0007818071485119,0.0006625860820483,0.0280841855420512,0.0228622923409005,0.017798331688204,0.0092429758838171,0.7863700271095037,134249.76640996875,2025-12,20439
1766012400.180386,23,BTCUSDT,10906,10971,0.9310496097170312,0.6075891440512998,0.6488670843213611,0.7701571156903709,0.0008825201608465,0.000612375527141,0.034030172902579,0.022001220707339,0.008620306467494,0.0094874334493526,0.7930298020830417,76811.33324184599,2025-12,20439
1766016000.180386,0,BTCUSDT,13581,12858,1.0886986196979025,0.7487690724727347,0.6603370478328939,0.760717379922961,0.0012020351935779,0.0003142763712478,0.0420991062981602,0.022619149613595,0.0053081352466466,0.0086007699504414,0.7840476848175378,92554.73635870928,2025-12,20440
1766019600.180386,1,BTCUSDT,16298,17198,1.2624615021996393,0.7898919891965047,0.6738644886662623,0.7907784347445898,0.0006693232722779,0.0008379009936415,0.0311143116341031,0.0316842683688235,0.0110204071359322,0.0147619718541194,0.8239949183377031,124910.30250044144,2025-12,20440
1766023200.180386,2,BTCUSDT,24583,22756,1.1532666672277478,0.7762276541125607,0.7869329557374585,0.8288029317663856,0.0013959672601195,0.0004051721769709,0.0330389099870613,0.0238912379223025,0.0190054641874374,0.0132231787350965,0.8596937788469575,205662.22269321152,2025-12,20440
1766026800.180386,3,BTCUSDT,15429,17699,0.9333627414646716,0.7703098727198474,0.7331210710018289,0.8053867587189378,0.000554000461195,0.0009365652772037,0.0327566689410879,0.029394311824128,0.0103721348185746,0.0139240049330734,0.8370620316451474,137004.01548403694,2025-12,20440
1766030400.180386,4,BTCUSDT,12828,12820,1.0207670699452895,0.9003305878024338,0.6669593448525062,0.6987167348572154,0.0020231776591257,0.0007610554608305,0.0435024747176638,0.0385837747506806,0.0081533188360784,0.003508716810907,0.7388320890853289,88054.0717342249,2025-12,20440
1766034000.180386,5,BTCUSDT,11274,15737,0.9119351875844786,1.1953108320290893,0.6330620137885764,0.6878623687522183,0.0004735539656966,0.0003384034139632,0.0616038492749939,0.0308186469649743,0.0097901588358183,0.0096788904159159,0.7223895621998554,86667.28634477557,2025-12,20440
1766037600.180386,6,BTCUSDT,11064,11051,0.9715189233982368,1.157716812011181,0.6339596890783651,0.5882329440107084,0.0002501945332206,0.0006025582979458,0.0429271922918972,0.0201864522807324,0.0135024069670489,0.0066594658085022,0.6783157362106835,61462.450599186384,2025-12,20440
1766041200.180386,7,BTCUSDT,13492,15973,1.1909035581320682,1.4020254775545833,0.6383206195361527,0.6529557603849139,0.000587742969713,0.0005796318970185,0.0343340515066569,0.0168741843098607,0.0153028844390653,0.0078845753824657,0.6829254724197293,92520.64295757726,2025-12,20440
1766044800.180386,8,BTCUSDT,17669,20863,1.1792708807319443,1.4749027167676176,0.7175616188153051,0.712972363776031,0.0030780391006047,0.0013380825854424,0.0344265078327177,0.0197125477504388,0.0103875086280807,0.0027429354991764,0.7545064275629624,138713.9713758282,2025-12,20440
1766048400.180386,9,BTCUSDT,15813,17504,0.9819898209574528,1.3553528754460953,0.7398606567300132,0.6464899054395618,0.0013441335326742,0.0003710684288043,0.0305598198566877,0.055097734401514,0.0225563942453581,0.0043091587528476,0.7720089155719595,115826.13313992736,2025-12,20440
1766052000.180386,10,BTCUSDT,11579,14247,0.9354429463177616,1.3359993005560302,0.6689020055230936,0.6169223290335716,0.0005403888814616,0.0004387793723138,0.0325462669514818,0.0357357263579296,0.0109052730785803,0.0067566956220811,0.7030815771613003,79166.38834261136,2025-12,20440
1766055600.180386,11,BTCUSDT,9794,12430,0.8168221397068252,1.340532200444959,0.6457073555159328,0.5750389822930861,0.001067052397335,0.0010761670582405,0.037067891436505,0.0267287700559467,0.0107903060847965,0.0128365238218141,0.684762925947061,62616.93663880373,2025-12,20440
1766059200.180386,12,BTCUSDT,13802,14707,1.0455112206412842,1.397370518066943,0.6760099774635419,0.6152037858836195,0.0006012571422902,0.0004638503343065,0.0399397330470311,0.0304459420212041,0.0126816240833553,0.0109065752692428,0.7180361785099623,89071.96258192214,2025-12,20440
1766062800.180386,13,BTCUSDT,76749,71040,1.4922219822264355,2.2136581371887427,0.8754781498380401,0.8123068428069571,0.0009499687836923,0.0006376572053673,0.0253389352421011,0.0374560257183167,0.0374733610659819,0.0359604003233309,0.9206535358924698,713760.7516892299,2025-12,20440
1766066400.180386,14,BTCUSDT,89499,100334,1.848287438487111,1.8856415285917496,0.8796954462302513,0.8629044825105605,0.0007327592892637,0.0002127683401714,0.0194461835448019,0.0399610817015491,0.0343143944176194,0.0266157820917883,0.9317238061830488,927198.544230127,2025-12,20440
1766070000.180386,15,BTCUSDT,68315,69927,1.5452251150577383,1.925035386867565,0.8853641101195053,0.8534782003756627,0.0009299978760503,0.0007011592475379,0.0146915373602336,0.0205675523260971,0.0229833631904833,0.0137001839217925,0.9097115291938878,688059.7191453159,2025-12,20440
1766073600.180386,16,BTCUSDT,42921,46053,1.3853341224299605,1.4326596386881951,0.8380324713173618,0.8484795587244295,0.000926152043238,0.0015005393294306,0.0275999312135625,0.021226374005376,0.0159832495800766,0.0161832628027793,0.88508097180314,417435.28081286006,2025-12,20440
1766077200.180386,17,BTCUSDT,99426,105602,2.181171110709614,1.5714949970103147,0.8300251578770002,0.8707033633965386,0.0004839480527135,0.0005537861643794,0.044039016247485,0.0370346472952283,0.0384722736078615,0.0462210329722774,0.9367884767279032,985894.3321126509,2025-12,20440
1766080800.180386,18,BTCUSDT,46505,45966,1.580438298008136,1.0820971503825252,0.8344930054537986,0.8791400241982159,0.0018966179564513,0.0006621542115013,0.0328447233806756,0.0274479565091936,0.0132462633585486,0.0072100723880761,0.909420676595518,444819.8249483541,2025-12,20440
1766084400.180386,19,BTCUSDT,95410,76243,2.310626948036784,1.3352361265292445,0.835650874485831,0.89116799726091,0.0005381237862978,0.0004055326868683,0.0432447265321845,0.0251657587048962,0.0168132558003455,0.0418092788644181,0.9305219585508688,845369.9725485775,2025-12,20440
1766088000.180386,20,BTCUSDT,54080,51605,1.7603673741435644,1.1869796890358506,0.8316053213557275,0.8580913817022892,0.0004938822540772,0.0006543795036448,0.0308794574667213,0.0357888591312701,0.0141823958401174,0.0187529277818727,0.9012312798061292,492677.70835341257,2025-12,20440
1766091600.180386,21,BTCUSDT,42582,30502,1.2966066702437968,0.698299863106111,0.8428561210547943,0.8463369674575675,0.0006346945094662,0.0004627908658065,0.0317948158690268,0.03331724308832,0.0214194560923394,0.0208506811137284,0.89897707161266,347713.485523621,2025-12,20440
1766095200.180386,22,BTCUSDT,19660,18665,1.0902399564604015,0.6790223029760708,0.7514642634326075,0.8293401347245148,0.0010889605524333,0.0003043660001555,0.0392795286205609,0.0287415710405646,0.0109852987027752,0.0142550241654649,0.8605982778844703,159313.80822404352,2025-12,20440
1766098800.180386,23,BTCUSDT,13871,13490,1.105343077858198,0.6469115077590242,0.6561267780501231,0.7878626299888417,0.0007218377997299,0.000622253358076,0.0386276761882134,0.0332358936205912,0.0054660733906805,0.0195081746932057,0.8220768690265653,95970.4064281506,2025-12,20440
1766102400.180386,0,BTCUSDT,15437,13857,1.2723635115333978,0.7225027512112407,0.6495317150669715,0.7662871504689163,0.0006171538203958,0.0005895839574664,0.0423024877327347,0.0348052848150144,0.0098101428602405,0.0120504118220269,0.802285727870433,100988.60348699064,2025-12,20441
1766106000.180386,1,BTCUSDT,18294,18997,1.2992909560174324,0.8757952198705763,0.699267654935612,0.7963191348049308,0.0006937814637957,0.0007071846685667,0.0344390604770711,0.0298054408593407,0.0100551871928162,0.0095337039801961,0.8273007087385188,144725.8111404678,2025-12,20441
1766109600.180386,2,BTCUSDT,25118,20402,1.3532540775470172,0.8532398411376928,0.7635835080689516,0.7958323454170521,0.0014011220289955,0.0007048369667723,0.0277829168012017,0.0303696707146819,0.0156215679686344,0.0149419506063556,0.8326532384730368,189729.9363029955,2025-12,20441
1766113200.180386,3,BTCUSDT,72995,62737,1.449700563729114,1.371207695152179,0.8779078894211471,0.8596491916233215,0.0005754107730111,0.0005548404039771,0.0228553242676395,0.0330346736598811,0.0203300318612326,0.0327688729938107,0.9234249616665104,668747.8367218499,2025-12,20441
1766116800.180386,4,BTCUSDT,30666,25539,1.0494927683165116,0.9916481535992056,0.8336640725107577,0.8068923449480774,0.0005779622935682,0.000504083307814,0.0289986867574245,0.0309319694460275,0.0183302055998377,0.0188130858922977,0.873035846156916,249956.65851644153,2025-12,20441
1766120400.180386,5,BTCUSDT,23611,21196,1.0408761536050484,1.0445952303014692,0.7987921468811063,0.785898648508,0.0001280106244575,0.0015871292037069,0.0293922888371778,0.025231360897378,0.0100680292845791,0.0100410821991294,0.8334874456890848,192177.63190663804,2025-12,20441
1766124000.180386,6,BTCUSDT,21915,15784,1.064208787678174,1.187198624669461,0.7925531888273383,0.6687201039496165,0.0007969312107865,0.0005044050976527,0.0252377187560808,0.0348930184793835,0.0168927942459814,0.0106655377347379,0.8194960187630975,145007.82499936927,2025-12,20441
1766127600.180386,7,BTCUSDT,46229,42395,1.2910857931439348,1.5791588898575746,0.8607036422727841,0.7997534247714462,0.0011994702336495,0.0003678995470259,0.023929510376461,0.0383161327670102,0.0269486083616653,0.022146212489799,0.8956408737916489,416623.6455368007,2025-12,20441
1766131200.180386,8,BTCUSDT,19623,20174,1.142242135013819,1.1337385545694856,0.7471560009503955,0.754760852803369,0.0006783563029287,0.0007410156610171,0.0340682085110748,0.0272550057131253,0.0155847610994037,0.0076224349602148,0.7932893294432197,151473.79841110506,2025-12,20441
1766134800.180386,9,BTCUSDT,15008,14233,1.1340347056809958,0.9665475253151936,0.6894914387157995,0.7124539453601153,0.0053900004672972,0.0024052651973896,0.0318363081772563,0.0249207962850105,0.0137147733430092,0.0037823648424097,0.7428638229451048,99198.1158245761,2025-12,20441
1766138400.180386,10,BTCUSDT,19061,17599,1.2200286564719884,1.019101909611265,0.7274130510240334,0.7382537746015349,0.0012466487984699,0.0014706261049843,0.0318448981467856,0.031083071890713,0.0198738129279055,0.0111883427179583,0.7814076085059909,140937.8366999308,2025-12,20441
1766142000.180386,11,BTCUSDT,15266,15262,1.0133580934808093,1.053880688418811,0.7201010765151186,0.7042398139999182,0.0014177515980453,0.0012066356283608,0.0312999210409537,0.0338262948281896,0.0120174390733411,0.0084302347764416,0.7579217299315322,107125.46447053037,2025-12,20441
1766145600.180386,12,BTCUSDT,24469,26610,1.0370830718985895,1.312947680986504,0.8001615810648359,0.788871420957468,0.0006163524089339,0.00051414360053,0.0326724381568212,0.0215588673106313,0.0171376857812951,0.0138437473180168,0.841135802989542,214946.89192100777,2025-12,20441
1766149200.180386,13,BTCUSDT,24360,19968,1.0647324661258302,1.111773216741389,0.7956093857653777,0.75111809899495,0.0007999860926432,0.0005658362722346,0.0348311000506755,0.0250359944020282,0.0165587063407985,0.0138425982456002,0.8347116920950548,183121.5777764531,2025-12,20441
1766152800.180386,14,BTCUSDT,59032,58131,1.0727469768017408,1.1014114721292665,0.8680649263694121,0.868914173517691,0.0005211985655144,0.000631053722846,0.0426333608455037,0.0354117787989813,0.029858234636539,0.0261214284497663,0.936197950905328,549804.6424010979,2025-12,20441
1766156400.180386,15,BTCUSDT,76216,81075,1.5121323244364473,1.4148905851789024,0.8752522815075477,0.8741104605221167,0.0007684114692984,0.0004285686416831,0.0297652191011,0.0392443803615452,0.0261172419420097,0.01988126329983,0.9329226598112376,769788.1622192868,2025-12,20441
1766160000.180386,16,BTCUSDT,40529,42333,1.2999799439024835,1.5490019347184183,0.8350710602487051,0.8333057656428666,0.0004080070560718,0.0004514793131917,0.0344879623428859,0.0191508903459243,0.0143579515344335,0.0156200707791819,0.8786269930440853,378113.4908914911,2025-12,20441
1766163600.180386,17,BTCUSDT,52708,56234,1.5547539220596454,1.187743685136384,0.8305751324155531,0.8668605501888693,0.0004353129726596,0.0004027320148593,0.0346044717702279,0.0316383794193726,0.023604290898905,0.0216150676349082,0.9102442584188524,520823.5300351783,2025-12,20441
1766167200.180386,18,BTCUSDT,29725,25925,1.2002865695227445,0.9383517918946463,0.8054000664151191,0.8218580814721699,0.0005604583370675,0.0004810589374894,0.0393100238282296,0.0331209195965123,0.0125615911416272,0.0135718719296567,0.8643623239483036,236449.23942209393,2025-12,20441
1766170800.180386,19,BTCUSDT,32482,28107,1.3796642784389626,0.9415824781950496,0.8239130361319542,0.7957834097338292,0.0005106111967678,0.0005448325350105,0.0201394199094515,0.0507786817474466,0.0267171197300889,0.0056814229221694,0.8583878462174772,267592.9253838591,2025-12,20441
1766174400.180386,20,BTCUSDT,33614,30195,1.10690400480776,1.119647508048596,0.8478516904795507,0.8113674663145912,0.0006717376180867,0.0005736610048591,0.0196202536009581,0.0328110450822581,0.0190018979834739,0.0185189200544582,0.8784364303604175,291117.39435841766,2025-12,20441
1766178000.180386,21,BTCUSDT,13669,13981,0.9078362005213032,0.8186846004571264,0.7258123397876285,0.7448603292502299,0.0006802813722523,0.0006173326476522,0.0255575860586071,0.0321894260917288,0.0111566190652401,0.0087813970495427,0.7808265562261634,100324.07018932694,2025-12,20441
1766181600.180386,22,BTCUSDT,19343,12595,1.0451043194187533,0.6991682503197952,0.7712752907684126,0.7415880407334547,0.0046962496003684,0.0003759336249911,0.0297999282411725,0.0318486907664041,0.013733374382208,0.0043784713190543,0.8039470924532796,125079.45976786054,2025-12,20441
1766185200.180386,23,BTCUSDT,6946,6656,0.6874820453456797,0.6691047583476504,0.5545293858980409,0.5933141223723368,0.0047244516645362,0.0040543466730964,0.0789079599229361,0.0294117519322912,0.0098234886727835,0.0069368046877775,0.6418141451436912,30765.18457401256,2025-12,20441
1766188800.180386,0,BTCUSDT,9979,8072,0.8517021661396814,0.5790326268142812,0.6275586137220568,0.7082340787675595,0.0004775719022028,0.0005794843882609,0.0525999087692089,0.0196973146592961,0.0099722958627212,0.0156059716906612,0.7312423415666223,55243.681691662496,2025-12,20442
1766192400.180386,1,BTCUSDT,7054,6269,0.7206293695997517,0.8712189631572319,0.5287486635472756,0.4720976655825769,0.0032958594750871,0.0042836589136679,0.1000350505358302,0.0233620704215763,0.0010575932676905,0.000401045121981,0.6289365094878853,24241.70802554863,2025-12,20442
1766196000.180386,2,BTCUSDT,9737,5882,0.802943393084434,0.7192380218579402,0.6435400794078747,0.5138853618936325,0.0031790528281281,0.0031739136176577,0.0554175156670581,0.0265901439674493,0.0087361375142529,0.0041743070083284,0.6995081452498714,42048.06381592482,2025-12,20442
1766199600.180386,3,BTCUSDT,5742,4565,0.7222637416367393,0.6405982415844599,0.4329202895208345,0.4689958381269746,0.0032284799341244,0.0035513215435109,0.1101160582869573,0.021669887819848,0.0003867077976271,0.0013124077347936,0.5433699697921823,14461.2612073359,2025-12,20442
1766203200.180386,4,BTCUSDT,6684,5773,0.8358402957468754,0.6429071549009638,0.4603476387108356,0.5434548044752977,0.0073529973954582,0.0012575570864325,0.0804643060863175,0.0278485971051619,0.0173639029123935,0.0078233527406096,0.577432522360009,23862.994500417863,2025-12,20442
1766206800.180386,5,BTCUSDT,10484,8478,0.8969146784444451,0.6685100336407366,0.6529056914914954,0.6575802747032701,0.0006294894716971,0.0005671283239247,0.0225273071952936,0.035013025829367,0.0175205671418665,0.0190595153864633,0.7047458215151367,59563.23929443444,2025-12,20442
1766210400.180386,6,BTCUSDT,5390,5912,0.6321008286094286,0.6298260736152673,0.4708862001427739,0.5890817026574752,0.0035235580482485,0.0015201972635445,0.0904024803993681,0.0155976206076559,0.0100144923788826,0.0135116604586723,0.6089491519481742,23189.248951383863,2025-12,20442
1766214000.180386,7,BTCUSDT,5693,6734,0.6194025339912668,0.7332391413523269,0.5280592653217269,0.5928378557575147,0.008486274251428,0.0031771961454363,0.073959524940115,0.0092774812236622,0.0005210823098453,0.0036525146212714,0.6099105303552541,28245.632390375315,2025-12,20442
1766217600.180386,8,BTCUSDT,6501,8058,0.6934842929703968,0.9951531400618572,0.5530790836811424,0.5213404002369076,0.0053312844597806,0.0008085909074842,0.0581460432580628,0.0276298105541994,0.0031038942575218,0.0019585050210459,0.6115978211637841,30781.86640341075,2025-12,20442
1766221200.180386,9,BTCUSDT,4944,6042,0.6164676203227378,0.8334632046728243,0.3690439853186911,0.4674324544035309,0.0051652432320377,0.0005876991276345,0.1661704562976416,0.0224032327227824,0.0122192036838957,0.0118605936332036,0.539566042986402,14781.548158446156,2025-12,20442
1766224800.180386,10,BTCUSDT,5141,8302,0.7437342903094238,1.11620405711046,0.3825605459526296,0.4868068811297819,0.0094430742419437,0.0011480443142996,0.0822598295786062,0.0167971547219486,0.0098476511458081,0.0074921551312067,0.5075085314052636,22228.53356502379,2025-12,20442
1766228400.180386,11,BTCUSDT,6984,6053,0.889018742185748,0.8628704517238757,0.4849898409240774,0.4544700298939208,0.0041181322362636,0.0034022564688648,0.0451527153684394,0.0180817068059525,0.0093331408801627,0.0072414251083341,0.5325296206314731,23395.0521884486,2025-12,20442
1766232000.180386,12,BTCUSDT,5394,6296,0.8488336929053363,0.9559343564222376,0.3208189097711147,0.3882781300805532,0.0042820986765294,0.0041547601379943,0.0999118463087471,0.0536980538488404,0.0095521985653192,0.0070530838612165,0.4477209590134149,10588.229715314374,2025-12,20442
1766235600.180386,13,BTCUSDT,13965,16777,0.9639157315338516,1.0843555983301936,0.7052031647678579,0.7102636793760874,0.0019410130022325,0.0012405252185122,0.0231273119868914,0.0454083015440718,0.0082299435585772,0.0182562290099474,0.7616274893789132,116186.70641132726,2025-12,20442
1766239200.180386,14,BTCUSDT,8564,10449,0.8037614447624335,1.1250503314259197,0.6249256306462567,0.5690619859788859,0.0007471095743854,0.0009905436907573,0.0243233440035635,0.0339348409849056,0.0112803099824303,0.0104510631297317,0.6520541232428327,52481.89239950672,2025-12,20442
1766242800.180386,15,BTCUSDT,7069,8685,0.8992887097210817,0.8881946776036735,0.4702543659212648,0.5840023320496581,0.001034153893454,0.0006388983347837,0.0596363235932882,0.0417351467410417,0.0073043357961184,0.008296934384985,0.6265086742283018,36033.73292275053,2025-12,20442
1766246400.180386,16,BTCUSDT,6057,5913,0.6907044198877214,0.9024134053129984,0.3048331462684803,0.39642326440364,0.0061958502994017,0.0013021059625004,0.2825107898814386,0.046308083282583,0.0016230719421194,0.0003325501470696,0.5874322648852148,11016.29498491262,2025-12,20442
1766250000.180386,17,BTCUSDT,6740,7190,0.9610853180375782,0.9960965390371336,0.3718500927448662,0.4208913960568193,0.0046575905735787,0.0041870219937465,0.1106442597850277,0.0661288862394277,0.0114826815224035,0.0002556206318195,0.4935223884831953,17277.049274561366,2025-12,20442
1766253600.180386,18,BTCUSDT,7377,5825,1.1411307355735034,0.8548030816007287,0.399878163554181,0.372101201830473,0.008000559778225,0.0035453032467639,0.0405505549329498,0.0549672257598124,0.0263898239361036,3.83899243036292e-05,0.4467049971780885,19783.279356593725,2025-12,20442
1766257200.180386,19,BTCUSDT,5406,6362,0.883766462461687,0.9953457446457163,0.2790938232906276,0.3767122928974812,0.0013365957255488,0.0064741057955373,0.1061501956759323,0.0586153599848004,0.0008153822950336,0.0156934420117405,0.4362626846979438,9114.144588113291,2025-12,20442
1766260800.180386,20,BTCUSDT,5522,4359,0.7453373663354017,0.7984204234905052,0.3111684457891873,0.2468470171322829,0.002450023382351,0.0048081958206527,0.1994158362293112,0.0771169760837015,0.0108451687581723,6.635709049776788e-05,0.5109309108145728,4734.881148669296,2025-12,20442
1766264400.180386,21,BTCUSDT,7038,5701,0.9448973973260668,0.7987076767618247,0.4243898276802185,0.4242008784146667,0.0045519053305221,0.0011822110335441,0.0795747932388597,0.0502480384022422,0.0121702476806299,0.0136566140331027,0.510792210731247,18330.040846943673,2025-12,20442
1766268000.180386,22,BTCUSDT,7546,5509,0.8981432030526875,0.7505514798744367,0.4796839710378857,0.4519556217517491,0.004285773423696,0.0028217738531155,0.0882156607801784,0.0440076890869382,0.0054340385853517,0.0016766313142231,0.568502391764961,22166.680042557084,2025-12,20442
1766271600.180386,23,BTCUSDT,6813,6278,0.7511255889565329,0.9877038522538596,0.5103320698145482,0.3864956796091721,0.0071542352029328,0.0014408623971039,0.0854901250818923,0.0366600316355965,0.0021248102001267,0.0071735559925012,0.5962838966071745,21244.894153912584,2025-12,20442
1766275200.180386,0,BTCUSDT,6810,5259,0.7486558188794692,0.8740036250196307,0.3904096856146857,0.3582252851933075,0.0010436547159552,0.0042226062329218,0.2037797486435791,0.0259199593751889,0.0132485572058574,0.0091251972082525,0.5950937763452431,13755.087663412676,2025-12,20443
1766278800.180386,1,BTCUSDT,6438,8189,0.7551513844890277,0.6939572735111343,0.4376428234899594,0.6621921943236997,0.002910560930582,0.0043172866521449,0.1116943064103834,0.0172490142667444,0.0165036960072479,0.0169552114841943,0.6825416275097761,38549.19167185702,2025-12,20443
1766282400.180386,2,BTCUSDT,11449,10380,1.0353163807652708,0.7144834051603682,0.5769612583678755,0.7187254305101017,0.0004809788853956,0.0016990486804814,0.0861349261355899,0.0258776534152528,0.0052126813404887,0.0109651313181106,0.7454783406715402,65595.92941386938,2025-12,20443
1766286000.180386,3,BTCUSDT,7991,4580,0.8226887058003008,0.5076804744338693,0.540305975618776,0.5566269506101363,0.0015546377645648,0.0005672728327632,0.085975597158442,0.0269304249164419,0.0091944213127008,0.0012440394600836,0.6267325243861291,26849.748593920747,2025-12,20443
1766289600.180386,4,BTCUSDT,5493,4015,0.601928080833381,0.4642248955503796,0.425620701191565,0.5511449434160844,0.0037890958571149,0.0055551531536151,0.1685832598269532,0.0198292480326335,0.0063287638493919,0.0087042505387595,0.5992977624364408,14558.83889984592,2025-12,20443
1766293200.180386,5,BTCUSDT,5318,3786,0.6231732150166693,0.5642882901386869,0.3992593947323125,0.4334293807632045,0.0034537987199967,0.0030202348514895,0.1696751911016621,0.0089044241058381,0.0115334490924617,0.0103227033117011,0.5704949181044254,10457.846026954816,2025-12,20443
1766296800.180386,6,BTCUSDT,4956,4474,0.6634019629400133,0.6835376525876852,0.3693785962587412,0.4182997351910927,0.0076339675686947,0.006665614008972,0.132655690196582,0.0165823827265588,0.0056538777729887,0.0113946512735216,0.5054357013816942,9840.01586952536,2025-12,20443
1766300400.180386,7,BTCUSDT,5420,4283,0.7036282024973125,0.717139184033691,0.4044503016041107,0.3247490594239768,0.008105027548037,0.002509121001982,0.1219787144187028,0.0530990247134304,0.0069772632027929,0.0059199682897824,0.5272797724912945,9083.695147362743,2025-12,20443
1766304000.180386,8,BTCUSDT,16367,11934,0.8629641898546324,0.9316642052843374,0.7572620665580694,0.6478542321955504,0.001385254240831,0.0010241566883879,0.0433815405267854,0.0322983206907099,0.0256654855103699,0.0109397861590309,0.8032722164793173,103527.2947952374,2025-12,20443
1766307600.180386,9,BTCUSDT,20519,15873,1.0308213019138903,0.9726776632315212,0.7763403859490756,0.7043608020138135,0.0007342347910543,0.000495124964393,0.0302971135122328,0.0404133892877588,0.0271054390484442,0.0173773603484193,0.8138415423847278,140742.97659469943,2025-12,20443
1766311200.180386,10,BTCUSDT,11076,12993,0.8411463496646344,0.868431817947166,0.6739058632045344,0.7159277037725746,0.0027622585278458,0.0039470042683859,0.0439904968083602,0.0310366798319349,0.0138387243702486,0.003166642408239,0.7505778516806406,81561.88275391534,2025-12,20443
1766314800.180386,11,BTCUSDT,6655,6387,0.7848346153188227,0.7045539367869956,0.4906412203844069,0.5586413556192479,0.000553004778034,0.0006998681925698,0.0749537031928886,0.0265130087524318,0.0169746567875778,0.0096555743549934,0.5920224553436462,26489.73788033933,2025-12,20443
1766318400.180386,12,BTCUSDT,11319,12735,0.8535996288909656,0.8055228832838381,0.6688545265090025,0.7071273040622487,0.0015025165208882,0.0003384121700907,0.0401604636421654,0.0484251162484362,0.0152943545418534,0.0140004166316767,0.7602529840925095,78639.2076668879,2025-12,20443
1766322000.180386,13,BTCUSDT,27045,37085,1.1332414322629938,0.9602825871246896,0.7685452560681452,0.854922314305704,0.0005661816895453,0.0004889121761115,0.0464912624203868,0.0349215393587218,0.02721522591921,0.0227014705684971,0.897643015906708,285350.21354036115,2025-12,20443
1766325600.180386,14,BTCUSDT,19324,18541,0.9274874062492796,0.8162214731408539,0.7768850508384877,0.7899109480454217,0.0013515034628196,0.0001555620746827,0.0335440879087973,0.0374922480406009,0.0174727877023095,0.0144217120811825,0.8375289723836279,154902.06651280035,2025-12,20443
1766329200.180386,15,BTCUSDT,12027,13421,0.7857003397804468,0.7634602787573975,0.7293121870874001,0.7627476493903208,0.0004022724034436,0.0003380906552892,0.0243637525485706,0.0200226862431123,0.0121527890461496,0.0097273765756849,0.7866077379626405,96066.57089768891,2025-12,20443
1766332800.180386,16,BTCUSDT,11711,10939,0.929828658610039,0.8658585416556015,0.6696194868978377,0.6811910741650538,0.0011906030201353,0.0006523101357241,0.0401814568043028,0.0239750833215776,0.0076993009420693,0.0059290977936618,0.7154759466834323,74081.13099753884,2025-12,20443
1766336400.180386,17,BTCUSDT,9348,10613,0.8644005898137666,0.7830470456896261,0.6286183318695029,0.6884703959500003,0.0009153861592722,0.0005231205580896,0.0328081162977091,0.0273170467772748,0.0166758685556778,0.0035297300031013,0.7170687471985968,64971.79887703597,2025-12,20443
1766340000.180386,18,BTCUSDT,10441,11595,0.7898991179819449,0.7432941732644706,0.6844743405821114,0.7337521715247078,0.0006854947396082,0.0004290704808752,0.0328510526915175,0.0256535318119365,0.0106502456860384,0.0072021954302614,0.7613697690751957,78712.49441251147,2025-12,20443
1766343600.180386,19,BTCUSDT,9799,9361,0.7504804885650235,0.6910597159913976,0.6755985016782786,0.6957823292177541,0.0026677946917537,0.0003312171136847,0.0371374470440786,0.0246403663869427,0.013421847581513,0.0115422975676647,0.7309254757650184,64039.33019953941,2025-12,20443
1766347200.180386,20,BTCUSDT,5160,5769,0.6688208688297624,0.6005089335385413,0.4181796906385505,0.5978122878592459,0.0038001762999396,0.0033908760050749,0.1095463270358196,0.0212829354507555,0.0029211431892027,0.0016390382993644,0.6194637484604869,20762.477817542655,2025-12,20443
1766350800.180386,21,BTCUSDT,6034,6393,0.7338423436827944,0.6514932887206271,0.4782318056865238,0.5789606442498966,0.001923494960138,0.0044106974724418,0.0736547773471384,0.0498405871217598,0.0027715318202215,0.0019468113718443,0.6291873681262128,25683.860833521685,2025-12,20443
1766354400.180386,22,BTCUSDT,10214,7126,0.8656080370849542,0.6149572592859784,0.6455215540683159,0.6320660554746709,0.002168160644988,0.0032907571378392,0.0454259203294848,0.0386311896967953,0.0127812288741808,0.0028423654753614,0.6947580831186888,50402.51248521343,2025-12,20443
1766358000.180386,23,BTCUSDT,15059,13414,0.7509260389748125,0.5769678108097647,0.7603481128420956,0.7835309013479136,0.0007445646272484,0.0003312355535063,0.0447863414257357,0.0314057650261675,0.0251032473911636,0.0166725886863974,0.8315653650829863,112454.07064227518,2025-12,20443
1766361600.180386,0,BTCUSDT,41397,41548,1.2245644950219197,0.8365072880910872,0.8273108035411795,0.8566083496905047,0.0010319972454895,0.0001222278290756,0.0479785163257718,0.0472981928495659,0.0223372818597779,0.0241612908561089,0.9173868621687852,386120.54415219254,2025-12,20444
1766365200.180386,1,BTCUSDT,24114,23588,1.0005715082248638,0.7198730749052085,0.802152790041379,0.8455630415386528,0.0004472514183827,0.0002681001972429,0.0360414244116273,0.025158305044112,0.0106337851202799,0.0144728057854138,0.8751422698505595,215124.9873378671,2025-12,20444
1766368800.180386,2,BTCUSDT,26122,29407,0.8675983853733364,0.7194473942063212,0.7995364212045147,0.8622524943449456,0.000564448110775,0.0004505599836335,0.048288155178898,0.0305922454000678,0.0211693901812361,0.0256512295982708,0.9031065339821632,255902.44501633084,2025-12,20444
1766372400.180386,3,BTCUSDT,17244,15018,0.8762294536270597,0.943413760808206,0.7774185554120965,0.753906979195223,0.0006610139111556,0.0005153206843939,0.0279383499477084,0.0102209847470526,0.0106690417234367,0.0100599517195784,0.8080828465430892,131041.97537264784,2025-12,20444
1766376000.180386,4,BTCUSDT,15065,14148,0.975252706663826,1.0959573071447282,0.7259426540828532,0.6977652542101993,0.0022868518452185,0.0005594746682831,0.0373223863946694,0.0141120374592399,0.006941108502142,0.0032237054316058,0.7639356538902273,104393.38213204106,2025-12,20444
1766379600.180386,5,BTCUSDT,10520,11029,0.8523706211360559,1.0349025139628802,0.649965504034464,0.6330974014810615,0.0006165833154603,0.000587809485467,0.0435040632929873,0.0154477873120647,0.0126586914495234,0.0136141736393499,0.6973338889355156,64468.99341044658,2025-12,20444
1766383200.180386,6,BTCUSDT,11067,10726,0.8848364648375391,0.7893213599505309,0.6592591673580812,0.6920730716244808,0.0005524121251011,0.0008358279887185,0.0484725392338211,0.0266771693958744,0.0158800678335815,0.0039783055880978,0.723703295668756,68673.52651456196,2025-12,20444
1766386800.180386,7,BTCUSDT,18162,13893,1.763323368995997,1.7718002413983778,0.5861224139431961,0.5148851079219959,0.0019690652600898,0.0005324780753336,0.0468788562039386,0.0082435700022178,0.0141449052240882,0.0147294467159262,0.635195761147915,85411.6615869601,2025-12,20444
1766390400.180386,8,BTCUSDT,31890,27465,1.489051402122139,1.3115476603831293,0.7865525673171833,0.7594687681215408,0.0010695944316414,0.0008299993582124,0.0304642759491274,0.0279911069828733,0.0380470638896929,0.0136229218702377,0.8302339583603987,251296.73187863745,2025-12,20444
1766394000.180386,9,BTCUSDT,16717,16329,0.973232751587015,1.1401594011075702,0.7407821510572006,0.6994065040006968,0.000581202605123,0.0007180246842039,0.0408462391354845,0.0235028314900468,0.0216012871817839,0.0076192894494236,0.7846250713941982,119228.1282546547,2025-12,20444
1766397600.180386,10,BTCUSDT,11557,13625,0.8705027109138828,0.9743566560238244,0.6703085184477459,0.6994597435596845,0.0066070821513595,0.0007827749821793,0.0490098933176965,0.030941666102696,0.0055300558044962,0.0060524022545268,0.735521416220664,84281.94069304627,2025-12,20444
1766401200.180386,11,BTCUSDT,19525,21154,1.044654224328908,1.0881608125076574,0.7501575857775502,0.7369121024359943,0.0017753775385445,0.0001683183515738,0.0342745175460569,0.045167137852196,0.0331588093403801,0.02025842856871,0.8099947029281656,158245.66974527534,2025-12,20444
1766404800.180386,12,BTCUSDT,28546,26642,1.2313534277973122,1.2752215401037983,0.8029689200853423,0.7565153040928067,0.001800891391008,0.0003742671137488,0.0242346109701394,0.0341937603716666,0.0291225239477029,0.0197549624395022,0.8398662645807943,233782.27680217216,2025-12,20444
1766408400.180386,13,BTCUSDT,18440,25074,1.0626074960227352,1.2673844719587744,0.7440056213160056,0.7889556193718468,0.0041129191163505,0.0002319774494466,0.0298754693202274,0.02040362022113,0.0108812430460348,0.014309277139813,0.8147006480537706,174525.11890164908,2025-12,20444
1766412000.180386,14,BTCUSDT,43656,47902,1.218791151377821,1.389121329926832,0.8526322523652168,0.8456574485724531,0.0006062348678798,0.000620128528558,0.0271688551080583,0.0291060560576039,0.0215353903752529,0.0184892376188044,0.8980056451761944,425518.3201468631,2025-12,20444
1766415600.180386,15,BTCUSDT,50813,57336,1.211218566586998,1.5453558007277042,0.8563369810491931,0.8598867441688895,0.0002909690513861,0.0003658380389951,0.0290549406161943,0.0199252575723284,0.0181613511116269,0.0264357982810491,0.905014820754752,507651.5444465602,2025-12,20444
1766419200.180386,16,BTCUSDT,26463,30507,1.3037072524591764,1.261836916236441,0.7881611785352676,0.8088312982419643,0.0003124056504858,0.0006286061590219,0.0229306650672659,0.027545759968152,0.0154367346466932,0.0124891861026006,0.8428767984675679,242890.6704155592,2025-12,20444
1766422800.180386,17,BTCUSDT,22545,27187,1.0618300258481592,1.1470839092009577,0.7800619809829022,0.817479749215919,0.0004554793795307,0.0004554638944174,0.0275878282782186,0.0179899691411396,0.0149499892662197,0.0174600426546511,0.8432273342760566,215602.63526748223,2025-12,20444
1766426400.180386,18,BTCUSDT,15565,16658,0.7303089261761451,0.7988563017686929,0.791866248286596,0.7815413586030542,0.0004651374171455,0.0005148812932106,0.0258279881348011,0.0316041202416478,0.0134899205869684,0.0157331366110146,0.8306486077845963,129749.1924772147,2025-12,20444
1766430000.180386,19,BTCUSDT,30304,36634,1.457445559615556,1.0939230109262224,0.7538851525684804,0.856289665668679,0.0003621067634307,0.0009032720998005,0.0307732693215932,0.0249038926258751,0.014663522145847,0.0329176616465473,0.8861982994095926,294504.83786288614,2025-12,20444
1766433600.180386,20,BTCUSDT,30539,23070,1.2696729255021135,0.8498181893940241,0.8112556095036484,0.8123998411125919,0.0004724711402814,0.0005365712514484,0.0215723216191766,0.0399343396169808,0.0136841127581284,0.0215508431606598,0.8627752575359221,227120.09738911228,2025-12,20444
1766437200.180386,21,BTCUSDT,12841,12256,0.8554654565587384,0.6641800556030361,0.6931148908497782,0.7748153495964076,0.0009040028716149,0.0006563721795207,0.0502569285968629,0.0197533810714168,0.012350704833162,0.0172577373221886,0.7988488161006632,88108.94217608927,2025-12,20444
1766440800.180386,22,BTCUSDT,18512,15170,0.9771013190152384,0.640840098584423,0.7775263935551243,0.7960050963355887,0.003365428620942,0.0008105397119699,0.0239168075567102,0.0321398095700949,0.0105721495139506,0.021424692454197,0.836888182715132,137516.45902549903,2025-12,20444
1766444400.180386,23,BTCUSDT,10857,11303,0.9893066101645832,0.6014929502966311,0.6135724392686135,0.7522622610235727,0.012749163013678,0.0052280673785936,0.0365814951464414,0.0284483836575305,0.0173397680235401,0.0159781421023437,0.7854275452694918,68865.69242220506,2025-12,20444
1766448000.180386,0,BTCUSDT,13526,11397,1.045893300312989,0.5967241156818998,0.6686920166843343,0.7652666427153446,0.0005753998132135,0.0006844065100065,0.0428850941520267,0.0239998934891216,0.0153477377215519,0.0107822180426257,0.7915496285106837,85375.53940973764,2025-12,20445
1766451600.180386,1,BTCUSDT,11707,11795,0.9167942737625848,0.7262435315107606,0.6387844627478433,0.7553330537532648,0.0009753072258776,0.0012594687678667,0.0638448872534021,0.0130634681588056,0.0055851362595129,0.0159945153370142,0.770074822665935,76594.8055793576,2025-12,20445
1766455200.180386,2,BTCUSDT,15440,19126,0.9538502599679336,0.6232917808490371,0.7113514165803427,0.8460817524937105,0.0009999159952076,0.0019044344255953,0.0435533388629392,0.0214378771962234,0.0160384894778837,0.0163260531498823,0.8702134291187383,143363.7828568499,2025-12,20445
1766458800.180386,3,BTCUSDT,18000,16661,1.0152894930786212,0.7109970110892252,0.7295218230131739,0.8024342099051194,0.0006687103082023,0.0005485515262597,0.0469931850758996,0.0315030618354462,0.0126759150671581,0.0245592501059021,0.8392758579385483,136033.58041117943,2025-12,20445
1766462400.180386,4,BTCUSDT,11238,10756,0.8684626231806536,0.7091046244493239,0.6320049939710727,0.7166960512199796,0.0006360714538912,0.0006005982361547,0.0768554413853358,0.0352378527292598,0.0088736824217119,0.0145144238620664,0.7550461263068649,68720.79449333966,2025-12,20445
1766466000.180386,5,BTCUSDT,16050,17052,1.154663961676894,0.7621346609852937,0.6567988606936817,0.8001139143929431,0.0004192485634369,0.0005602260641265,0.0608634006691194,0.024520791436881,0.0158520438688068,0.0176271082851133,0.8273330669317086,124744.11475294,2025-12,20445
1766469600.180386,6,BTCUSDT,30209,32991,1.51475930892602,1.1926687429129716,0.7433111396817167,0.8147397681581035,0.0004278284109861,0.0004782428295587,0.0412969298614098,0.0194325547972729,0.0370262150911198,0.0319660065683954,0.8521607717939246,266525.74889940256,2025-12,20445
1766473200.180386,7,BTCUSDT,17258,13302,1.679429201324872,1.1605716484105495,0.6140276802197445,0.6489208856053672,0.0012567950618006,0.0003847333657837,0.0274586506756932,0.016628099856905,0.0137533314591222,0.010492941209356,0.6710683877314114,91277.60445292245,2025-12,20445
1766476800.180386,8,BTCUSDT,14830,12818,2.0107021863088117,1.5605686937549148,0.4661323607508503,0.5245624369109405,0.000697262418377,0.000302558012334,0.0215565866075157,0.0110302705539583,0.0221259031743631,0.028515050914396,0.5467321599398743,59994.49136250734,2025-12,20445
1766480400.180386,9,BTCUSDT,15427,12788,1.6327366321690464,1.1531207915799062,0.5702521824055152,0.6318284628911899,0.0006301146538978,0.0006258717725197,0.032583251434657,0.0239430082812659,0.0153366544571554,0.0174990918131033,0.660766972983672,80140.1041269649,2025-12,20445
1766484000.180386,10,BTCUSDT,11025,10007,1.560233974737114,1.3168563026716589,0.4430633983602924,0.487030514153955,0.0056997760116299,0.0008838326646723,0.0360592618676199,0.0262253295585938,0.0057499296068292,0.0114601164314821,0.5169883658220077,40980.27551414696,2025-12,20445
1766487600.180386,11,BTCUSDT,16198,13195,1.824829669543267,1.5811631718804922,0.5667201675496862,0.5196666512034364,0.0006661679542664,0.0006587030394609,0.0149127809210947,0.0274870918097181,0.0166474060367126,0.0154302617322759,0.5883883740657898,77260.21558375025,2025-12,20445
1766491200.180386,12,BTCUSDT,16800,16552,1.7270861438651846,1.7152729035179493,0.5609063662881589,0.5787770884593584,0.0005194104805296,0.0006354081040029,0.0341713100778669,0.0331177044527384,0.0155486558182107,0.0336856540759106,0.6284297098336102,93058.74307261336,2025-12,20445
1766494800.180386,13,BTCUSDT,24383,26138,1.925996023827906,1.9857361784397345,0.6316381542927682,0.6755030105485308,0.0007557094383386,0.000324185104737,0.0492534674207224,0.029160136217092,0.02200603226269,0.031438361440403,0.722175381298088,169845.1193045716,2025-12,20445
1766498400.180386,14,BTCUSDT,47221,57930,1.8205856366512152,1.9398995748372645,0.775320545715539,0.8266133785514657,0.0005068526949521,0.0005806279422417,0.0458333773287056,0.0271788979942114,0.0333653220501751,0.0345802016765309,0.8756475584663269,474416.63845689874,2025-12,20445
1766502000.180386,15,BTCUSDT,42911,42341,2.0771739774886857,1.8312091267636008,0.7802508387549466,0.7849447924265802,0.0006251233358482,0.0006266757414324,0.0289713977133542,0.0339663810159599,0.0302960989087485,0.0135434612029567,0.835552207709988,362051.4616643913,2025-12,20445
1766505600.180386,16,BTCUSDT,40895,42654,2.0136236745245557,1.9439156618223596,0.7800610218713352,0.7821809846831121,0.0008202191848334,0.0004785568427573,0.022449977843445,0.0278349230885178,0.0276253323053342,0.0189926989387976,0.830095187212424,366350.5728021271,2025-12,20445
1766509200.180386,17,BTCUSDT,26465,33450,1.534843210616101,1.5205975995152472,0.750397410405734,0.7908783254597587,0.0005122733450476,0.0003767950224889,0.0202569789408282,0.0325605365523847,0.0170492049710511,0.0154943336451552,0.828275948768314,253555.19756141823,2025-12,20445
1766512800.180386,18,BTCUSDT,30824,24460,1.1579613784460654,1.3002083309884256,0.8197070644636958,0.7665226191871938,0.0004671198500293,0.0004028030688461,0.0195974347679366,0.024337387719933,0.0147746925696558,0.0158508955981702,0.8439691538265311,241929.91292058188,2025-12,20445
1766516400.180386,19,BTCUSDT,18524,18390,1.0398038734576796,1.0512762347547724,0.7558903531327964,0.7466852567615605,0.0005752892635486,0.0004928321427082,0.0289305717245701,0.0317802586595399,0.0162737310287655,0.0136604535300878,0.7974092216862176,141687.38214067408,2025-12,20445
1766520000.180386,20,BTCUSDT,30985,24538,0.9094353492994776,0.8745320797627614,0.8573841932692043,0.8194296461933989,0.0008393179962421,0.0004174643199449,0.0278813114430484,0.0419281153137124,0.0119831346070417,0.0143954651330432,0.8915553479758346,255763.6053975976,2025-12,20445
1766523600.180386,21,BTCUSDT,16736,14220,0.7900581116490681,0.8068639060369928,0.7903620361386213,0.7632861383789888,0.00058457770389,0.00051413827801,0.0328857337365688,0.0212702747794556,0.0084785550556075,0.0102925462201747,0.8256322016739857,126356.3667849844,2025-12,20445
1766527200.180386,22,BTCUSDT,21928,20189,1.08704529663603,0.8027824209673643,0.7899135315338586,0.8036111842640494,0.00068518967039,0.0005479372222304,0.0208510249136147,0.0212150073064374,0.0157537901248306,0.0115616811037172,0.8335593254987329,184502.6631092947,2025-12,20445
1766530800.180386,23,BTCUSDT,17322,16003,0.8513338561424063,0.7300988472431723,0.78487490066508,0.780138572342634,0.0003956196429256,0.0010571236501268,0.0297123242596729,0.0320687308265704,0.0199743592407881,0.0089224500069434,0.8277045947397956,138480.1296665,2025-12,20445
1766534400.180386,0,BTCUSDT,15287,11889,0.942482923237836,0.6901242080744644,0.7424224553510373,0.750097056316645,0.000613839570602,0.0004624062576857,0.0291788273772065,0.0266507526042878,0.0100134563890045,0.0074957751335864,0.7837241862318651,104781.41843150124,2025-12,20446
1766538000.180386,1,BTCUSDT,15739,12941,0.9147630851660143,0.7327398088851699,0.7554090286631948,0.7508274983057787,0.0010619649657375,0.0006576812663039,0.0305840148843523,0.0279283831545532,0.0114837901480413,0.0079660252713634,0.7933874112082523,111418.7546315728,2025-12,20446
1766541600.180386,2,BTCUSDT,18348,20161,1.0397220387060615,0.898728194813314,0.746761062444317,0.7992538367947911,0.0007794265126331,0.0008982321873398,0.0307192735914612,0.0303170639816001,0.0078658822214253,0.0136330570832432,0.8318802338292764,161606.98969939028,2025-12,20446
1766545200.180386,3,BTCUSDT,16048,12995,1.2363564023373983,1.1559610572843912,0.687468673728486,0.618234941308149,0.000427527797492,0.0008728489206788,0.0210083868524686,0.0427860223169576,0.014595247688192,0.0178599503661288,0.7138082433811427,93004.065342891,2025-12,20446
1766548800.180386,4,BTCUSDT,13800,9952,1.1845031567240991,0.92661569550528,0.6507555511640709,0.6104961548921664,0.0007340801832533,0.0004175521356662,0.0315193252513183,0.0451773056869554,0.0059881570654643,0.0132909892454214,0.6853772443862782,69556.74055185291,2025-12,20446
1766552400.180386,5,BTCUSDT,16110,13974,1.4083622675273333,1.2383296747532575,0.6131192934725935,0.6137482799725495,0.000845498409258,0.0004633335561369,0.0427201122111698,0.0454857489971794,0.0177110337247944,0.032758155004635,0.6824235911125882,90403.51926823346,2025-12,20446
1766556000.180386,6,BTCUSDT,14636,11657,1.6261722415464086,1.406333256982781,0.5721685829455254,0.5080200876010207,0.000812634585185,0.0005520885721925,0.0159292474717807,0.0357025321586716,0.0164216299166336,0.0131080594117922,0.5928863707308418,65890.72752333718,2025-12,20446
1766559600.180386,7,BTCUSDT,13849,10375,1.8934828153107872,1.528480421435502,0.4325975748047734,0.4033423296718614,0.0007648543417888,0.0006413440280621,0.0616269960913741,0.0467938134970837,0.0140752472082435,0.0173941154133913,0.4996320494116484,41452.53346778483,2025-12,20446
1766563200.180386,8,BTCUSDT,13672,13165,1.582691151273072,1.50474077933067,0.5279019424858304,0.5442170180233242,0.0005633089300464,0.0008193903441183,0.0352420509075711,0.0257441810826457,0.0165740184809855,0.0211106198921869,0.5862361004849259,65287.65538601232,2025-12,20446
1766566800.180386,9,BTCUSDT,10320,10414,1.5394916514841692,1.3487464878473252,0.4095666628224043,0.4795523736729905,0.0005790068564574,0.0004763831316294,0.0328987241809054,0.024822481162442,0.0254555509869505,0.0202019901161795,0.5121053617256764,37373.83105216067,2025-12,20446
1766570400.180386,10,BTCUSDT,13387,10863,1.5697345470428117,1.5392820529515767,0.5370189513120431,0.417188622639326,0.0006464954090254,0.0005266104876621,0.0296714334917117,0.0529048980730724,0.0150401924058782,0.0128296115544072,0.568812716572516,50496.30635956117,2025-12,20446
1766574000.180386,11,BTCUSDT,11936,12730,1.5131033053252618,1.8037908569950891,0.509470513552918,0.4488481278270992,0.0011195145638522,0.000414370573021,0.0275003019372592,0.0273411411946473,0.0126313850845028,0.006589236138759,0.5385159936406275,53180.714322196814,2025-12,20446
1766577600.180386,12,BTCUSDT,13543,11945,1.7002707750706685,1.775983894563831,0.484469940307312,0.3962928713653084,0.000490926828866,0.0004266042403126,0.0513294599374594,0.0357543510567983,0.0278767183915848,0.0132408786730395,0.5394106333726131,48841.992896348165,2025-12,20446
1766581200.180386,13,BTCUSDT,12825,14242,1.5610840075423478,1.6038985185477082,0.495411379275181,0.5621934218975576,0.000909524671109,0.0003260980419568,0.0414349935375053,0.018333690560319,0.014722723800204,0.0197287535313941,0.5868026487533076,66251.16041115932,2025-12,20446
1766584800.180386,14,BTCUSDT,38532,37890,1.794834971369632,1.8472979178256783,0.760666015036955,0.7788207198972499,0.0005502067450891,0.0005987487793828,0.0433026019410981,0.0249585102266382,0.0177534985143923,0.0296538194053436,0.8274056693051797,318312.394024054,2025-12,20446
1766588400.180386,15,BTCUSDT,35562,33591,1.8679803955990404,1.6610754263335132,0.771727528559207,0.7825729543184897,0.0005803008141776,0.000511643042743,0.0237053787498606,0.0215838717534471,0.0160623141987515,0.0180866104105597,0.8179208221627384,287655.1762614726,2025-12,20446
1766592000.180386,16,BTCUSDT,33742,30623,1.8574546809195212,1.5922055089068352,0.7498637562845353,0.7533113584384544,0.0004434902146568,0.00056044311981,0.0417774537436121,0.0347042463405549,0.0233530727183295,0.0164928827288365,0.8100545487837253,260319.30849597373,2025-12,20446
1766595600.180386,17,BTCUSDT,21311,20190,1.4188985511595784,1.328703623621241,0.7234354185514923,0.7221137252705858,0.0007930179434671,0.0005086088348238,0.0269575982690538,0.0268259777872786,0.0125110301928485,0.0093621803241633,0.7611489330105072,152990.8161663005,2025-12,20446
1766599200.180386,18,BTCUSDT,11325,11634,0.8604212287011357,0.9322720164458314,0.6878030230914974,0.664114921750699,0.000535163998885,0.0006011063681902,0.0282479625536015,0.0315474962091309,0.0139057975227206,0.0104975535781384,0.7221108933938823,73715.36009976327,2025-12,20446
1766602800.180386,19,BTCUSDT,6775,7607,0.7592549244836109,0.941515746047382,0.5393345261441255,0.5168230850788256,0.0056411764020226,0.0007301993996027,0.0412048190965327,0.020401021121344,0.0135208218661668,0.0143023334233879,0.5863972822512987,32240.878631428117,2025-12,20446
1766606400.180386,20,BTCUSDT,6502,7695,0.8007169698585808,0.96377484493142,0.4970324971929408,0.51759985992406,0.0033626823829801,0.0031083394138911,0.0548260152525712,0.0167895764906896,0.0150766722199023,0.001698301342564,0.5559662292048613,29081.312088274193,2025-12,20446
1766610000.180386,21,BTCUSDT,6980,6743,0.7437325053770678,0.867966974790414,0.5798851751886314,0.4848216363672457,0.0035231780442825,0.0003966744311285,0.0419125324845545,0.0184256655814061,0.0219051905302822,0.0009580783418586,0.6220875854135827,30420.070844756236,2025-12,20446
1766613600.180386,22,BTCUSDT,10928,9533,0.7773632056608196,0.8969077077420822,0.7058622595338561,0.595154577162319,0.006316618755186,0.0002202729659209,0.0345140701657927,0.027551452611059,0.0293575529337557,0.0019706158231089,0.7410368351576939,63686.56403166731,2025-12,20446
1766617200.180386,23,BTCUSDT,7744,10793,0.7376468842489944,0.8051974106112224,0.5764291145564596,0.6878318569648678,0.0008856609448448,0.0007512141450254,0.0488860536947808,0.0235153650062714,0.0233769608415991,0.0221647326172788,0.7173860574184878,55596.76574621727,2025-12,20446
1766620800.180386,0,BTCUSDT,9211,10016,0.8565871505931022,0.6869003896198649,0.6118327248172638,0.7105123802424947,0.0006071151925123,0.0008376965800995,0.0421262173890678,0.031107160811243,0.0126764923715649,0.0082387272814529,0.7429740045511076,59368.436990942006,2025-12,20447
1766624400.180386,1,BTCUSDT,6743,6151,0.7721814895470015,0.636016168509789,0.5321013335877154,0.5942027563139916,0.0019984420212226,0.0025955594709472,0.0395371685316904,0.021365014131929,0.0064703921406413,0.0157857886274906,0.6188640496201279,30115.701104522617,2025-12,20447
1766628000.180386,2,BTCUSDT,8554,7099,0.9599902622202908,0.8285752691694513,0.5577054592721622,0.5222647555005452,0.0045339526351676,0.0031516744465109,0.0324384290616547,0.0280081316170879,0.0216354112031194,0.0040846102628689,0.5944322014612298,35694.72958722603,2025-12,20447
1766631600.180386,3,BTCUSDT,6607,6540,1.036727641362431,0.9208005910165268,0.3811256121884738,0.4552023114085293,0.0008770122927346,0.000762491818653,0.0392860217661803,0.0246633320238831,0.0116367140525955,0.0147778219261877,0.4829740166305825,18039.086321348033,2025-12,20447
1766635200.180386,4,BTCUSDT,7744,7063,1.2583203423618057,1.1700348288228497,0.3331202203727954,0.3661187215557012,0.0037468276896304,0.0041229581153676,0.0782657017237331,0.0289338009675849,0.0059631854067638,0.0001621403453858,0.4136261117384568,15582.47823337216,2025-12,20447
1766638800.180386,5,BTCUSDT,7484,8148,1.3165895963282603,1.425963551352292,0.324536992850848,0.3211326632628846,0.0006278196508266,0.0011971818911859,0.0365513583404087,0.0377890904321839,0.0116127593863701,0.0038645485786695,0.3679506202679864,15380.976770866531,2025-12,20447
1766642400.180386,6,BTCUSDT,8233,6967,1.455701614841451,1.312379491883891,0.2700782724833171,0.2162031502031668,0.0002992418466781,0.0004762624762497,0.0904309330394612,0.0824917865541408,0.0194942629275879,0.0028714743152665,0.3615632100421274,8473.06662334329,2025-12,20447
1766646000.180386,7,BTCUSDT,8518,10635,1.593219868283913,2.0325903464481825,0.2094435924162354,0.19601784622161,0.001335201404718,0.0002252483318192,0.1032866829701436,0.0570976852074205,0.0715936957762135,0.0109959844643421,0.3242367214001103,11062.417733181155,2025-12,20447
1766649600.180386,8,BTCUSDT,16013,17204,2.0240293703263865,1.948124415262771,0.489312449774732,0.5564988488338668,0.0005608714959845,0.000382245897942,0.0351837781660217,0.0261804763534712,0.0108832063802022,0.0178703916393716,0.5860716619031521,83685.24470178208,2025-12,20447
1766653200.180386,9,BTCUSDT,10197,9956,1.6794607051910877,1.6751621760918742,0.3555901642397049,0.3457191914215005,0.0005661128798116,0.0005096718677076,0.0420034794876578,0.0206395236260313,0.0232588208201122,0.0129423423512789,0.4057332528458159,26220.063617707812,2025-12,20447
1766656800.180386,10,BTCUSDT,11718,11300,1.7784224538298974,1.4714927675097926,0.4065970838868771,0.4857614051393255,0.0005763061366426,0.0006085081450948,0.0271443087036402,0.0269865279767869,0.0169295047387137,0.0198091708689179,0.5170389134895419,42338.921905547715,2025-12,20447
1766660400.180386,11,BTCUSDT,9687,8629,1.430196562772799,1.397554791555074,0.4144196827472608,0.381304646877486,0.0008821106860857,0.0002945416976341,0.0479990507552537,0.0257323789769733,0.0088755435819551,0.0053253689502046,0.463391803530998,27551.90982583925,2025-12,20447
1766664000.180386,12,BTCUSDT,9701,9026,1.6510901426497882,1.561613883737473,0.3391563838030534,0.3056768758100518,0.0006958232616923,0.0004804864159565,0.0401023238228889,0.0546033634316413,0.0134659320067795,0.0079052728875004,0.3842194781586909,19058.009039358934,2025-12,20447
1766667600.180386,13,BTCUSDT,12302,12975,1.8502915648069571,1.770397398562778,0.4227937867741292,0.454045198783006,0.0009929035281686,0.0005997080003219,0.0146216802825881,0.034400882702667,0.0194125617744324,0.0186652959883506,0.495243964653677,46902.28186796703,2025-12,20447
1766671200.180386,14,BTCUSDT,11014,11516,1.6244420294583155,1.65069723958494,0.4227914710415,0.4145423926039919,0.0003452332271692,0.0010559402738386,0.0279631098611505,0.0479425681843305,0.0228335308527348,0.0147809837879756,0.4766567561388307,37900.22041481122,2025-12,20447
1766674800.180386,15,BTCUSDT,34618,31749,1.820504548819183,1.982559364821718,0.7730639455649286,0.6965749445188782,0.0003651452763546,0.0004594334982284,0.0183419531722731,0.0374625322573446,0.0367220772168286,0.02042320439004,0.8026874605777153,271034.6424920979,2025-12,20447
1766678400.180386,16,BTCUSDT,15368,20900,1.474090010121065,1.8846048294613609,0.58448056838563,0.6290357404607115,0.0005490248924757,0.0005774993945452,0.041705013735463,0.0306450685459401,0.0210603989362571,0.019736026469699,0.6697556888462863,110730.10813711528,2025-12,20447
1766682000.180386,17,BTCUSDT,10559,10154,1.0892603486509804,1.0472881743503777,0.5803930923271472,0.5749223296892536,0.0006650886927227,0.0005492255794306,0.0343539370437679,0.0387169713099731,0.0147665735129577,0.0121284339580915,0.6281911695099034,54682.99664411905,2025-12,20447
1766685600.180386,18,BTCUSDT,7195,8204,0.8653974426022949,1.0161405153064236,0.5117878950100083,0.4937583479581174,0.0042616807056175,0.00137720409971,0.0514592101519799,0.0485087050871414,0.0095707244432954,0.001886634114034,0.5652145017591403,30091.625980027064,2025-12,20447
1766689200.180386,19,BTCUSDT,5045,6056,0.8328251846326487,0.8304749652649545,0.3529383165144885,0.4525497592281693,0.0042387878077001,0.0004782196307173,0.0517777133000807,0.0435405949501819,0.0082451787193903,0.0003982565031664,0.4962099457228663,13999.120268779388,2025-12,20447
1766692800.180386,20,BTCUSDT,10074,12354,1.029524241643613,0.8760958752447026,0.5599173533426183,0.7065260016330468,0.0004498803079574,0.0011458983935197,0.0492762758749297,0.0261895412933757,0.0148745329989036,0.0176403981982792,0.735003823109234,72661.31127367768,2025-12,20447
1766696400.180386,21,BTCUSDT,7037,5735,0.9614271641799504,0.7155189658980075,0.4659828678716067,0.5043912441459228,0.0009994584521494,0.0008976475991309,0.0343752909840522,0.0350855230477249,0.0086495597402733,0.0084313714089105,0.541656420076483,23818.314295031265,2025-12,20447
1766700000.180386,22,BTCUSDT,17180,18642,0.876557109380458,0.7410291522301269,0.7528081168122785,0.7938822237940887,0.0012393936768288,0.0012531476785759,0.0436315962927327,0.0510050561198318,0.0140307899335685,0.0207098475180174,0.8510307593382456,148415.88515916752,2025-12,20447
1766703600.180386,23,BTCUSDT,25007,24309,1.1228492741061495,0.716865515258781,0.7757960498372127,0.8420149500322196,0.0010707253418516,0.000996247870527,0.0313844602568661,0.0328110349178776,0.0152427868386442,0.0321662643298356,0.8820516898048412,217395.17952020987,2025-12,20447
1766707200.180386,0,BTCUSDT,19651,16645,1.167461631875509,0.6784212678501239,0.739657886878415,0.7968832035185625,0.0005064783900664,0.0005114248508525,0.0278612045639254,0.0343593187358959,0.0162131420087533,0.0232837666183844,0.8369709049767573,146488.74405099463,2025-12,20448
1766710800.180386,1,BTCUSDT,12738,9434,0.8693609927365857,0.6800453503722086,0.7021994298987728,0.700961729681875,0.0004891444322687,0.0004878169916259,0.0408534142613435,0.0286822254306687,0.0082073043442904,0.0135467539307388,0.7492712671006301,76767.47805496924,2025-12,20448
1766714400.180386,2,BTCUSDT,98668,62872,1.779984177255748,1.7156386309209308,0.8852161623393294,0.7961046155948948,0.0007311887221945,0.0006020537061612,0.0284509437512588,0.0593429905164406,0.0278744762918339,0.0275296002727553,0.9252034163586302,779187.9361551956,2025-12,20448
1766718000.180386,3,BTCUSDT,23944,29760,2.003404002473715,2.0085443106729204,0.6667463431340992,0.7060164866308664,0.0004791041095527,0.0004506113894635,0.0168938284098885,0.0361396734867221,0.0180726670499427,0.0140516979726035,0.7464402849387951,189165.91462051665,2025-12,20448
1766721600.180386,4,BTCUSDT,15657,17252,1.3211576732465826,1.4561372429183013,0.6487366938770123,0.6162093097264737,0.0005520165502418,0.000485510868597,0.0235487261084996,0.0529195529005298,0.0294131627336566,0.0207440553178785,0.6959784436171107,103040.2380142757,2025-12,20448
1766725200.180386,5,BTCUSDT,9967,11357,1.022780502414328,1.4836877515829543,0.5791405742859119,0.4782680177985508,0.0007342529680988,0.000577327351005,0.0354513361354968,0.0316616591210038,0.019392027714355,0.0132678290566153,0.6171898140909425,48738.33836122041,2025-12,20448
1766728800.180386,6,BTCUSDT,13320,12086,1.2256723949070143,1.3312374542737584,0.6144294812184401,0.5303688269877731,0.0005906748893638,0.0005766024631844,0.0410137327784959,0.0449798610404342,0.0263013172103208,0.0152519655582431,0.6604453128140488,66879.97543131134,2025-12,20448
1766732400.180386,7,BTCUSDT,27638,29580,1.682613261368587,2.1618436053544205,0.7035631125937164,0.6880854432763293,0.0006170618906854,0.0005931736424062,0.0424843726232456,0.0258312659301452,0.0256167059936045,0.0311396626412009,0.7630058546165528,218254.9590910228,2025-12,20448
1766736000.180386,8,BTCUSDT,28466,26837,3.5025894155294943,3.704514085352894,0.4836796971337478,0.4227756478264236,0.0004457667388706,0.0005670191389162,0.0301891891776129,0.049375155866098,0.0261469227459096,0.0471485034936685,0.534289182221916,127069.64296971672,2025-12,20448
1766739600.180386,9,BTCUSDT,16110,14772,2.349764056560341,2.7030091346764946,0.4154991358405172,0.3088802927727418,0.0010958613280078,0.0010333117049482,0.048583273878476,0.0080304437163279,0.0183236740224548,0.0118519439226681,0.4657634385063058,50193.73214150667,2025-12,20448
1766743200.180386,10,BTCUSDT,17090,15785,2.7850143954597684,2.591292467964792,0.3512116705230373,0.3434903064736149,0.0004639195889699,0.0005329403298688,0.0353005432174922,0.0354817603590352,0.0272360468729647,0.0284024955486705,0.4113030236280606,52417.572472674234,2025-12,20448
1766746800.180386,11,BTCUSDT,13283,14381,2.3712153879111417,2.327349576532643,0.2954617931593902,0.3643770112890505,0.0005024357406213,0.000598651975286,0.0501322265546115,0.0309138584961187,0.0238723246427593,0.0102595146898268,0.4001427719769742,37276.69855902718,2025-12,20448
1766750400.180386,12,BTCUSDT,13523,12008,1.8841933448557309,1.9063954165977592,0.4442445607479929,0.3922328587126415,0.0006121822892097,0.0007138322870783,0.0377588340333091,0.0100519114102639,0.0253024210805937,0.0165198602238387,0.4872591474013438,44436.88252623385,2025-12,20448
1766754000.180386,13,BTCUSDT,18145,14092,2.244391043616873,2.160849688910786,0.5171502692937017,0.3848689186120852,0.0013195479397253,0.000600762041561,0.0211759574787321,0.0309780186552862,0.0237996306334917,0.0206973786505192,0.5425486770729796,70448.99992624646,2025-12,20448
1766757600.180386,14,BTCUSDT,50561,55337,2.193993738378338,2.332361352715532,0.7434210790178983,0.7991636951119269,0.0002860291868074,0.0004478076805323,0.0486717038058042,0.025320996823915,0.0252839136407474,0.0434663615662832,0.8455069015062161,461390.1713420883,2025-12,20448
1766761200.180386,15,BTCUSDT,78960,75077,2.9858755027202837,2.587325613647534,0.7700317938704518,0.835168078145584,0.0007287284179605,0.001794491268848,0.0370267801964142,0.0057151027008151,0.0380140675126693,0.0558428636975807,0.8741610984901481,690287.5550813942,2025-12,20448
1766764800.180386,16,BTCUSDT,30687,32255,2.364663764185937,1.9364550337105968,0.6533649889407559,0.7234162626971071,0.0004884334621079,0.0004890553408778,0.0325410297363103,0.0249771418718175,0.036901447275779,0.0348231282511729,0.7650713839853062,224228.95034757457,2025-12,20448
1766768400.180386,17,BTCUSDT,24516,21077,2.0095155305726973,1.4630320467199318,0.6626014310248274,0.7043837451484487,0.0005706480407855,0.0005387568458782,0.0264158136978761,0.0212002782794582,0.0190876190273216,0.0190393076138677,0.7341176649707107,159231.69254757703,2025-12,20448
1766772000.180386,18,BTCUSDT,15237,15804,1.55059110810431,1.442509320941203,0.5999576337554429,0.6421694632146346,0.0044373727486659,0.0009774768117567,0.031305414159655,0.02230568223638,0.0013066517624288,0.0011172634841846,0.6648335623477355,92790.86091369008,2025-12,20448
1766775600.180386,19,BTCUSDT,12252,10819,1.2636178315522988,1.1341651866953355,0.5976841749307615,0.5788806078271219,0.0020592518460425,0.0008842943084477,0.0213560392065286,0.034049837970684,0.0066316207054847,0.0079970979365502,0.6252869086170001,61608.29239442143,2025-12,20448
1766779200.180386,20,BTCUSDT,13745,12284,1.1649382128046617,1.057419596828332,0.6689568464106892,0.6545086404045383,0.0013022776159188,0.0003600062926876,0.0188742448474923,0.0259880935606846,0.0066434350757137,0.0066280039234668,0.6924689063316848,84651.02958700489,2025-12,20448
1766782800.180386,21,BTCUSDT,7661,8876,0.975078936860446,0.8604102632646988,0.480933836322015,0.6116735906899902,0.0018913722016145,0.0005192808135971,0.0523082110673185,0.0348982898513979,0.0035141068073099,0.007555200883783,0.6469557081398934,37263.412597725066,2025-12,20448
1766786400.180386,22,BTCUSDT,9850,10390,0.9487705734565852,0.7994616132108346,0.6116436620358698,0.7012106353062112,0.0006157366663197,0.0005677112534254,0.0316285874185916,0.0168349913710252,0.0072114548884289,0.0077984836387341,0.7189113666858744,64132.33049818948,2025-12,20448
1766790000.180386,23,BTCUSDT,7417,8494,1.0277693881588703,0.8713152892694989,0.4136385095481671,0.59922595173089,0.000441424778569,0.0008444910462098,0.0700073136052692,0.028284190186768,0.0028928145607008,0.014694710291648,0.6278693856881692,32389.87082948609,2025-12,20448
1766793600.180386,0,BTCUSDT,6841,7409,0.8861380060754416,0.8007848836935694,0.3907248832199471,0.5156679345499615,0.0003256126371039,0.0009348758357493,0.1240595504150128,0.0703145746293868,0.0272996724279432,0.0169377552092777,0.592348075751618,24199.588364646996,2025-12,20449
1766797200.180386,1,BTCUSDT,5438,4971,0.759237655266589,0.6760966381303917,0.3844273770655977,0.453740872133979,0.0055172638400697,0.002746475229965,0.1053587022262198,0.0437684649413856,0.0078836508111344,0.006959556102563,0.5056885501469632,12988.605461468214,2025-12,20449
1766800800.180386,2,BTCUSDT,5396,6199,0.8797576410751424,0.989726398154619,0.291896889209332,0.3951700100939001,0.0064207356590586,0.0030828665570291,0.1062951962494302,0.019642633854215,0.0057330566174278,0.0105538833867801,0.4218255160525558,11354.293492622446,2025-12,20449
1766804400.180386,3,BTCUSDT,6732,6175,1.0101928353134166,1.0699513026281522,0.2884786980251176,0.3144057741498797,0.0009617971652858,0.0002940287221196,0.1543790380884041,0.0431328831839475,0.0161424078812181,0.017927736446574,0.446366422904767,8890.651647318471,2025-12,20449
1766808000.180386,4,BTCUSDT,5879,5407,1.1213507274887562,1.1009353361747576,0.1415628614322121,0.2397763256557324,0.0045193441113665,0.0046559685546006,0.1580845463651355,0.0202244301731356,0.0020682743475906,0.0104600828610673,0.3020173923460102,1060.2604659427798,2025-12,20449
1766811600.180386,5,BTCUSDT,5985,5536,1.0704564133589491,1.154179449557461,0.1454123094695174,0.1644777090280572,0.0020364494035683,0.0053594419423485,0.1969701878243497,0.0259522206495214,0.0527883451456593,0.0098136308281878,0.3476727890172464,-555.7144870365491,2025-12,20449
1766815200.180386,6,BTCUSDT,9704,7920,1.030324166429263,1.3754876024707747,0.1685343759818354,0.3390066831798558,0.0008773530515775,0.0006016306249174,0.4397353573591437,0.0250233004080337,0.0083838581886264,0.0106686994033987,0.6086963424898931,14557.24861408328,2025-12,20449
1766818800.180386,7,BTCUSDT,11031,8046,1.5815635747900194,1.377384873318509,0.3339811727065111,0.3481117068497725,0.0006969578112975,0.000857305112448,0.1382162195900224,0.0158235086644106,0.0134459803317805,0.0156553910725477,0.4743131951184117,23618.19947099688,2025-12,20449
1766822400.180386,8,BTCUSDT,9409,8044,1.7106346015397342,1.52055965385806,0.2557837530845689,0.3108216596330169,0.0013176742064971,0.0026891017600584,0.0863935781367715,0.0052785084823186,0.0015791034274987,0.0011497397889869,0.3425970140160919,14475.78519512726,2025-12,20449
1766826000.180386,9,BTCUSDT,10567,8070,1.5953522980211037,1.4405295172532693,0.2941398354010006,0.3369671259857747,0.000705827442544,0.001029521364312,0.1518581534868435,0.0058768446804143,0.011117161310457,0.0132188739687046,0.4476060010385424,19003.932265108146,2025-12,20449
1766829600.180386,10,BTCUSDT,12583,12003,1.933854432891348,1.6125229739759483,0.3765858967771778,0.4722545977379459,0.0091302045867618,0.0047241103428263,0.0488653628294368,0.0329079014105253,0.0008997832258705,0.0158528295559691,0.507672630683651,43770.025500189375,2025-12,20449
1766833200.180386,11,BTCUSDT,11765,10309,1.9817415199176185,1.7433751493428151,0.3287568325560314,0.3262132332319693,0.0006792880100509,0.0005298736133968,0.0483081235985659,0.0308549374973867,0.0294734219570868,0.018480157616301,0.3930121182630072,25082.315444939777,2025-12,20449
1766836800.180386,12,BTCUSDT,8703,9034,1.7095663376237105,1.6361098641005298,0.2049211499553221,0.302485266869369,0.0069483718555843,0.0013733353612716,0.0725166922423939,0.0329923283118344,0.0063409912995513,0.0134152717848672,0.3386863457548457,12016.598317512791,2025-12,20449
1766840400.180386,13,BTCUSDT,9361,9467,1.618714892254429,1.5355549914191573,0.2994255062632895,0.3446709310471655,0.0005584145470914,0.0005225615184586,0.0491105223980779,0.0303821010450105,0.0408494770547209,0.0287687900912152,0.3990595405077422,21602.007172300426,2025-12,20449
1766844000.180386,14,BTCUSDT,10002,9236,1.7322308440041423,1.6488722155464366,0.2687092908110972,0.243686390550304,0.0075768178292095,0.0004671194499822,0.0848184931224879,0.0726177459817349,0.0310157264601503,0.0243028559536406,0.3710038578479314,14365.999316539494,2025-12,20449
1766847600.180386,15,BTCUSDT,10578,10072,2.042837430981017,1.7965083092540195,0.2094715130702788,0.2432303660932782,0.0007817299193553,0.0004742207248975,0.0714727619220738,0.0739726268613549,0.0376511162601353,0.0242042498289109,0.3348106948460194,13581.324130898947,2025-12,20449
1766851200.180386,16,BTCUSDT,9336,9086,1.244045521197746,1.483416777180961,0.2370732486984603,0.3315790632282142,0.0005288888141078,0.0004752816916802,0.2508675492609459,0.0516303604844226,0.0277179821442795,0.0329615650199768,0.4962929128567122,16614.834653709535,2025-12,20449
1766854800.180386,17,BTCUSDT,7191,6706,1.2555766613354962,1.3805757660987494,0.2260973484283114,0.1729076001269102,0.0035410695996241,0.0007035845501766,0.1380640573603833,0.0657482189032663,0.0155040204970262,0.0070511750934859,0.3653273355896699,4214.476672153582,2025-12,20449
1766858400.180386,18,BTCUSDT,7159,7789,1.3313683992209318,1.2747526543788483,0.1657134316424446,0.2145775427688772,0.0093157370793826,0.0006850015588334,0.1283298540001783,0.1822502266425318,0.0062733950104116,0.0334521686196115,0.4017678573296039,5390.894519479898,2025-12,20449
1766862000.180386,19,BTCUSDT,6205,6043,1.179476954207053,1.2221323526296006,0.2287322637174517,0.1602326731722771,0.0045355175571768,0.000390177162031,0.0698542454425971,0.0598635916463073,0.0464932815973528,0.0173328146576108,0.3087839051713185,2847.1615196344446,2025-12,20449
1766865600.180386,20,BTCUSDT,5794,5481,1.0081440312844512,1.0229992923900475,0.2544798833715422,0.2661290268669866,0.0004168729451578,0.0049500306122988,0.1136574493310871,0.0444938007895018,0.0160119896683991,0.0011887785931468,0.3698404351630904,5094.913519760131,2025-12,20449
1766869200.180386,21,BTCUSDT,5321,4692,1.0042269343442267,0.9182885909533772,0.243641802999788,0.112106693749274,0.004424052431893,0.0071594778090157,0.0707796445295712,0.1783614692336392,2.215566845306415e-05,7.287248030180547e-05,0.3156960880084458,-0.9966527061633316,2025-12,20449
1766872800.180386,22,BTCUSDT,11789,13556,1.082611398279108,1.1366011865040688,0.601513724296157,0.6356515715042221,0.0008916226428178,0.0010457384445467,0.0515946788686892,0.038764272340492,0.0277494011948487,0.0158412875192418,0.6881990519176902,76038.05509215218,2025-12,20449
1766876400.180386,23,BTCUSDT,10069,9995,0.8794409153831642,0.9757634848543876,0.5974400645146224,0.5911517481153542,0.0007304369178726,0.0005502298992495,0.0722195167750135,0.0402214334027424,0.0195978267167825,0.0152303114855824,0.6767318941288728,55167.846829864255,2025-12,20449
1766880000.180386,0,BTCUSDT,8130,10285,0.8890006473504718,0.9721131262878956,0.522228418100539,0.6111372814399835,0.0006035670301517,0.0005362123508322,0.064060144791335,0.0350512461198462,0.0165715187523405,0.0150937784558344,0.6503772018293219,44674.56364760768,2025-12,20450
1766883600.180386,1,BTCUSDT,6577,7861,0.7885545398985759,0.9484866220725766,0.5077132216686139,0.5119337594100655,0.0006402922902966,0.0005122007240872,0.0434325315479463,0.042272705284434,0.0123330802744625,0.0149946187526233,0.5669420731729821,27812.889288261133,2025-12,20450
1766887200.180386,2,BTCUSDT,4779,4895,0.7642850488961631,0.8362226963312067,0.3382046820319655,0.2952278050221939,0.0059732163628565,0.0033634367441355,0.0715883047286079,0.0695661182070801,0.0150045210684485,0.0109688436361247,0.415699224554688,5129.335452018737,2025-12,20450
1766890800.180386,3,BTCUSDT,4781,6208,0.8219550757991247,1.0292111324554511,0.2964616339495369,0.3816880115570724,0.0004932634629533,0.0016801978313529,0.0791820380361473,0.0157497075636912,0.0067885888225895,0.0024714801400841,0.3987463101775131,10331.2427184052,2025-12,20450
1766894400.180386,4,BTCUSDT,6526,7186,0.9851224153908223,0.999853036871625,0.3728437878682599,0.4422719409781366,0.0047950096000791,0.0001826506159034,0.067473345691259,0.0423466940375956,0.0118223159681924,0.0141792335172895,0.4894736588966565,18819.386209552576,2025-12,20450
1766898000.180386,5,BTCUSDT,7355,7624,1.2127070883260274,1.012677606691154,0.3368378329172198,0.4372679369710247,0.0064785039640715,0.0015060482278774,0.0530699022642223,0.0594177170010402,0.0190948324432384,0.014424794054683,0.5003737107413879,18430.166176084596,2025-12,20450
1766901600.180386,6,BTCUSDT,7879,7014,1.4118807105884368,1.2211136986645497,0.2403699903602388,0.2561538318051873,0.000553779863256,0.0004464650456095,0.1023800814966058,0.088249937154749,0.0274140396923748,0.0147586455641375,0.3642151729599999,8129.298567872389,2025-12,20450
1766905200.180386,7,BTCUSDT,6316,7323,1.2234406491136982,1.2662486347046689,0.1826668539069393,0.3000009983834068,0.0009472293851213,0.0034298793435113,0.1112596932008418,0.0482195999819907,0.0328763734794343,0.0043371316230102,0.3526911199986311,6146.723175950678,2025-12,20450
1766908800.180386,8,BTCUSDT,8899,8657,1.5122945453065133,1.5070534247378864,0.3416551768723398,0.3008679930955157,0.0069687666018242,0.0006299809610235,0.0420665303671675,0.038347352055023,0.0267606359410701,0.0029825599259936,0.3863090759550318,18116.23940406149,2025-12,20450
1766912400.180386,9,BTCUSDT,8585,8963,1.5670276883070933,1.437892777928521,0.307590210888395,0.3443978567261159,0.0013252255405268,0.0003518905414435,0.0302103362016148,0.0485253979978203,0.029039223771625,0.0046089528887621,0.3955324412254,19006.245813754984,2025-12,20450
1766916000.180386,10,BTCUSDT,11831,10673,1.7153887538697248,1.697473341183322,0.3894771009576158,0.3741833033939273,0.0005130147920327,0.0005915784773985,0.0822747153830674,0.0361321527762858,0.0118278278824159,0.0091464517434987,0.473649308664032,34071.43784745794,2025-12,20450
1766919600.180386,11,BTCUSDT,10231,8049,1.2520966869528156,1.6002983155207169,0.2442422232079777,0.2426167783881526,0.0026524857105542,0.0006225194690234,0.3126606756456953,0.0338231475711937,0.0036662099125834,0.0030326335588447,0.556985223525088,13308.9454844297,2025-12,20450
1766923200.180386,12,BTCUSDT,8391,9041,1.3778187502721266,1.2800073655530042,0.2414515286926743,0.2515626204158859,0.0007326000375787,0.0009900085470886,0.1592276618144455,0.2148015937344482,0.0253469036010605,0.0056082492413203,0.4688870790516448,11904.242830358338,2025-12,20450
1766926800.180386,13,BTCUSDT,9852,9803,1.7435023489542514,1.731838826473709,0.3010427492865802,0.3240837130480409,0.0026463506275556,0.0004935542145073,0.0538967899450925,0.0268355999191821,0.0092938491763469,0.0086784396887207,0.3635856916089527,20338.10165861141,2025-12,20450
1766930400.180386,14,BTCUSDT,11877,10740,1.7688978944196248,1.6825610364255053,0.3922341499113161,0.3683920027314421,0.001959884903338,0.0005425783172925,0.0565975199766292,0.0250964972971811,0.0353771533172369,0.0136685425631313,0.4571644982431726,33882.535359735455,2025-12,20450
1766934000.180386,15,BTCUSDT,11110,13472,1.8896615040697604,1.711434359878474,0.3167335677062695,0.4604400084846023,0.0005040413250762,0.0005442342629481,0.0471243081143801,0.0639140531486174,0.0199240300798499,0.0178126949823262,0.5266574864385638,39722.12278266299,2025-12,20450
1766937600.180386,16,BTCUSDT,11274,9015,1.0687166228590386,1.4537555068647017,0.2929416127265718,0.3430887509703392,0.0008796164120084,0.0006210476712468,0.3479568398873852,0.0407138841560087,0.027873509169594,0.022017435973523,0.6434058451960456,22604.46450505076,2025-12,20450
1766941200.180386,17,BTCUSDT,7636,7696,1.2643197644076205,1.2978548218906396,0.2682417031336918,0.3085101856056467,0.0022930760290196,0.0012049263671035,0.110841245582314,0.0586758167341231,0.0190324890865085,0.0211417845627333,0.3957605793091818,11485.415672902389,2025-12,20450
1766944800.180386,18,BTCUSDT,16244,13992,1.294787866006477,1.383755479268108,0.555064783181936,0.5668159058002156,0.0005069448516138,0.0005492630429187,0.1279392287119776,0.051554480789936,0.0211164786327208,0.0358440415542989,0.6934811733187269,82640.80354464347,2025-12,20450
1766948400.180386,19,BTCUSDT,11522,8717,1.0121258727252065,1.050736236672594,0.5180684659202405,0.5110286717924449,0.0005195293901966,0.0004863801849761,0.1423792855143421,0.0277875271385522,0.020103611584698,0.0308093065247817,0.6655408061542886,46116.476986253154,2025-12,20450
1766952000.180386,20,BTCUSDT,8801,7233,1.0041354719679252,0.9084258751880652,0.4900485357617401,0.4938643382527213,0.0007451133931673,0.0005709902743342,0.0804318006550359,0.0270121983115995,0.0223135738105999,0.0214282478304207,0.57918079148433,31527.61338584857,2025-12,20450
1766955600.180386,21,BTCUSDT,7831,6004,1.0198769494166926,0.8163857619049948,0.4810246595334337,0.4287255364169932,0.0014534403977022,0.0007262934729251,0.0303966334104109,0.0430777595849241,0.0294261937378323,0.0243941220826581,0.525789855271037,23409.79467611137,2025-12,20450
1766959200.180386,22,BTCUSDT,13781,8592,1.0793232408920526,0.8467971061372099,0.6815642238013525,0.5267673010314649,0.0008128210963159,0.00029640108246,0.0214894208280076,0.057931482571531,0.0358533963641244,0.0241762292128126,0.7102033357662084,68192.9822019881,2025-12,20450
1766962800.180386,23,BTCUSDT,15074,12555,0.981985039863472,0.8620170705344763,0.7030457998054209,0.6697652756912909,0.0008366636970083,0.0004818423333852,0.0345812478913166,0.044746072051792,0.0313714687009677,0.0314301550149909,0.7601486597427651,92264.41499194664,2025-12,20450
1766966400.180386,0,BTCUSDT,26907,21937,1.2973543852748457,1.0820125236647231,0.7699718132461841,0.7476533189685649,0.0005994342210462,0.0003110241286677,0.0324007991432233,0.0271369861032124,0.0400144523682956,0.0336872952240048,0.8282172986442201,199086.53299911864,2025-12,20451
1766970000.180386,1,BTCUSDT,22558,19138,1.163886962357061,0.9215274093400828,0.7470257137314021,0.7617605043549536,0.0005147321090801,0.0004558115554073,0.0360726809800401,0.0250310492355104,0.0334892854828402,0.0340207113386507,0.8192341874202048,166920.00371080876,2025-12,20451
1766973600.180386,2,BTCUSDT,46850,44599,1.8287844296342304,1.810746172905884,0.8155746926389346,0.767940329569512,0.0008026754784261,0.0006089248471537,0.0289344319111984,0.0572318713002442,0.0318363117918653,0.0206012486589266,0.8628720333047053,403603.1717813342,2025-12,20451
1766977200.180386,3,BTCUSDT,38202,32810,2.1373461699369365,1.5520312884257794,0.7636283212045198,0.7259680986958301,0.0023024186543751,0.00181897041673,0.0247181670639184,0.0479472346392644,0.0386182282936452,0.0141381000696609,0.8076834663449872,289644.64177756803,2025-12,20451
1766980800.180386,4,BTCUSDT,22546,27554,1.7540001061437391,1.9864380895228293,0.6804193571348612,0.6760135111104527,0.0006993522094821,0.0004963231663666,0.0246673917129935,0.0361473485869952,0.0332794150694541,0.0126494935473061,0.7300525095038016,178622.29464153855,2025-12,20451
1766984400.180386,5,BTCUSDT,13572,19342,1.1767068245386834,1.724629660738307,0.6437514712586931,0.6384186523497174,0.0012770126942488,0.0009558829601373,0.0179672032124564,0.0261910322651228,0.0164642305487322,0.0187630246150657,0.6819239082374688,112375.57091435556,2025-12,20451
1766988000.180386,6,BTCUSDT,13562,16793,1.4056421737904423,1.8618057464923032,0.5721918464054082,0.5764152557974337,0.0033049974578607,0.0005451808634386,0.0374624155541651,0.014941461191008,0.0098218907728797,0.0114843629191187,0.6160493150871916,82990.49646253618,2025-12,20451
1766991600.180386,7,BTCUSDT,20042,23402,2.07038697873056,2.135697277765613,0.5775729184274022,0.6093906375398325,0.0005716691419964,0.0006026614011925,0.0197832777983883,0.0258406715562651,0.036389811025108,0.0231510136728993,0.6514591054088054,131214.6336139536,2025-12,20451
1766995200.180386,8,BTCUSDT,19372,18231,2.174643445017812,1.4595804086322477,0.5457644657380604,0.6260669436916966,0.0009506417331809,0.0017385685485257,0.0225992902395654,0.0323055330597218,0.0463390907132702,0.0300004632216668,0.6727509655244897,109738.74654686986,2025-12,20451
1766998800.180386,9,BTCUSDT,43289,54913,1.9973560380258708,1.919994313093383,0.7258213131104554,0.8010562312982837,0.0005259874321827,0.0004668468276312,0.0619185759855796,0.0408701489041153,0.0390614816051877,0.0404396351010106,0.8633452778855542,425127.734610592,2025-12,20451
1767002400.180386,10,BTCUSDT,24524,21110,2.147700827738722,1.4262008717039187,0.6338619759602226,0.7192233161832857,0.0004428824602447,0.0004874370181133,0.0250573396630062,0.020762844215305,0.0147000070708591,0.0295631989346885,0.745256796685124,160696.12532184832,2025-12,20451
1767006000.180386,11,BTCUSDT,16114,16003,2.0512425895087065,1.6253776999050242,0.4932579222973696,0.5971707142732608,0.0011588170502858,0.0003492522425204,0.0212142142103121,0.0206370459240172,0.0155202074686468,0.027513853456334,0.6221246980969797,83180.23126835447,2025-12,20451
1767009600.180386,12,BTCUSDT,44276,42196,2.4470094855954208,1.7316962794124773,0.7096996500514011,0.7930423967930164,0.0017410810435313,0.0004337722434816,0.0454995349035751,0.0427187038136367,0.0279559993363897,0.0447522675414786,0.8499268967603795,356513.3541908253,2025-12,20451
1767013200.180386,13,BTCUSDT,20046,19896,1.939775435973564,1.5507636839138903,0.621343141190779,0.6643204635404646,0.0004805431705679,0.000519578617452,0.0129035568214904,0.0427118813850377,0.0112141140658134,0.0174618328530865,0.7098150756183645,130539.15111108452,2025-12,20451
1767016800.180386,14,BTCUSDT,42894,43478,1.9105302795994297,1.619809574719835,0.789466660201438,0.7972708712051824,0.0003792247037576,0.000457106718881,0.0248557495411046,0.039881447636866,0.0282237904777528,0.0252825121713297,0.8551742781464332,372482.50361491874,2025-12,20451
1767020400.180386,15,BTCUSDT,39111,34964,1.9368028638149957,1.7014600505927462,0.788720965182922,0.7813945456219501,0.0015098416212762,0.0011255836875224,0.0182131437746905,0.0293880081661456,0.0114444410706181,0.0154773697890175,0.82364961207328,311019.353334473,2025-12,20451
1767024000.180386,16,BTCUSDT,29671,20047,1.68009707142228,1.4060894083999624,0.5780867129428819,0.682429803535534,0.0005458299514702,0.0006138437408402,0.2085690621967052,0.0444635403822537,0.0119782238637699,0.0158621440938718,0.7899292455426773,154234.74009743927,2025-12,20451
1767027600.180386,17,BTCUSDT,23210,16772,1.4730031856535837,1.2061957591103505,0.6047931027515433,0.6962017039131196,0.0008175501732822,0.0006111679272576,0.1641325424526165,0.0244372223476406,0.0099225899426313,0.0073194557749585,0.770629487057712,127664.92530936196,2025-12,20451
1767031200.180386,18,BTCUSDT,19166,20099,1.1921467316938172,1.1219886845382094,0.5906128999615102,0.7626904443772408,0.00064006225008,0.0005997470373178,0.1773264905216311,0.0235693085970311,0.0114475171458901,0.0097125630098737,0.7915411709096455,137735.42031899304,2025-12,20451
1767034800.180386,19,BTCUSDT,14416,14848,1.1802672148864,1.136829941146838,0.5999855325118937,0.6897770199918932,0.0006998226350098,0.0006091258118695,0.0913407877220219,0.0231011960551081,0.0108089396803723,0.0127217045287124,0.7185200149755442,90226.83163744754,2025-12,20451
1767038400.180386,20,BTCUSDT,17137,19738,1.0298572814908706,0.9978315544375848,0.6797057247809896,0.773391433665503,0.0007784117780985,0.000833259415032,0.0945630842432219,0.036195427204534,0.0107021276835856,0.0075706199698772,0.8121348205079592,138100.32489182532,2025-12,20451
1767042000.180386,21,BTCUSDT,9901,7899,0.7843803445143607,0.8897080257880957,0.4076751725047013,0.5089015845671677,0.0006462669891319,0.0006808920578679,0.2982358313829361,0.0755505652349079,0.0075728772631964,0.0097582400478004,0.7066133604880982,32283.955687825815,2025-12,20451
1767045600.180386,22,BTCUSDT,10780,9481,0.995663670992506,0.9101053688209216,0.5457551370969819,0.5825754560164672,0.0005094871835018,0.0004709948467936,0.1168053656132972,0.0587345784737084,0.0122034831649295,0.0060109840289792,0.665910275045316,48927.191055632575,2025-12,20451
1767049200.180386,23,BTCUSDT,6765,7292,0.856392665965984,0.8044089408369895,0.3775620426330057,0.5012455374487785,0.0033682480939753,0.0021952433146632,0.1649173603783368,0.0979543178523672,0.0001160155733426,5.9363222097684794e-05,0.5993380163146448,20410.912426158033,2025-12,20451
1767052800.180386,0,BTCUSDT,12034,9452,1.0389730953831675,0.8483704705405535,0.4976143723192172,0.6346226965570859,0.0006799431692453,0.0005823646721696,0.1804650399159562,0.0284124473580107,0.0114164152499597,0.0127633226473976,0.6853226673178792,53125.872450022056,2025-12,20452
1767056400.180386,1,BTCUSDT,10723,8519,1.0836639674480508,0.8511655579628675,0.4989165814078503,0.5828150541556327,0.0012175665093723,0.0008546505464567,0.1346007622695467,0.0501272241128374,0.0043241313923371,0.0028794520316506,0.6377878745396253,42755.476567199294,2025-12,20452
1767060000.180386,2,BTCUSDT,19884,17394,1.2835031338983591,0.9964633635837468,0.452991825539057,0.7423866240352994,0.0003849123481408,0.0012689324097861,0.3080080588701491,0.0353619149382591,0.0129625638822938,0.0080182406670859,0.7833058188966003,115527.3174271213,2025-12,20452
1767063600.180386,3,BTCUSDT,16567,16097,1.3804039703439792,1.0891080048004893,0.6451830322398387,0.7132166781901539,0.0005176631849332,0.000886752359154,0.0409643008593319,0.0301362618836338,0.012523118775232,0.0151812705267871,0.7468072723025736,114121.2816761217,2025-12,20452
1767067200.180386,4,BTCUSDT,10789,9080,1.1199102034332566,0.987153174243896,0.4098047182930425,0.5605319907295798,0.0009236420901164,0.0012111815589922,0.2151098560496446,0.0426331673154519,0.0018405328442008,0.0002496187865396,0.6250986719621755,40410.828419279926,2025-12,20452
1767070800.180386,5,BTCUSDT,7834,7781,1.1968616798692178,0.9645260170047746,0.3893907403589716,0.4649632003822702,0.00106092779,0.0040413517642344,0.0434760699300991,0.084596942413935,0.003484851702141,0.0131013522047977,0.5502241570593668,23570.89752956343,2025-12,20452
1767074400.180386,6,BTCUSDT,9649,8703,1.1564475724151528,1.0335714786138284,0.4504902746730621,0.3899415317327925,0.0027384853851563,0.0004071979637006,0.0812796605440258,0.1505687347546649,0.0256442989894173,0.0402132219107303,0.5703748633924098,30613.724270338746,2025-12,20452
1767078000.180386,7,BTCUSDT,11419,9628,1.5690634236952543,1.1771341535992732,0.4487510094835351,0.5121285566365014,0.0054564475797278,0.0002392987195678,0.0460200408587281,0.0373917360833861,0.0066042422672253,0.0130136744374219,0.5522987789004231,42641.20584605028,2025-12,20452
1767081600.180386,8,BTCUSDT,26431,25884,1.3615249378179313,1.5384496445716829,0.7695428063349423,0.7124826990577993,0.0005939131882247,0.0005594141634631,0.0316377214860865,0.0409098280308206,0.0338066560262812,0.0132872724963695,0.8096478802747132,211303.67980603233,2025-12,20452
1767085200.180386,9,BTCUSDT,12331,13489,1.2995604770368203,1.4106387901381678,0.5567214368447108,0.5718330899945738,0.0007929201425351,0.0003862818529578,0.0516697713220057,0.0369492539820667,0.015107274589192,0.0116019164174427,0.6223944889086177,67216.01790794582,2025-12,20452
1767088800.180386,10,BTCUSDT,11976,14542,1.3242026655132826,1.41110605452931,0.5587425413232943,0.586677853940281,0.0017632690025678,0.0006389857083191,0.0228977198601506,0.0491630807350347,0.0174692190724336,0.0159433033386137,0.6411959045539443,70889.49737583869,2025-12,20452
1767092400.180386,11,BTCUSDT,11251,13263,1.365415453213648,1.3837706449526146,0.476644161354363,0.5445041340669354,0.001154906633123,0.0005948622726105,0.0696601132197483,0.0580187131264575,0.0243761800694035,0.0134984053880216,0.6083244502174584,53751.40136169758,2025-12,20452
1767096000.180386,12,BTCUSDT,12318,13675,1.4785734972469458,1.681358289304724,0.4657834669513901,0.4496561762415462,0.0007221663168678,0.0005217452820634,0.085433240169506,0.094812697621707,0.0125111108800164,0.0132400953479664,0.5617531307184951,49526.52373310918,2025-12,20452
1767099600.180386,13,BTCUSDT,13783,16803,1.84696234408449,1.6756775438080174,0.4778915615243544,0.5520811609432328,0.0005661556474765,0.0005214041436986,0.0331079481532715,0.087943602186572,0.0127865238056791,0.0056278614797441,0.6406580355827266,68720.22170729811,2025-12,20452
1767103200.180386,14,BTCUSDT,49606,45025,1.7983601020966524,1.896248452480943,0.8238726908397507,0.7618590413857766,0.0006055251264738,0.000588927510132,0.0309663901486202,0.0445416802595559,0.0340514132323055,0.0151964310459217,0.8642894849556453,414830.3617262789,2025-12,20452
1767106800.180386,15,BTCUSDT,43744,49179,1.6699614781041732,1.9701258712906284,0.8097560210128257,0.7976291188089017,0.0005215738953964,0.0004521620610375,0.0210823424519856,0.0285929312980781,0.0249913360688539,0.0219537683459899,0.8525503664938197,413506.20125412126,2025-12,20452
1767110400.180386,16,BTCUSDT,36281,42013,1.514796959472981,1.9042666146736231,0.801201060988148,0.787237548089966,0.0008251890310982,0.0008283878622923,0.0253422727131195,0.0312505328439557,0.0192857993457956,0.0186304861922545,0.8427037969801877,343696.2121574334,2025-12,20452
1767114000.180386,17,BTCUSDT,23560,24505,1.3738444832780037,1.3694189785798847,0.7344576444297322,0.7601385803454819,0.0006501651868193,0.0005180650609238,0.0302649118504729,0.0227330691962921,0.0192740007981527,0.0251493991063556,0.7981640931444279,195802.09203131945,2025-12,20452
1767117600.180386,18,BTCUSDT,14619,13861,1.1797889456713395,1.2146586192939297,0.6453531013062128,0.6448177879201622,0.0008091706702569,0.0006907500041626,0.0458239997770988,0.0324987614964845,0.0068681098056392,0.0171170567299451,0.6978388909533361,87025.79531298477,2025-12,20452
1767121200.180386,19,BTCUSDT,16190,16527,1.244696566841505,1.2577448361598484,0.6686782584187557,0.6725526098090563,0.000486871454957,0.0004730872157383,0.0347096892843954,0.0402273705758519,0.0141500469166813,0.0186375777015601,0.7254556021906188,107603.82413059723,2025-12,20452
1767124800.180386,20,BTCUSDT,11485,13388,0.9597995636834776,0.9395607468363164,0.6423730388714541,0.7003631818861237,0.0006703755098065,0.0005930890936777,0.0425758774171496,0.0403915201228288,0.0064390345093288,0.0117663812574064,0.7422871615725486,81605.23944900765,2025-12,20452
1767128400.180386,21,BTCUSDT,10366,7319,1.0258702458837037,0.7965971360517079,0.5918716139454142,0.5406030926060272,0.0047496306830716,0.0013825399674318,0.0472767170903275,0.031983563668591,0.0210818260000795,0.0011042200138422,0.6400997995881591,43065.0878966684,2025-12,20452
1767132000.180386,22,BTCUSDT,9355,7983,1.047319439784928,0.857346456797232,0.5460227124652711,0.5733926386746124,0.0053419643923647,0.0031539724146513,0.0347195708520075,0.0207411973972374,0.0104614658537249,0.0149701458396217,0.6056385173783122,42541.550144872395,2025-12,20452
1767135600.180386,23,BTCUSDT,9610,8030,0.953824303894064,0.7341602156776426,0.5775095161657238,0.6318019230964085,0.0039571039960172,0.0018329918858408,0.0578556620696605,0.0211478077256181,0.0112664764188598,0.008234847764558,0.6593420746734452,47323.9580064471,2025-12,20452
1767139200.180386,0,BTCUSDT,10065,8263,0.9982255528016776,0.7237286031164327,0.5222428333525305,0.6495690459529543,0.0028584905178306,0.0006578486018379,0.1092102265020611,0.026609651951523,0.00493139900945,0.0151406358922376,0.6787791343493176,44964.23010414761,2025-12,20453
1767142800.180386,1,BTCUSDT,15110,10374,1.1177040675587235,0.7849678234321982,0.6989257890473921,0.6783268908427099,0.0038693495454994,0.0004056055855611,0.0287892982820012,0.0290378272347135,0.0103385192162658,0.0097016024349479,0.7332604709907234,86972.82665661562,2025-12,20453
1767146400.180386,2,BTCUSDT,10004,9569,0.967748478662805,0.7773692287591983,0.6033193034903416,0.6553624712487046,0.0005567307296571,0.0005656973410268,0.032674367054547,0.0196569741049157,0.0303856471416703,0.0158844744649997,0.6853354065178096,56133.32497392291,2025-12,20453
1767150000.180386,3,BTCUSDT,8796,8807,0.977459766681726,0.6883850827703221,0.5617817764055164,0.672639483413238,0.0048537190428272,0.0020278638865714,0.0291225428359964,0.0224316067407577,0.0179140604350508,0.0042159130849234,0.6964183698422148,48188.569970933546,2025-12,20453
1767153600.180386,4,BTCUSDT,7101,7167,0.9566940997404122,0.7117554824139661,0.4437897046627179,0.6020722589861851,0.0037197303591997,0.0005503342835554,0.0645268367870938,0.0297893142871223,0.0071399678224113,0.0065196446823477,0.6324799345776013,29990.905306435445,2025-12,20453
1767157200.180386,5,BTCUSDT,7989,6425,1.022960741742377,0.8038797405746926,0.4671200365683606,0.4638908078965948,0.0045356114659426,0.0013827822182136,0.0602090837010721,0.0445486552020199,0.0279829912547838,0.0128351076877384,0.5413694082557259,25218.79438844006,2025-12,20453
1767160800.180386,6,BTCUSDT,8419,7278,1.5464897786521707,1.1538717464928658,0.2721412274618175,0.3173562496714255,0.0063890297978227,0.0046702711544261,0.0507451108664463,0.0395617514041993,0.0550888414184178,0.0137814651968083,0.3776369280615093,12860.24677889076,2025-12,20453
1767164400.180386,7,BTCUSDT,9544,11049,1.4770427345968535,1.5599849702342874,0.3573207651738744,0.41061708316737,0.0006225567985684,0.0005210432080166,0.0678977115178297,0.044133301736817,0.0433251421803621,0.0163895347348616,0.4709878885028692,29408.81882055013,2025-12,20453
1767168000.180386,8,BTCUSDT,9690,12490,1.3769678643440226,1.3556274180375654,0.4070026845481832,0.5705016750700966,0.0009514001425694,0.0007397212504935,0.0720185677318787,0.0355142516478191,0.0032972887832771,0.0062168606777445,0.6062482386938054,47503.23747754848,2025-12,20453
1767171600.180386,9,BTCUSDT,14829,11547,2.392242571428997,1.8688161059820323,0.3545056737944524,0.3471356337298156,0.000947700259068,0.0006394932170185,0.0597491309439895,0.0581610607155887,0.0083381775579336,0.0068089767349493,0.4192217813991499,36527.34754756194,2025-12,20453
1767175200.180386,10,BTCUSDT,15530,14272,2.227503206921472,1.9155076849706203,0.4446450539209041,0.4571248086753905,0.0007245712484635,0.0007719439998069,0.0269306026769253,0.0365914526909948,0.0186815293236709,0.0121087872081301,0.5019466418752905,63096.99790605521,2025-12,20453
1767178800.180386,11,BTCUSDT,14668,14333,1.4477399853451365,1.3570860142830836,0.5994889113418529,0.5865040624527526,0.0029327618260002,0.0006899513608662,0.0393297742682301,0.0575307892016692,0.0088955074804387,0.0051572093525157,0.6501424951450819,82200.79483542193,2025-12,20453
1767182400.180386,12,BTCUSDT,14470,16645,2.0504988143719514,2.0269324251685794,0.4217977200342575,0.5332976230659736,0.0002739744839288,0.0017711928642907,0.0497572694450167,0.0200550615907759,0.0104054825284229,0.0134768568672808,0.5552972335920658,71915.49365346949,2025-12,20453
1767186000.180386,13,BTCUSDT,14483,12702,1.9086678712930465,1.7742284323255535,0.4546925767272908,0.4498223276402169,0.0009828275504431,0.000882137745343,0.06156157823199,0.0351104339627539,0.0096849093075305,0.0093056299111577,0.5194066941796868,51672.12111567456,2025-12,20453
1767189600.180386,14,BTCUSDT,33190,35246,1.5985634081003846,1.4493842900000522,0.7499992269676458,0.7988957921200388,0.0005635577566872,0.0006061854402018,0.0533239223212076,0.0339526896638361,0.0177849856425689,0.0240042817571853,0.8439605626884161,282241.98522851,2025-12,20453
1767193200.180386,15,BTCUSDT,45690,49918,2.449075797374984,1.874260380935117,0.5727099346388015,0.6341515371147413,0.0006084626788541,0.0002169167516112,0.1378216300124408,0.14044284624931,0.0967428103023276,0.0893636193335356,0.8412888085575928,330111.40219764016,2025-12,20453
1767196800.180386,16,BTCUSDT,38028,39254,1.8140189942888123,1.395890809328894,0.629176881630856,0.6852593472435052,0.0007640925621628,0.0004107745980107,0.1206478880663594,0.1296705249538622,0.0572861275570466,0.0709153680315539,0.8544895035019,277862.7094410694,2025-12,20453
1767200400.180386,17,BTCUSDT,19058,16834,1.7774865236885404,1.2622488040191522,0.6087132720240779,0.6698630507341815,0.0005153684052537,0.0005777116834402,0.041737434518274,0.0448454933787846,0.0107840325276869,0.0099795103875741,0.7165142346112702,109477.5574397956,2025-12,20453
1767204000.180386,18,BTCUSDT,13931,13234,1.1862269361597175,1.053230123800137,0.650951924404215,0.6493047744421458,0.0006016228776266,0.0005653524538577,0.0310712359910174,0.0489916381608827,0.0129245020673163,0.0120916194070908,0.7055677217005277,83161.8774541956,2025-12,20453
1767207600.180386,19,BTCUSDT,18358,17646,0.7403508583704125,0.6047964352037977,0.5178868781289224,0.5079403902884296,0.0003881311419689,0.0003834567182444,0.2198133747579676,0.2582853756051249,0.1042141568972581,0.124022998137304,0.8669265951372428,95164.21943616228,2025-12,20453
1767211200.180386,20,BTCUSDT,21234,16682,1.207453263088207,0.9406731833110704,0.7453116247121254,0.7320474540759014,0.0004191328601363,0.0003461796376215,0.0354352168725712,0.0533270581936713,0.0081727489368233,0.0158505354953144,0.7950820785056999,140233.35346630597,2025-12,20453
1767214800.180386,21,BTCUSDT,9055,7267,0.9773883514584566,0.8568563353316888,0.5535973260392332,0.5015957660894234,0.0008561651836694,0.0004644063974458,0.0473328578636778,0.0592039175876123,0.0114670103242396,0.0135313610713632,0.6048458962598319,33767.79462777953,2025-12,20453
1767218400.180386,22,BTCUSDT,7976,7392,0.9034746086402282,0.8129401218477529,0.5111724175477014,0.522872717666607,0.0058917973123918,0.0031177050024041,0.0623986303318834,0.07453327125604,2.4336649874861822e-05,0.0156095243752711,0.6013887983160101,29036.89857740771,2025-12,20453
1767225600.0,0,,8719,5936,1.0317731642421928,0.7564662391293594,0.470604321223702,0.45045597346580574,,,,,0.007914077280277095,0.008693597587237416,0.570456971598406,,2026-01,20454
1767229200.0,1,,9088,6578,0.9157075574331666,0.6659628163578851,0.5887067930679465,0.5319268684355651,,,,,0.007915885497529944,0.00039428161849830554,0.6366005471300422,,2026-01,20454
1767232800.0,2,,7770,6773,0.7511262331512436,0.6012086110709025,0.5966610017993205,0.5873749881306558,,,,,0.008879549792319915,0.001201848556130226,0.6679769153810058,,2026-01,20454
1767236400.0,3,,8595,5681,0.5771640708010075,0.6050693646096754,0.4577253641511373,0.5611802389684348,,,,,0.0012664950439509005,0.0060003672476914025,0.7570519337300088,,2026-01,20454
1767240000.0,4,,10422,10841,1.1069435116530453,0.7038658789872,0.5463447994565764,0.7160082052831075,,,,,0.007520637053114252,0.008159989273138385,0.7598333629776646,,2026-01,20454
1767243600.0,5,,10139,5042,1.289142333969915,0.6293288020025984,0.47551756874739043,0.4913356812583592,,,,,0.007662554564709157,0.0024514323794858485,0.5422024930821893,,2026-01,20454
1767247200.0,6,,5780,3801,0.98632721690607,0.738194449816214,0.19971023296348114,0.26913466509243905,,,,,5.738010739003101e-05,0.030558666573602924,0.3592726281277684,,2026-01,20454
1767250800.0,7,,7168,5242,1.155046332159293,0.6780794853020212,0.3444220900910462,0.4443549064785568,,,,,0.007368888273900826,0.0071414354872371515,0.5189782444672365,,2026-01,20454
1767254400.0,8,,8866,7421,1.0980320091512044,0.8685140385548575,0.4959942997765864,0.469207568038692,,,,,0.001620702599789363,0.0006718867134507111,0.5731290319435141,,2026-01,20454
1767258000.0,9,,7559,6763,1.0406378676839674,0.9074344862868537,0.4538917561649255,0.4324149531819319,,,,,0.0006912423495513807,7.654235180442291e-05,0.5109297719667,,2026-01,20454
1767261600.0,10,,5419,5601,0.9741486318510014,0.8071866109903558,0.23118346828356134,0.3347228869501333,,,,,0.0006155536910717992,0.010972503684964168,0.47794056355766457,,2026-01,20454
1767265200.0,11,,7593,6541,1.1349450209622403,0.9737129453306761,0.42437322294316376,0.39147398810844003,,,,,0.011805881174149262,0.0002468434021332359,0.46267539145329317,,2026-01,20454
1767268800.0,12,,6170,8274,1.0781715683682473,1.1642857290367974,0.31145623529086264,0.42496210619848535,,,,,0.005868692768830116,0.0091028857996744,0.48501865527388405,,2026-01,20454
1767272400.0,13,,7733,8090,1.0989940976156305,1.0626303308280955,0.41168928212848377,0.46442357100035464,,,,,0.0065618130920845445,0.009586630839874492,0.5216080036376756,,2026-01,20454
1767276000.0,14,,11713,10356,1.1852514487283454,1.212028076915657,0.493043405295713,0.5104786949710953,,,,,0.004734242648257529,0.00893690956168346,0.6280085036226241,,2026-01,20454
1767279600.0,15,,11920,11050,1.326406283814613,1.228687971460866,0.5152342540649226,0.5248830131179931,,,,,0.010839992293602904,0.007922236194262924,0.5996036985521748,,2026-01,20454
1767283200.0,16,,10293,9273,1.243212990057044,1.1317780993404452,0.3978749332193165,0.5023333627977542,,,,,0.007691753854674359,0.007870093869323304,0.563697966208025,,2026-01,20454
1767286800.0,17,,17209,13998,1.1929896846462211,1.1996941498202296,0.691281247648424,0.5934828240778937,,,,,0.022230856515679253,0.012597769703616923,0.7442905992681825,,2026-01,20454
1767290400.0,18,,8162,10325,0.8548776619527404,0.9830683663834825,0.5533809255141781,0.5841216227519128,,,,,0.002752082960598267,0.00931691424006473,0.6573356412184073,,2026-01,20454
1767294000.0,19,,8324,6710,0.8198438364154264,0.903912721530344,0.5777924669858698,0.447862149045775,,,,,0.01285660787094411,0.01237794420137511,0.6372984065714187,,2026-01,20454
1767297600.0,20,,6280,6685,0.7670279748428286,0.8955144824151736,0.4424061056008104,0.46190010756315675,,,,,0.0004260832514333729,0.004768735546337255,0.5559871683604741,,2026-01,20454
1767301200.0,21,,7998,5559,0.8964720946378442,0.8231753863111373,0.5444607320276819,0.4221530450281295,,,,,0.002876732948222016,6.750435844503598e-05,0.595096731012647,,2026-01,20454
1767304800.0,22,,12220,8259,0.933573272188191,0.8503373440440183,0.6957192848574044,0.559310438176508,,,,,0.005198831277498504,0.0006699545547555063,0.726783260627792,,2026-01,20454
1767308400.0,23,,14606,12667,0.9149993801679615,0.9491729131794558,0.7221308704542387,0.660252261342706,,,,,0.0147845849497825,0.015123030452128615,0.7641615732785555,,2026-01,20454
1767312000.0,0,,14156,14236,1.030798645922615,0.9106586921469136,0.6784362947903856,0.7235045346605895,,,,,0.009382241537811345,0.012205471755501913,0.7623271569458219,,2026-01,20455
1767315600.0,1,,8798,9573,0.8776716807627616,0.6878192639265329,0.566891163268268,0.6937802594951026,,,,,0.007757243257448274,0.007410396080237734,0.7333466683634197,,2026-01,20455
1767319200.0,2,,10900,8942,0.8232160910036348,0.6129070537377168,0.6377714985105383,0.7034033422170826,,,,,0.008750362726209519,0.012546309557493043,0.7447402891022356,,2026-01,20455
1767322800.0,3,,21005,17356,1.0791402681196096,0.8533119411791944,0.7610492223558802,0.7524632794242767,,,,,0.015305916967722768,0.006679321491946283,0.8174962079408044,,2026-01,20455
1767326400.0,4,,9701,12701,0.8161730769067711,0.6325612993266141,0.6100237889917289,0.7785854694197853,,,,,0.006824489031019663,0.00877790357437838,0.8149130870785392,,2026-01,20455
1767330000.0,5,,8608,6970,0.9998805032947206,0.7362365125204264,0.5248970252907137,0.5668022436228093,,,,,0.009979774139333692,0.009986510277965337,0.607938522806733,,2026-01,20455
1767333600.0,6,,11343,9061,0.9955066609175255,0.9878471641085163,0.6315947292611974,0.5599535291209162,,,,,0.010260790314284816,0.0015053075053783598,0.6765868001694875,,2026-01,20455
1767337200.0,7,,9573,10841,0.9454858516657497,1.153375991976779,0.5569581486926622,0.5847676231278052,,,,,0.004483894747754061,0.005467667098459282,0.6375934247411199,,2026-01,20455
1767340800.0,8,,15110,10261,1.2307890757775064,1.0781391297220948,0.6681214844745129,0.5709662046724876,,,,,0.009816592454822184,0.008923119179252747,0.7013263909309844,,2026-01,20455
1767344400.0,9,,23224,19753,1.115582928493366,1.1872308595636967,0.760626155662122,0.7162489766931772,,,,,0.020770177776750623,0.02008713320957883,0.8191132014463984,,2026-01,20455
1767348000.0,10,,26048,27152,1.3737256615672606,1.6754717567981954,0.7509596829778562,0.7124637430612654,,,,,0.03284674128203191,0.01816343683420179,0.8073818780920223,,2026-01,20455
1767351600.0,11,,12475,18812,1.148958460727762,1.4953422637159688,0.6125072594698654,0.6638818179985813,,,,,0.011920313007262174,0.007234498744094115,0.7100406040958442,,2026-01,20455
1767355200.0,12,,13597,14799,1.2746056937079873,1.280102085534525,0.5841864912270143,0.6456065434617392,,,,,0.012722905466097983,0.008242031032918786,0.6813309152077263,,2026-01,20455
1767358800.0,13,,15664,16738,1.5244066160967957,1.6627881721197626,0.5761669677531323,0.5870812536558315,,,,,0.01784461458991613,0.018027282934327114,0.646085887507841,,2026-01,20455
1767362400.0,14,,67175,60742,1.868474535252503,1.6535586251580683,0.8336646317121228,0.8385229504805806,,,,,0.015230904979152431,0.027004700569853733,0.8987074060482932,,2026-01,20455
1767366000.0,15,,65610,64012,1.7574013511172915,1.648043468683972,0.8594830929441578,0.8525681399058043,,,,,0.01629676736395582,0.015455808786656625,0.9073855220026287,,2026-01,20455
1767369600.0,16,,72770,61232,1.6986057334184033,2.066871388248778,0.8549239262971676,0.8069297497143747,,,,,0.018615215316962825,0.03452475788392558,0.8985486141223924,,2026-01,20455
1767373200.0,17,,47171,41940,1.6132610028280407,1.700943681379683,0.8286980741267077,0.8024712408630998,,,,,0.019537471939775935,0.02771708440545452,0.8716386944494329,,2026-01,20455
1767376800.0,18,,31121,33064,1.4159555699842161,1.159071231085109,0.7848344415563475,0.8331662257873519,,,,,0.016100863571675696,0.021997613906161114,0.8657875616605241,,2026-01,20455
1767380400.0,19,,25272,22286,1.3159294838378155,1.1600362578709864,0.7730430451238477,0.7773659156982425,,,,,0.00920800118443148,0.007796802492282217,0.8128194581169385,,2026-01,20455
1767384000.0,20,,18957,19252,1.0832004377225204,1.002686434661279,0.7593714002643981,0.7704774152017806,,,,,0.011950772023223264,0.011059761077592841,0.8082377908491355,,2026-01,20455
1767387600.0,21,,10881,8251,0.9351860776109677,0.7834308624884725,0.63508561318277,0.6014404237318651,,,,,0.011885558400768622,0.00842782274809802,0.6854905394152113,,2026-01,20455
1767391200.0,22,,16353,13502,1.0079013200846274,0.9898890990428385,0.7391180552779448,0.6785405952572602,,,,,0.0129518559478505,0.009265635184282335,0.771992321744451,,2026-01,20455
1767394800.0,23,,8432,7837,0.8819514622152249,0.8831555634691811,0.5216779478229854,0.5761368347850935,,,,,0.0020137899005817253,0.023387648666191644,0.6063325381065762,,2026-01,20455
1767398400.0,0,,12231,8496,1.0702679085568143,0.9030589984467834,0.6217129680048303,0.578271472800481,,,,,0.002812017920704711,0.0037699382168056967,0.6825399459283162,,2026-01,20456
1767402000.0,1,,10064,6849,1.0521837586890217,0.8344168917649382,0.5444392288836858,0.5297769280279,,,,,0.0018456559793815904,0.0014037944942374607,0.6223567082091808,,2026-01,20456
1767405600.0,2,,10486,8334,1.0348088676205403,0.9282543304459714,0.5752560989154878,0.5404924847458008,,,,,0.010784725642250729,0.013112344095539864,0.6368135272469007,,2026-01,20456
1767409200.0,3,,8411,7409,0.8674052241556988,0.8518289433792996,0.5234128116947894,0.5324025151358205,,,,,0.004634264302882758,0.020738658572485906,0.6139450779179281,,2026-01,20456
1767412800.0,4,,10165,9913,1.0044300631213332,0.7342746251135125,0.5591129678590975,0.6814359383161332,,,,,0.01238965938638074,0.02717660092171993,0.7228640570387229,,2026-01,20456
1767416400.0,5,,9164,8464,1.109442890291588,0.8922250443551627,0.4319959929632667,0.581194484652131,,,,,0.022079111374613807,0.031297063897456665,0.6057047215300863,,2026-01,20456
1767420000.0,6,,10169,9894,1.2882977455207194,1.0172819257814636,0.425376402643819,0.5975631167289173,,,,,0.003042549459692524,0.025693396659933816,0.6227890082612157,,2026-01,20456
1767423600.0,7,,22363,21701,1.4486924893421007,1.2871714808093384,0.6421140496074617,0.7495756329983959,,,,,0.0095921040520401,0.04086124083286192,0.7804728892046717,,2026-01,20456
1767427200.0,8,,15572,13030,1.1848209782256718,0.9473716988405025,0.6320316483802767,0.6942474748067531,,,,,0.008354279456648206,0.031918097030346794,0.7351213372944072,,2026-01,20456
1767430800.0,9,,11734,11609,1.0831368830139643,0.9291105868613702,0.6236015638508712,0.6666989518496267,,,,,0.011447293738281735,0.009715235079967454,0.7024895555598912,,2026-01,20456
1767434400.0,10,,7597,9280,0.9567579637602825,0.9623422020425089,0.5017709223680178,0.5772272829481305,,,,,0.00707413645175141,0.00649094241530295,0.6165741402864252,,2026-01,20456
1767438000.0,11,,6051,9910,0.9665366949326427,1.1836428779655346,0.38720820119654836,0.5176328822374132,,,,,0.007594890192109159,0.0026606459590482966,0.5617722897134271,,2026-01,20456
1767441600.0,12,,10343,10138,1.0654088477878818,1.1221607077317293,0.5882183861266885,0.5244248641848127,,,,,0.0377928653614528,0.013686958775375645,0.6230917451372846,,2026-01,20456
1767445200.0,13,,8833,9219,1.2587726480703496,1.2982783907777324,0.450258181258802,0.45352188306742425,,,,,0.015176791991234156,0.011382992582054484,0.4896299369815272,,2026-01,20456
1767448800.0,14,,11989,11076,1.4278640242193048,1.344205363564577,0.544222913784558,0.49917752665232484,,,,,0.012226617464056634,0.005250364769914082,0.5692516499842302,,2026-01,20456
1767452400.0,15,,7706,9089,1.220553724422796,1.2491034045005267,0.34898408315332047,0.45271959784779453,,,,,0.013680700534374635,0.00485673950850605,0.49421748433584156,,2026-01,20456
1767456000.0,16,,12470,9283,1.3105684065172032,1.2072758342088628,0.5165272253474469,0.45976517707286035,,,,,0.015235688853991725,0.016061880897887598,0.6112232646274889,,2026-01,20456
1767459600.0,17,,6254,6669,0.9304461460752239,1.1952432968541842,0.29187063366077426,0.2822771018844732,,,,,0.004121685272402979,0.0010011080522961872,0.4631747151907228,,2026-01,20456
1767463200.0,18,,7505,6446,1.1252807027052107,0.9182457992769731,0.3715396159718914,0.38572675345711843,,,,,0.01675721604765813,0.01065572307352804,0.47182488866734507,,2026-01,20456
1767466800.0,19,,5553,6402,0.908459534778199,1.1098643389564855,0.3063896957439715,0.31224123831560896,,,,,0.019757905985232374,0.013949747622099756,0.40159854473980305,,2026-01,20456
1767470400.0,20,,9701,7480,1.1146899243309316,1.141758408949728,0.5269498079564726,0.3768902547944332,,,,,0.02038952100308207,0.005345082380282344,0.581486201675724,,2026-01,20456
1767474000.0,21,,14820,11136,1.1107596133086897,1.128007221214599,0.6839596430832589,0.5451693067742439,,,,,0.02800906315880343,0.009727139015409702,0.7253789889553028,,2026-01,20456
1767477600.0,22,,10020,11369,1.0243676749705874,1.2098298862597752,0.555328824116654,0.5698607215849614,,,,,0.0018977185470649136,2.7674259658979227e-05,0.6325338265244663,,2026-01,20456
1767481200.0,23,,10470,8553,1.0469101593864334,0.955532835178815,0.5799836358859234,0.5485342709027179,,,,,0.0034718998928160126,0.004086910257853111,0.6379143746978948,,2026-01,20456
1767484800.0,0,,44826,37368,1.4093730419172867,1.0762715116588635,0.8312330121269654,0.8092700811986714,,,,,0.02659290348471378,0.02213173846568035,0.8906479981858296,,2026-01,20457
1767488400.0,1,,15455,15187,1.13327454007601,0.8739008543753035,0.684561892554528,0.748775669389662,,,,,0.00864268418907308,0.007144164024474513,0.7810273262752332,,2026-01,20457
1767492000.0,2,,9435,8471,0.9398375446676017,0.7110829315609295,0.5784722612579878,0.6436417591902978,,,,,0.006133743619316273,0.0040875610323372405,0.6888546484497169,,2026-01,20457
1767495600.0,3,,12663,8078,1.0571482966216081,0.6846790703353253,0.6304570383150273,0.6556959542188882,,,,,0.007922946552304912,0.009234205911746084,0.6995658934159775,,2026-01,20457
1767499200.0,4,,13470,10196,1.2459501571489415,0.8946743788298513,0.6459991953330747,0.6282183299484215,,,,,0.010435540816430715,0.0036514435291463824,0.6796135907886047,,2026-01,20457
1767502800.0,5,,8003,5611,1.0349765394004666,0.7162382498068819,0.47443313703029466,0.48406783351177546,,,,,0.0036346118894794444,0.002374757605664282,0.5368605232299088,,2026-01,20457
1767506400.0,6,,18062,18305,1.2859639944731474,1.0538638445617858,0.6945027153028227,0.7410755491862424,,,,,0.018529306520364965,0.010139936994387179,0.7779384847612636,,2026-01,20457
1767510000.0,7,,12445,11821,1.203688356189998,1.0013056501500714,0.6073274721402785,0.6022108532239286,,,,,0.0053832418502097554,0.0014094827876902176,0.686263054560976,,2026-01,20457
1767513600.0,8,,13836,13185,1.2877951780097612,0.910181966488553,0.621204946431225,0.6720102804859058,,,,,0.01925210494974305,0.013737679683191709,0.7369064352803274,,2026-01,20457
1767517200.0,9,,13275,13299,1.4279537837163083,1.146328504248237,0.546465908930113,0.592020190761236,,,,,0.006227502539369359,0.0059503670403318895,0.6800068134106182,,2026-01,20457
1767520800.0,10,,13554,12879,1.4070444707383174,1.1665952070966563,0.5828329317904148,0.5982382206795083,,,,,0.004444533738757752,0.006124038398646838,0.6672964219153622,,2026-01,20457
1767524400.0,11,,10484,10224,1.2145246848786244,0.9905010367683568,0.4964895615559984,0.6001425447769494,,,,,0.006834426204056704,0.023180051684671268,0.6476631521190067,,2026-01,20457
1767528000.0,12,,11975,11809,1.3214249608766382,1.1485994438827898,0.5220669060783721,0.6122290127107014,,,,,0.00640252071674142,0.015864992034919527,0.6447614636470835,,2026-01,20457
1767531600.0,13,,10551,10509,1.3626751411411946,1.3206682869712205,0.4766798318257144,0.5027729127244553,,,,,0.00407533464002003,0.01081624141765555,0.5462140007247157,,2026-01,20457
1767535200.0,14,,11625,11427,1.4160887821561876,1.2716945497956669,0.5303807953374569,0.5518137000726666,,,,,0.0006532137621822653,0.0012327052765827968,0.59376122852336,,2026-01,20457
1767538800.0,15,,11486,10973,1.4504595265804958,1.3769178014507168,0.5016931522688952,0.5051012238807691,,,,,0.008958272200217545,0.002983710365492231,0.5459249712405448,,2026-01,20457
1767542400.0,16,,13035,9794,1.3785366856443029,1.1506667553572545,0.5142783401783451,0.5177711471440514,,,,,0.006115694777104517,0.0038190663507683613,0.615939768984373,,2026-01,20457
1767546000.0,17,,9043,7448,1.174578869844018,1.1036608530373668,0.4207404729092167,0.39318487241145716,,,,,0.005012282822587515,0.0032083759520053286,0.5293119212345138,,2026-01,20457
1767549600.0,18,,10963,11308,1.1106408447628418,1.0911069028759635,0.5693789647206848,0.5789151776955802,,,,,0.017208740664247563,0.01869252395296114,0.6459832444196353,,2026-01,20457
1767553200.0,19,,12954,13351,0.9236866700822781,1.0324879706857484,0.6522387778329655,0.6397680616868078,,,,,0.015338963788156893,0.029832789788230722,0.7304077542079358,,2026-01,20457
1767556800.0,20,,8400,6691,0.8867501125127206,0.9177968881338944,0.5547214581677982,0.4366917621195905,,,,,8.0111070499633e-06,5.631428923619694e-06,0.6196860454640729,,2026-01,20457
1767560400.0,21,,8196,7133,0.9365548145563188,0.9019441939201136,0.5155409961419959,0.46342861613458575,,,,,0.0032654195730192977,0.0014144171631014374,0.5856310107396142,,2026-01,20457
1767564000.0,22,,8492,7473,0.8978438270740084,0.8218540119209206,0.5358604035645834,0.5599660423855743,,,,,0.0013228895838904313,0.02174451902242163,0.6094464630650477,,2026-01,20457
1767567600.0,23,,20089,15711,1.091655868987235,0.9631273758746544,0.749264305723511,0.7290056301732826,,,,,0.007493598560852729,0.00977513292805463,0.7984535905276963,,2026-01,20457
1767571200.0,0,,53144,40068,1.8795037263831347,1.122750059375256,0.8212464028424697,0.8080317982503875,,,,,0.025876298413764817,0.0249244348222466,0.8882953460836454,,2026-01,20458
1767574800.0,1,,52298,42722,2.2324986131235525,1.5891305991443663,0.7881599325955885,0.7754186032848494,,,,,0.032146397360206844,0.031986373131122514,0.8576435636478711,,2026-01,20458
1767578400.0,2,,22899,21430,1.893048985935089,1.230422573393951,0.6659620664441399,0.7303289628676309,,,,,0.01262790383898656,0.014303366501181213,0.782168288297469,,2026-01,20458
1767582000.0,3,,15940,11242,1.1843566856438434,1.0215152674436496,0.6590311708728487,0.6240355398211698,,,,,0.007751341084103837,0.010915335637632905,0.7249783549399703,,2026-01,20458
1767585600.0,4,,17461,19646,1.1504452470404747,1.071639382935196,0.6714808956691627,0.7435849449240672,,,,,0.010148659538131266,0.021502327324968654,0.7942384881621419,,2026-01,20458
1767589200.0,5,,12323,12067,1.1448570595308705,0.8436281263126512,0.6099140031677616,0.711079860820535,,,,,0.006246905905115205,0.0065777411542072214,0.7426010155548216,,2026-01,20458
1767592800.0,6,,13070,13171,1.218637596594135,1.4563827631609099,0.5850236672368468,0.5421415612956715,,,,,0.01380475995913767,0.018938230468233782,0.649735859770583,,2026-01,20458
1767596400.0,7,,10177,11506,1.3017154848078925,1.8355338669081223,0.45642289211880105,0.3771730979278732,,,,,0.005532088046924303,0.002294611817952326,0.5368934769242967,,2026-01,20458
1767600000.0,8,,13440,12717,1.3633875495662677,1.360437099446805,0.5478011128274619,0.5689784146995998,,,,,0.007073176588756231,0.00824848390741177,0.627625519583492,,2026-01,20458
1767603600.0,9,,17835,13132,1.430898861094336,1.1845317064392498,0.6509368404861475,0.6156812217020338,,,,,0.004654106554396816,0.008158288151724008,0.7049640378756339,,2026-01,20458
1767607200.0,10,,20545,15042,1.6599545256358517,1.3803032288856845,0.6554223519544452,0.5888302798143243,,,,,0.014107714366632822,0.0030621045820107395,0.7074373867114527,,2026-01,20458
1767610800.0,11,,17665,14233,1.6527953989637045,1.3689569342501584,0.5797254851115791,0.599620396132477,,,,,0.006540154564375023,0.007241237754883348,0.6590196045846513,,2026-01,20458
1767614400.0,12,,16544,18173,1.7675936350958663,1.4687693509232926,0.5522486255749195,0.6583527877816582,,,,,0.006841855211902686,0.01008959123933301,0.7015228083640835,,2026-01,20458
1767618000.0,13,,20372,20317,1.5763308405639997,1.5375935770656015,0.6544789658481723,0.6658732971719152,,,,,0.01053941945157155,0.014154403099777411,0.7209861578637252,,2026-01,20458
1767621600.0,14,,57688,51790,1.7755021347500544,1.8019271291154666,0.8322959460978591,0.8008329108851777,,,,,0.02648658234570764,0.02420685093375684,0.887870053102039,,2026-01,20458
1767625200.0,15,,58914,55933,2.3567294061697863,2.4517398527129277,0.795326125505857,0.7997143150154998,,,,,0.007172385944195874,0.014406783789880199,0.8512666072330802,,2026-01,20458
1767628800.0,16,,40703,39922,2.0300012775550185,1.9030323969400997,0.745090895262866,0.7674356051263811,,,,,0.012496696847279713,0.014401430843746944,0.8268060717960712,,2026-01,20458
1767632400.0,17,,41348,32040,1.5657225126531582,1.3196461193984232,0.7921425859968256,0.773427700945852,,,,,0.024376782155874688,0.020712101801352186,0.8594756398656664,,2026-01,20458
1767636000.0,18,,33293,31849,1.9203868727440052,1.6538603478555651,0.7330216936082833,0.7749420387288279,,,,,0.00897462453094907,0.01611182575398983,0.8269467063977289,,2026-01,20458
1767639600.0,19,,27104,28965,1.6639497909987728,1.428584889944628,0.7056188738437692,0.7914061655433285,,,,,0.0034906300787397875,0.01221181267297826,0.8197372422018132,,2026-01,20458
1767643200.0,20,,35751,39562,1.7690760577437608,1.4809644813848934,0.7640942562209675,0.8155613252141803,,,,,0.012652872238892818,0.008217467971950353,0.8598100883040096,,2026-01,20458
1767646800.0,21,,18840,18227,1.4092531620809372,1.1866734342757728,0.656637981755759,0.7260148651117934,,,,,0.0031466290258252245,0.004205420836801483,0.7630117897364311,,2026-01,20458
1767650400.0,22,,17318,17421,1.413760410433292,1.267245773986136,0.656386414881558,0.6835142168514576,,,,,0.006590159482453212,0.004186716056171273,0.7319604397717054,,2026-01,20458
1767654000.0,23,,14980,19607,1.281644848560547,1.1840610138239966,0.6028061776723925,0.7332810903378909,,,,,0.006552316281036109,0.004779982453553168,0.778867712456602,,2026-01,20458
1767657600.0,0,,18072,20308,1.524615451104763,1.2971705165542728,0.6263107207692271,0.7180076169520853,,,,,0.009803272515508936,0.01203208405711924,0.7647153573769295,,2026-01,20459
1767661200.0,1,,17803,20228,1.3347717938538837,1.1006119842718605,0.644873127970145,0.7471263997423817,,,,,0.007781668450243079,0.01246964770396232,0.798755099201524,,2026-01,20459
1767664800.0,2,,13564,16230,1.284930482851215,0.9486285668251448,0.5844385617996997,0.7173259848756715,,,,,0.001031422522879662,0.013857710474293891,0.7853870776672429,,2026-01,20459
1767668400.0,3,,12931,11784,1.1661160957013945,0.9729318922006562,0.6068119050187765,0.6086763650997545,,,,,0.003598357894843043,0.009351734773190734,0.6949906429972689,,2026-01,20459
1767672000.0,4,,10997,9619,1.176957025698054,1.215192826823503,0.45622309921664594,0.49704584700596194,,,,,0.001582389511823279,0.013467439094004866,0.6025364370378106,,2026-01,20459
1767675600.0,5,,11528,12995,1.2182542809957568,1.3292485931765734,0.5177959133112902,0.5854521904723661,,,,,0.0037620909605311737,0.012061213493471843,0.6304523879438605,,2026-01,20459
1767679200.0,6,,15704,13254,1.2860545526310825,1.2194369306860893,0.6246052384530415,0.6091479085727556,,,,,0.002953615032316768,0.016775960821064348,0.6911864571947359,,2026-01,20459
1767682800.0,7,,18195,23309,1.589828871009109,1.606197653299275,0.5889891079664321,0.7003411614322892,,,,,0.01844610724450835,0.030045521246548135,0.7456868491914712,,2026-01,20459
1767686400.0,8,,13444,12670,1.2779891382715245,1.3200690514971845,0.5769116869482653,0.5771753721026771,,,,,0.007614429644342397,0.011299627205764318,0.650712266411299,,2026-01,20459
1767690000.0,9,,12830,10680,1.3108428245407795,1.2323554709796107,0.5686239461568835,0.5161814312683605,,,,,0.009201562760637999,0.014273449777199,0.6208000253115309,,2026-01,20459
1767693600.0,10,,11514,10719,1.3905853379310285,1.386153959016283,0.4962277346526706,0.45303796159319704,,,,,0.0038671861356015095,0.013001542491443776,0.5559123825203749,,2026-01,20459
1767697200.0,11,,13359,11209,1.6126110064519192,1.399629059371192,0.5145739148721572,0.4767435431041611,,,,,0.008874117220540408,0.006730499934569587,0.561096397544169,,2026-01,20459
1767700800.0,12,,13144,12632,1.627705824887295,1.396477431674944,0.47617462364908164,0.5466247312344679,,,,,0.00904357613838693,0.009445820939453122,0.5947953515667398,,2026-01,20459
1767704400.0,13,,14552,14894,1.754079698531975,1.5657246512643712,0.4995211815388733,0.552420505868842,,,,,0.001592219214739816,0.013384268346581425,0.6158888192890112,,2026-01,20459
1767708000.0,14,,56814,49694,2.549162291829886,1.8772101358387567,0.7832655991523346,0.7969280193302418,,,,,0.016675192192192975,0.013484150769149965,0.8533181804563766,,2026-01,20459
1767711600.0,15,,45673,52185,1.8389326434942248,1.8612365847390564,0.7916396160011367,0.8070277911757531,,,,,0.015164737516015365,0.01837827380057784,0.8671219449503331,,2026-01,20459
1767715200.0,16,,45005,67997,1.7198880954791689,2.162544106498039,0.7718259074208531,0.8174621506108221,,,,,0.03185967121611588,0.02971547017539629,0.8775832076723086,,2026-01,20459
1767718800.0,17,,44003,55804,1.527904868873813,1.6258324323814124,0.7839541177526884,0.8347227620262042,,,,,0.028087583074942416,0.035316139964539604,0.8901384946772113,,2026-01,20459
1767722400.0,18,,41760,41891,1.5119023300764352,1.9619852124398214,0.7916971942607952,0.7818821084415457,,,,,0.023410312228106495,0.03345568730067612,0.8533325690228282,,2026-01,20459
1767726000.0,19,,17391,18815,0.9829583128691207,1.66309296736728,0.7147251302124463,0.6473246624257045,,,,,0.017895538350806935,0.026350991261651514,0.7709319333613096,,2026-01,20459
1767729600.0,20,,19526,18047,1.0375786768949495,1.6856603785259159,0.748384788198094,0.6292688631733855,,,,,0.02031315275994016,0.014041011529654788,0.7986985507617579,,2026-01,20459
1767733200.0,21,,45196,42725,1.1514147024796382,1.3499534478435387,0.8423973534056084,0.7911409535713138,,,,,0.04091878189004879,0.025354697865513514,0.8970649461774498,,2026-01,20459
1767736800.0,22,,21060,20463,0.909492142853081,0.9006596707265944,0.7676152321167449,0.7842825597940504,,,,,0.02800164175944613,0.03272374793692149,0.8438316375570705,,2026-01,20459
1767740400.0,23,,16151,13914,0.8671380835443504,0.8300133738546974,0.7442436510850626,0.7044660845670621,,,,,0.030861086676501837,0.02023448649655268,0.8010170914429701,,2026-01,20459
1767744000.0,0,,18236,28857,1.0549612823530927,1.6936814465760415,0.6884865833658952,0.7497534934435741,,,,,0.019253691162089054,0.02996857337859784,0.7897406290450321,,2026-01,20460
1767747600.0,1,,27162,28564,1.2939974413951831,1.6324387866883514,0.7561706204647625,0.7492754614697605,,,,,0.020536074715597045,0.03260129128439674,0.8147893822075334,,2026-01,20460
1767751200.0,2,,22481,17869,1.0414749770459386,1.1186269713397676,0.767998414161821,0.6941622453916645,,,,,0.02767514171208442,0.029370781414641,0.8227189956170236,,2026-01,20460
1767754800.0,3,,12839,11228,0.9098622258229478,0.6753175166250805,0.6819172032277335,0.7181045528798765,,,,,0.01967496794831507,0.02601629699279496,0.7750886104409854,,2026-01,20460
1767758400.0,4,,11490,10872,0.7233725124724428,0.7665056647089176,0.6960767676783726,0.670713945250817,,,,,0.020196437004276396,0.02923885827878456,0.7599363989536281,,2026-01,20460
1767762000.0,5,,10384,10524,0.7879966524306186,0.7938157323451294,0.645352206952017,0.6490055228677355,,,,,0.023636888464639377,0.02705830145728317,0.7270644690161471,,2026-01,20460
1767765600.0,6,,11210,8174,0.800008112489421,0.7897215926308803,0.6710082348673477,0.5759064287624678,,,,,0.01803362848798802,0.012973026438307078,0.7359297907971243,,2026-01,20460
1767769200.0,7,,11600,8428,1.219937841760629,1.1916861752022647,0.5541762384960446,0.41125055689914986,,,,,0.016152239567171534,0.007089364776410762,0.6150831818966178,,2026-01,20460
1767772800.0,8,,10601,11089,1.0626917285630355,1.2829049773679793,0.5221894986877256,0.5193538179835856,,,,,0.007412632312067575,0.019803729155548393,0.6200887121806719,,2026-01,20460
1767776400.0,9,,26530,35230,1.667355291800912,1.4305739132665427,0.6715637214956728,0.8196186126344709,,,,,0.009473336579370046,0.03383527428055431,0.848857293371509,,2026-01,20460
1767780000.0,10,,17583,12806,1.453648414264834,0.9151371949574222,0.6439762621803845,0.6604148232931523,,,,,0.015899984207361956,0.018811759571653926,0.7277559991189904,,2026-01,20460
1767783600.0,11,,13130,10915,1.1494584831186228,0.9107178935369488,0.6476686161434596,0.6230159268825355,,,,,0.015262049471802857,0.00844813044058066,0.6898170320159535,,2026-01,20460
1767787200.0,12,,11495,11372,1.0598738930653901,0.9765641175331019,0.578829436272175,0.601282201903298,,,,,0.025845129368193505,0.03331261039639867,0.682933018072123,,2026-01,20460
1767790800.0,13,,17668,15040,1.7285126663873307,1.229725701218149,0.579552552166349,0.5934425835405296,,,,,0.02341339899207864,0.02959982767587905,0.6878136314448163,,2026-01,20460
1767794400.0,14,,47808,48274,2.0950800009437773,1.882854492535142,0.7750994160942093,0.7969315115785228,,,,,0.025442962548984392,0.03469569913996187,0.8541840927200467,,2026-01,20460
1767798000.0,15,,53230,53922,2.013032002076024,1.633207521109789,0.7993533478177903,0.8152769508516228,,,,,0.02864924944556843,0.038442718935258816,0.8804019153876882,,2026-01,20460
1767801600.0,16,,30670,30587,1.6028230370644254,1.4611152002210592,0.753388735750334,0.7601150736819899,,,,,0.031192964523056164,0.0350490400164818,0.818182301428938,,2026-01,20460
1767805200.0,17,,22467,21733,1.285643661553699,1.172587547596482,0.7253497570596288,0.7445946111413663,,,,,0.023909480976530978,0.02983906728156611,0.8019912533842107,,2026-01,20460
1767808800.0,18,,22717,28474,1.0628602145070098,1.1107685131622624,0.7449270588472001,0.8075027690245977,,,,,0.012444333364512908,0.02796008619671767,0.8534527395252144,,2026-01,20460
1767812400.0,19,,21773,19651,1.1790845460190984,0.969536367637649,0.7457789774705469,0.7580967497020361,,,,,0.013173079559765637,0.016564633703959577,0.819126487487375,,2026-01,20460
1767816000.0,20,,17255,18305,0.9749293993294369,0.9326073142461612,0.7485067048664003,0.7581930247640105,,,,,0.0038183486895579316,0.004389095744832936,0.80577295937637,,2026-01,20460
1767819600.0,21,,10486,9065,0.990445659379479,0.7537424429288141,0.6128710649320885,0.648973262639907,,,,,0.0005500899985434117,0.0002848452892710088,0.6960775795122554,,2026-01,20460
1767823200.0,22,,15653,13460,0.9446110513375037,0.7698204262829237,0.7292918020977006,0.7164061354420248,,,,,0.013310350952406978,0.013235729159001236,0.7873551729586722,,2026-01,20460
1767826800.0,23,,23320,15796,1.058725084869486,0.7746109420996666,0.7927599268075152,0.7442841016141257,,,,,0.021134702599430406,0.02663684481298517,0.8341398108341451,,2026-01,20460
1767830400.0,0,,15723,12897,0.9913635387291045,0.8528843129633398,0.7096494439879838,0.6787837288342894,,,,,0.02275725058663318,0.028868387108367265,0.7675260032398734,,2026-01,20461
1767834000.0,1,,13828,11304,0.9279074349466458,0.8700782275939128,0.693741390779674,0.6392612365492442,,,,,0.021943902214895908,0.03070831076892702,0.7459777460852092,,2026-01,20461
1767837600.0,2,,20093,22123,1.1095299792723146,1.2630350014795015,0.7134009544144148,0.7383483792784681,,,,,0.004920204113849138,0.016411880504369872,0.7959677158415835,,2026-01,20461
1767841200.0,3,,18773,17285,1.0784707496915917,1.1181856654630946,0.7187209452265657,0.6781974595015038,,,,,0.0008169498978755774,0.014986705663571666,0.7833069908010116,,2026-01,20461
1767844800.0,4,,17079,12837,1.042579832624583,0.9262026603022907,0.7083697252856367,0.6532681615948761,,,,,0.005989482208176564,0.007768859319406428,0.7757838150104385,,2026-01,20461
1767848400.0,5,,11314,10146,0.9655205837313505,0.7552126478262373,0.6211725270895121,0.6402113893975735,,,,,0.005277431629357893,0.006321611256265194,0.7239146398137003,,2026-01,20461
1767852000.0,6,,30384,34004,1.4286572928985162,1.3026512964369628,0.7262751895700735,0.8150467618440923,,,,,0.01524820377109227,0.028041778858713673,0.8567051757293628,,2026-01,20461
1767855600.0,7,,38349,25687,1.7803822563679428,1.282003402125205,0.7623709681017339,0.7395374355548354,,,,,0.010282374957213724,0.021785875700719333,0.8283436957181158,,2026-01,20461
1767859200.0,8,,20428,34173,1.208570650950891,1.1431378357535285,0.7487963428312363,0.5987371359988266,,,,,0.034147755246823,0.000960839096593828,0.8570935545220346,,2026-01,20461
1767862800.0,9,,21823,21620,1.7652094514602623,1.1425197033470393,0.6277413494209143,0.6901510950258445,,,,,0.01614998971730858,0.009341260937947293,0.7912077357333364,,2026-01,20461
1767866400.0,10,,23022,17643,1.370980295803974,1.0275390692173063,0.7195893601367216,0.6764722668144004,,,,,0.013155806638251435,0.006945269880178135,0.7870851209809997,,2026-01,20461
1767870000.0,11,,18944,19353,1.1927073667601293,1.1244348734273757,0.7182313836158696,0.7148610310025877,,,,,0.006226692587103321,0.004528422107515565,0.7880557336574404,,2026-01,20461
1767873600.0,12,,24916,20449,1.4165118508784798,1.108778219758011,0.7139719261449674,0.742505840127421,,,,,0.00842054032869027,0.0070046713129652775,0.7990008692356464,,2026-01,20461
1767877200.0,13,,17209,12708,1.4582071774905376,0.9925103726561488,0.6149521354985624,0.6163787300425533,,,,,0.02729433277689021,0.024119280291583257,0.7054389900787172,,2026-01,20461
1767880800.0,14,,60931,48532,2.3464752709127294,1.3878560588469535,0.7875099633236121,0.8298099541494145,,,,,0.027837102743772678,0.03936541214735792,0.8847658822331843,,2026-01,20461
1767884400.0,15,,62981,44783,2.3946984516141843,1.2780409352338675,0.822680806366607,0.8187775086160762,,,,,0.019911707171917554,0.00918893250960071,0.8774500812660573,,2026-01,20461
1767888000.0,16,,35822,36296,1.5716844995709487,1.2091834870614822,0.7872440811156157,0.8272287219345148,,,,,0.018234310120581687,0.01268203589960707,0.8653976813965535,,2026-01,20461
1767891600.0,17,,34084,32562,1.2526255464440255,1.299671699445886,0.8025319795262617,0.7930591422866649,,,,,0.030658958357893448,0.02616217499148647,0.8611672763107462,,2026-01,20461
1767895200.0,18,,20867,22151,0.9383988906642227,0.9355303332750103,0.7508814950084475,0.7868063658263399,,,,,0.029901233304433415,0.02999893537462102,0.8429440184992053,,2026-01,20461
1767898800.0,19,,15819,17426,0.7934835986788226,0.904698111976268,0.7511446165007415,0.768279469257546,,,,,0.009976894919739734,0.012219104820772956,0.8153986537362158,,2026-01,20461
1767902400.0,20,,20808,25291,0.9401192154283584,0.9330574526800783,0.7516281428087305,0.8108025100527502,,,,,0.030766106171964708,0.01923661221597991,0.8548106749582158,,2026-01,20461
1767906000.0,21,,18542,15092,0.8372629943751578,0.9253067473476301,0.7069072320553041,0.7169113093286889,,,,,0.025499286573825344,0.023754234248201625,0.8281220216927226,,2026-01,20461
1767909600.0,22,,13498,16401,0.8362067352631662,0.769022605855573,0.6615006192485928,0.7397113462119812,,,,,0.029215960643841687,0.02937791374374597,0.8189468444754612,,2026-01,20461
1767913200.0,23,,9958,12654,0.7155748775064452,0.6783630910233063,0.5933580074075975,0.7292632066750063,,,,,0.02932352850761099,0.028036057299017054,0.7924830707515975,,2026-01,20461
1767916800.0,0,,8184,7982,0.7785926874386608,0.6637367775533226,0.537293028902125,0.5875824588713561,,,,,0.039799931584184434,0.023509104475151362,0.6771153512721396,,2026-01,20462
1767920400.0,1,,19460,25561,0.8020426390826284,1.1614797018171448,0.7310735663961785,0.7572791085556229,,,,,0.03777631302545333,0.03595739293612801,0.8439741707144263,,2026-01,20462
1767924000.0,2,,13526,15422,0.8918037249417403,1.0774829246313014,0.6689090863372464,0.6586845484339515,,,,,0.04360654760139282,0.029478783770576954,0.7557168392991858,,2026-01,20462
1767927600.0,3,,12368,10950,0.8098067583646609,0.843600773294861,0.6529832149030688,0.6372015914051902,,,,,0.026792392281459965,0.029780269744202642,0.7514481743269527,,2026-01,20462
1767931200.0,4,,9365,7573,0.7769885169979059,0.6459387132420286,0.5751403326755625,0.5805910732737336,,,,,0.01759823862538723,0.030773057229450666,0.6971052709569336,,2026-01,20462
1767934800.0,5,,9303,8740,0.7298566887125837,0.7133306362500564,0.6257775137907694,0.6179818604163976,,,,,0.03118568278533615,0.028890769560611543,0.7130184114449462,,2026-01,20462
1767938400.0,6,,8934,8151,0.710366066579292,0.7355084510818232,0.5883258124599979,0.5675072870853544,,,,,0.03207413872613903,0.03304654152187155,0.7013134411717261,,2026-01,20462
1767942000.0,7,,10724,13361,0.9371617573020636,1.0435984354092132,0.5764556049486034,0.6591537787438488,,,,,0.02443510167169992,0.02716301678312224,0.7089894429162756,,2026-01,20462
1767945600.0,8,,30455,34058,1.3195253123729138,1.2727992234771848,0.7246251930870308,0.8171383476258653,,,,,0.03158901778553087,0.04489954976644222,0.8611993925064791,,2026-01,20462
1767949200.0,9,,17854,14503,1.121404921017963,1.0628246346127261,0.7150955822643408,0.6611948053794076,,,,,0.03962496688617644,0.03812040250329533,0.7608464565916643,,2026-01,20462
1767952800.0,10,,9121,9230,0.8275541050662003,0.9564187106157244,0.6386929704686056,0.5510603925064393,,,,,0.017848109834994862,0.003306435400323967,0.6696057720055287,,2026-01,20462
1767956400.0,11,,11602,12364,1.0795715662917107,1.1198641218644882,0.5776334889488826,0.6274686260314737,,,,,0.0028513722221657893,0.004147053478736758,0.6728206085102122,,2026-01,20462
1767960000.0,12,,14898,15716,1.21054979358362,1.139395594504908,0.6137202266067058,0.6694559570257513,,,,,0.017837950958240516,0.019734437528258753,0.7301897815699054,,2026-01,20462
1767963600.0,13,,24411,25108,1.1884033151781022,1.178117046698245,0.7587633707848569,0.7756152248760673,,,,,0.027705398746458748,0.030178648314126155,0.8309652591284123,,2026-01,20462
1767967200.0,14,,41284,41935,1.3030300789513785,1.3461281258669977,0.8213662089883038,0.8299980537583558,,,,,0.03156475225690292,0.037210501017500786,0.885751320949878,,2026-01,20462
1767970800.0,15,,86067,83979,1.9931176198558902,1.681330319265344,0.8831508264112228,0.863543591351183,,,,,0.028330521749183702,0.014864930067708058,0.9241171735233755,,2026-01,20462
1767974400.0,16,,33449,33976,1.2855433942298622,1.2156771951521064,0.8300887147677375,0.8195670525967991,,,,,0.0205048739224424,0.013764343734274582,0.875655366566791,,2026-01,20462
1767978000.0,17,,20855,25339,1.0280272537878041,0.9891897709806697,0.7768750470555663,0.8154121294976924,,,,,0.013877206208743937,0.012604103006266285,0.8502732045026001,,2026-01,20462
1767981600.0,18,,23172,30454,0.9860667005515484,0.9171183702209212,0.7691791170314737,0.8485630023958787,,,,,0.03671858359427361,0.03199343458430751,0.8835161956384341,,2026-01,20462
1767985200.0,19,,20435,23455,0.8738505444065173,0.7826226634908887,0.7857783532968798,0.8417154165690747,,,,,0.010417792066356703,0.017011065442742737,0.8743797542007232,,2026-01,20462
1767988800.0,20,,17373,17837,0.7675274723468546,0.7979204682334023,0.8077281518921369,0.7992592203241474,,,,,0.003996708513101893,0.007714066176020407,0.8464366677081709,,2026-01,20462
1767992400.0,21,,13727,11192,0.6788480582383453,0.6539577547076277,0.6716180871463168,0.7365585515392625,,,,,0.020001115507789217,0.021530297978366912,0.8134391241892945,,2026-01,20462
1767996000.0,22,,12518,10682,0.7647176509523796,0.6470561398915241,0.6742320564453301,0.7216673898298279,,,,,0.008446285514270508,0.005412317709769609,0.7804844837962692,,2026-01,20462
1767999600.0,23,,4960,6384,0.6448230978797062,0.6685056133322019,0.49731254648038303,0.5403468704588971,,,,,0.004899959900644626,0.0053469916940911575,0.6188502508066808,,2026-01,20462
1768003200.0,0,,5275,5744,0.7670624013554425,0.6664687434806781,0.42507382001342214,0.5047101045911991,,,,,0.007204029051490867,0.0013980526628184968,0.5705712113521614,,2026-01,20463
1768006800.0,1,,5062,5141,0.6753886605814716,0.6973406561407486,0.4629082028682744,0.4389332597183914,,,,,0.01119101094888297,0.00016543453157109387,0.5185158063831401,,2026-01,20463
1768010400.0,2,,5232,6783,0.6626295588105161,1.0867559816845032,0.4547723069731742,0.3519703170634182,,,,,0.00811853593973599,0.003504545482644567,0.5379974409618358,,2026-01,20463
1768014000.0,3,,5255,4831,0.6132238820730883,0.6108016371269932,0.4380371265231103,0.40710027259213805,,,,,0.0008162974088254513,0.001746369861328998,0.5759634691665438,,2026-01,20463
1768017600.0,4,,5425,6992,0.7317175900208162,0.7538522481662525,0.37531738979546314,0.5244225931299197,,,,,3.439763320556038e-05,0.007492958563848973,0.6094454577065187,,2026-01,20463
1768021200.0,5,,4615,3465,0.6112813935902395,0.5711879679084156,0.39031131799101004,0.29544207240327625,,,,,0.0022527647038531077,0.006103107551214024,0.5140706948665275,,2026-01,20463
1768024800.0,6,,3618,5185,0.585326431886397,0.6107350388967591,0.28442702457586383,0.4635981538443064,,,,,0.003381381861587458,0.0012059146092371434,0.5690325459806381,,2026-01,20463
1768028400.0,7,,6760,4847,0.8407763409489566,0.6273248715051745,0.453660842215893,0.4254745297185905,,,,,0.013265931469560307,0.0003589652283983804,0.5507030574016082,,2026-01,20463
1768032000.0,8,,6826,7193,0.9096304733007072,0.7588951815413032,0.4706247254594222,0.5034034421759472,,,,,0.003835597068611623,0.0036825236262943476,0.6079947996366201,,2026-01,20463
1768035600.0,9,,6435,5848,0.8419596541501282,0.7593232400951959,0.44146716764036953,0.4370214917865015,,,,,0.008863772514412591,0.0004498024151601848,0.5295210686028112,,2026-01,20463
1768039200.0,10,,5557,5277,0.7885699113755358,0.7677597872003856,0.40854932501898367,0.37806653228423637,,,,,0.012965622688628367,0.00029449178478089795,0.4880779871305636,,2026-01,20463
1768042800.0,11,,4503,5113,0.7755521224415696,0.7589500004953608,0.22636554227013955,0.34012621962192285,,,,,6.116721749741948e-05,3.189332553287528e-05,0.46305713355674116,,2026-01,20463
1768046400.0,12,,5122,5391,0.771191756479719,0.825598514528282,0.35941620217194176,0.3765946014995762,,,,,0.011863378329360899,0.0024753833267903837,0.4560101716491362,,2026-01,20463
1768050000.0,13,,4549,5914,0.7809091305837288,0.930873512919344,0.29400733284962044,0.3479759908472879,,,,,0.0015637722097045746,0.008499038077551918,0.42991061482936255,,2026-01,20463
1768053600.0,14,,5080,6693,0.8056280209596772,1.0085738693977924,0.3459389930328049,0.39632438871114445,,,,,3.595825520257477e-05,0.010364336072531566,0.4563725965387064,,2026-01,20463
1768057200.0,15,,6770,5021,1.1480812108109903,0.9199576471030649,0.25168258519880654,0.23908452003460517,,,,,0.013540487697942053,0.00010564206200058058,0.38768336353545785,,2026-01,20463
1768060800.0,16,,7542,6252,1.1522804708235157,0.9861324450940918,0.22999640802431226,0.30189505248189225,,,,,0.008169964852669069,5.140660891497822e-05,0.4507056670223481,,2026-01,20463
1768064400.0,17,,5665,6491,1.0093404662005128,0.8544930712097947,0.21429882286007623,0.38974731337573126,,,,,0.020368890150591526,0.0025515978911567006,0.5047727086542146,,2026-01,20463
1768068000.0,18,,5339,4883,0.9276260326156409,0.8654491894578031,0.23792422903753235,0.24137283362365772,,,,,0.028794651730692372,0.01894065013665345,0.3710136689741474,,2026-01,20463
1768071600.0,19,,5513,4117,0.9739234905269336,0.8479984535690885,0.16524963167365492,0.1600399380725466,,,,,0.0031108327384469234,0.005051021450286346,0.3566542102245263,,2026-01,20463
1768075200.0,20,,4750,5079,1.0025489412001238,0.8702051444998382,0.11761552147784539,0.2713739987514076,,,,,3.059023205018258e-07,7.574854283700578e-05,0.3783516616170684,,2026-01,20463
1768078800.0,21,,4961,5560,0.8715573873188598,0.839223346054622,0.22762253696609874,0.3697699811652072,,,,,0.006474285164919491,0.00921720539633871,0.4456283981598927,,2026-01,20463
1768082400.0,22,,6357,7424,0.8294152676485798,0.8270864648856138,0.43435095526198736,0.502359688576315,,,,,0.009681017619773701,0.019916994658590002,0.5899165572983418,,2026-01,20463
1768086000.0,23,,6010,4992,0.741917908344441,0.6463667851829319,0.434199845559021,0.4384652499060438,,,,,0.012007433370274934,0.003171997901685099,0.5536250181391179,,2026-01,20463
1768089600.0,0,,6030,5729,0.780505081500368,0.7896082203170538,0.39234713382754777,0.4099744226954972,,,,,0.009414299136233834,0.0002091382267697948,0.5325703686415044,,2026-01,20464
1768093200.0,1,,4662,4751,0.7101583936607506,0.7064798562513344,0.3057662501585886,0.384793652372516,,,,,0.00011386164049165404,2.3276230516253765e-05,0.45972437449483783,,2026-01,20464
1768096800.0,2,,4873,5840,0.712698591509321,1.0180711401800868,0.38943033667036403,0.2759631562149869,,,,,0.012830391521255785,0.005465963979963619,0.4672666268860525,,2026-01,20464
1768100400.0,3,,4744,5691,0.7352819376663537,1.1037651755749887,0.347750292197393,0.26977675870759765,,,,,0.0019257432037547476,0.0003824566057835437,0.4403855551605405,,2026-01,20464
1768104000.0,4,,4808,4101,0.7040896232060112,0.6346597423948465,0.36579726736663704,0.32180948443147195,,,,,0.00215517352551713,0.019575056044651856,0.46092272743051865,,2026-01,20464
1768107600.0,5,,4268,4555,0.6534932065416825,0.7690744729877377,0.3510468728113238,0.3026214272569454,,,,,0.024567412785371032,0.02164564645203769,0.4329814592466757,,2026-01,20464
1768111200.0,6,,4692,7652,0.6257545496459577,1.1299661922488067,0.3874927333765947,0.3851401560325147,,,,,0.0007861304663022856,0.008154235503424671,0.5079479359806749,,2026-01,20464
1768114800.0,7,,4070,5136,0.6971404477180116,1.021991271862591,0.2128613415521669,0.2415615641444428,,,,,5.953587802493144e-05,1.8886506791378193e-05,0.3810390751669177,,2026-01,20464
1768118400.0,8,,7113,7398,0.9347317250928623,0.8706751536829799,0.44957688234683874,0.5053146643489164,,,,,0.013527822193894935,0.0017701067009265182,0.5657053393115219,,2026-01,20464
1768122000.0,9,,5204,6386,0.7321596308574555,0.8169739139755032,0.4362865640069086,0.47505193405333146,,,,,0.006118273768600618,0.0033004664275663315,0.5316418357841696,,2026-01,20464
1768125600.0,10,,4375,4722,0.8421003131674525,0.7563809616984464,0.22134872093129185,0.3027537478072053,,,,,0.00691523848523655,0.0004590980936369863,0.4096345704229332,,2026-01,20464
1768129200.0,11,,4530,4771,0.852095610270652,0.738656460030967,0.23564259278948516,0.21772228249264622,,,,,0.005469586520869734,1.3230703226707372e-05,0.43377046570234973,,2026-01,20464
1768132800.0,12,,7806,6724,0.9809488690157164,0.8873970981760897,0.5109362774942905,0.40126979283165726,,,,,0.021959815626470074,0.0025063807804558916,0.5467600491226665,,2026-01,20464
1768136400.0,13,,5880,7472,1.0294864108803332,1.0548532456775166,0.3087646488522765,0.43604357814123673,,,,,0.00022225233005779814,0.0028443844975883786,0.4871562263128669,,2026-01,20464
1768140000.0,14,,10245,8144,1.1723665112488777,0.9992673428185441,0.5499327362593273,0.4446548381415474,,,,,0.021147585213901438,0.009143225479038938,0.5849838335833741,,2026-01,20464
1768143600.0,15,,12517,20469,1.1950167582896665,1.160382498612325,0.5884971772818295,0.5674782471403563,,,,,0.0013403945744527928,0.0025380856310211965,0.7919546744620917,,2026-01,20464
1768147200.0,16,,15335,15639,1.0769261663137581,0.6902222860402759,0.63414590336571,0.500340257607279,,,,,0.009138498942198,0.010610984929653124,0.8297338379089158,,2026-01,20464
1768150800.0,17,,7388,8059,0.7980812538915817,0.7739800867209718,0.5290129728364428,0.5696403810382076,,,,,0.0019809476472532703,0.00011490489053766593,0.6510397926531134,,2026-01,20464
1768154400.0,18,,5872,7022,0.7074025440024856,0.8229958555052117,0.48200970378709074,0.4948937982132293,,,,,0.010836442238842055,0.0037869957883393244,0.572264349577667,,2026-01,20464
1768158000.0,19,,5595,7179,0.7677201996678817,0.8045889033389236,0.4395529204185494,0.5545318710051269,,,,,0.0005373138752418439,0.006255821496441506,0.5934258171396638,,2026-01,20464
1768161600.0,20,,13972,13909,0.9047500007940286,0.7471243436515548,0.7030387206685939,0.7451872130369616,,,,,0.010999099400107851,0.017635202915438113,0.8001152204451384,,2026-01,20464
1768165200.0,21,,9354,7473,0.744704863953745,0.623818858473843,0.6554459693674016,0.6464403134465067,,,,,0.007269553800629914,0.008837683587713087,0.7097991785611061,,2026-01,20464
1768168800.0,22,,8698,10002,0.7039780225151683,0.6132835031669589,0.6434973741633999,0.7257338048035353,,,,,0.010843534683529292,0.012358209821207684,0.7702143642392922,,2026-01,20464
1768172400.0,23,,24311,20044,0.8095236377376572,0.6836998944360493,0.8271147592300967,0.816919356412768,,,,,0.01260470737198495,0.012330516961530726,0.8792400271908125,,2026-01,20464
1768176000.0,0,,24541,24717,0.9317001175551101,0.9283905953717809,0.8226223533444298,0.8097475594837795,,,,,0.008177104696664524,0.009908820770065625,0.8640159463354843,,2026-01,20465
1768179600.0,1,,31197,32047,0.8576336956255021,0.8326361600466091,0.849581690444206,0.8465647455013978,,,,,0.025493783346234426,0.01341621073169443,0.9037338912206614,,2026-01,20465
1768183200.0,2,,31373,21342,1.0187520914049708,0.8796496845199663,0.8331360577912972,0.7790961020538532,,,,,0.024347829273701407,0.020320883733688337,0.87694728457049,,2026-01,20465
1768186800.0,3,,21388,24253,1.1167202235673441,1.0315778096009167,0.7628133790080307,0.8060695059555876,,,,,0.01889798248014864,0.018134741941587564,0.8336850286877896,,2026-01,20465
1768190400.0,4,,13610,10424,0.9679744503264268,0.7720343542946907,0.7143628666577658,0.6867918445794394,,,,,0.008246686126798195,0.004063798938723714,0.7462988884062197,,2026-01,20465
1768194000.0,5,,7697,7876,0.7192509951758239,0.6430681074356408,0.5948247177651838,0.6584419427541829,,,,,0.0022498045699113622,0.008799871246979259,0.7032597149550087,,2026-01,20465
1768197600.0,6,,8594,9637,0.8212240489272911,0.7911407098567018,0.5842440408437664,0.6592550010383491,,,,,0.004215676252095632,0.010236136365954688,0.693385771309637,,2026-01,20465
1768201200.0,7,,13200,16567,0.9912212189200309,1.027928415516345,0.6610737476376347,0.7330671546360362,,,,,0.009961376260923716,0.020386550422705183,0.7665059599681459,,2026-01,20465
1768204800.0,8,,30879,34200,1.3378773986629127,1.24673082071381,0.749484270739984,0.8450501704444057,,,,,0.013603322422674063,0.030183509000859657,0.8647605256685893,,2026-01,20465
1768208400.0,9,,15358,15608,1.0009602159906636,1.1330183935966849,0.7343773947362403,0.704429680951868,,,,,0.011493749514426162,0.007860288433707733,0.7581560062720418,,2026-01,20465
1768212000.0,10,,11390,12477,1.1066679149336578,0.8366966717464733,0.6108724702296551,0.7334521631290595,,,,,0.006712196396174608,0.012325622292761532,0.7545689460532682,,2026-01,20465
1768215600.0,11,,12654,9808,1.2573049471136986,0.9008868685119079,0.6125994573725277,0.6150356646946928,,,,,0.012421547970821031,0.013662736612954252,0.6599692001423099,,2026-01,20465
1768219200.0,12,,10313,7693,1.2706402205023408,0.9459591872053861,0.5283265105990026,0.5079129559452427,,,,,0.0013481942843550057,0.001025580317081438,0.5587651087578457,,2026-01,20465
1768222800.0,13,,11109,11851,1.0899069261730134,0.9396959068843355,0.6093976443188717,0.662616698703165,,,,,0.0076814774582693755,0.016917696326156112,0.7051019245511991,,2026-01,20465
1768226400.0,14,,42118,39006,1.3710719822988002,1.104409663653562,0.8364223264005914,0.8479469790113456,,,,,0.019193970209551714,0.02462288429430765,0.8917503609785743,,2026-01,20465
1768230000.0,15,,41038,36894,1.247463521375741,1.2539683994051902,0.8766121482338929,0.8355722443729919,,,,,0.013285315845370503,0.011370073840262306,0.8929960647859825,,2026-01,20465
1768233600.0,16,,39144,39279,1.3186696532263102,1.626286248072751,0.8322956678202371,0.7927954352165746,,,,,0.024444761560438965,0.013703412644796081,0.866671374805508,,2026-01,20465
1768237200.0,17,,35029,40868,1.0222698824805083,1.1693245227153855,0.8274316828652689,0.8672304476166179,,,,,0.014620092040619611,0.023310720328392143,0.9009270260548887,,2026-01,20465
1768240800.0,18,,21625,18537,0.8420579188750511,0.9423366917174572,0.8257615582827909,0.7640852108208861,,,,,0.009006343203164745,0.007557585654283377,0.8551266734722731,,2026-01,20465
1768244400.0,19,,13617,11285,0.7336339265211402,0.8426092075865602,0.7624554467066025,0.6685944354514001,,,,,0.02204176825182736,0.013020775401776277,0.7966212003331296,,2026-01,20465
1768248000.0,20,,12720,14188,0.7649476689284658,0.7864992506328282,0.741923306392959,0.7608006469475781,,,,,0.014093999216223016,0.010225908205096942,0.7946156492414089,,2026-01,20465
1768251600.0,21,,12410,16396,0.8200813059348572,0.7627796415114574,0.7046743298038204,0.8005678471053603,,,,,0.0077063892331416355,0.017300569523093366,0.8253143758912861,,2026-01,20465
1768255200.0,22,,13133,10428,0.7841164709708993,0.7114753285458729,0.7424211071558224,0.7133307298033172,,,,,0.00847084803657541,0.012599444028354223,0.7783248202061117,,2026-01,20465
1768258800.0,23,,9006,8014,0.7592058699537548,0.6541407604730008,0.6296689256330271,0.6595046378546486,,,,,0.012462254968072425,0.0050716631498565505,0.7010751488899767,,2026-01,20465
1768262400.0,0,,13390,11274,0.8238161625017835,0.7381815936183691,0.7271006445262644,0.7091242222889413,,,,,0.016663836821311395,0.00748588173029608,0.7801842086234226,,2026-01,20466
1768266000.0,1,,10747,11569,0.7843921561502274,0.679105377820289,0.6827981429757471,0.761576171225506,,,,,0.0007011447869830912,0.002474610167648484,0.7846673438286503,,2026-01,20466
1768269600.0,2,,8973,8480,0.8143395100598394,0.6845855548774142,0.6005294380185257,0.6719542275499686,,,,,0.0005017060043099006,0.00272786684249832,0.7057891780024131,,2026-01,20466
1768273200.0,3,,11103,7308,0.8802018043303114,0.6559358888022904,0.6528911625867395,0.6288355147770259,,,,,0.007943380733703003,0.006303275436403349,0.7116001686588712,,2026-01,20466
1768276800.0,4,,9576,7703,0.7561828916350669,0.6743499960267476,0.6737609027097774,0.6240095971185917,,,,,0.013675820837408943,0.0013228952143479345,0.7149765324106281,,2026-01,20466
1768280400.0,5,,26183,22993,0.9047575774972921,1.0663207882119812,0.8290000306057795,0.7562117360959362,,,,,0.02789253768072837,0.012519484277591243,0.8699646682660432,,2026-01,20466
1768284000.0,6,,16269,15308,0.8909132668824861,0.9597243209663484,0.7692181332484627,0.7336636791030764,,,,,0.017601570524921558,0.01021421257376314,0.7968449875508029,,2026-01,20466
1768287600.0,7,,13243,12151,1.0867144910961404,1.1705148117258417,0.6520441159528164,0.624010092665069,,,,,0.006924324154719574,0.00345688749517505,0.7012897561628086,,2026-01,20466
1768291200.0,8,,12595,9554,1.1624161780192857,1.0765618990098424,0.628643485425296,0.5410971118581266,,,,,0.013764365408880713,0.0019784575475880087,0.6655629515173066,,2026-01,20466
1768294800.0,9,,32589,29068,1.3991540036809678,1.4085437367678038,0.7951304449611866,0.7639477408075744,,,,,0.02372179904572033,0.014919286728603378,0.8408511616680676,,2026-01,20466
1768298400.0,10,,11932,13433,1.1234595929433524,1.1698350981449075,0.6179667150541095,0.646377255667211,,,,,0.007867989120643267,0.007643269803753306,0.680072014709323,,2026-01,20466
1768302000.0,11,,10127,10844,1.0060105171447167,1.0176517403917056,0.6043771428911344,0.6200956103911013,,,,,0.01926566163433917,0.005662931531888526,0.6512146098593997,,2026-01,20466
1768305600.0,12,,10361,9897,1.0452060045644802,1.0479763297676288,0.5868815736625058,0.5505211639827852,,,,,0.025111382501412382,0.01799542907738132,0.629725505488662,,2026-01,20466
1768309200.0,13,,30909,31912,1.1688328368722567,1.0906871541599223,0.7957475857480262,0.8043096190080027,,,,,0.04392832136990226,0.0332855928213549,0.8709727487367728,,2026-01,20466
1768312800.0,14,,46938,44916,1.4203527772575044,1.5642337763080962,0.8494293584489195,0.8184527909913938,,,,,0.03027946785702347,0.023449160140439795,0.887026514564634,,2026-01,20466
1768316400.0,15,,58644,47639,1.435664184740854,1.8186698037754092,0.8546621875951098,0.797677478251779,,,,,0.026675235017403306,0.037270290051359,0.8951297638130643,,2026-01,20466
1768320000.0,16,,46607,46158,1.7669095663100443,2.2083047614744307,0.7941494607899814,0.7651978360058783,,,,,0.03346748823402919,0.027617327097186155,0.8519642181853873,,2026-01,20466
1768323600.0,17,,30472,31403,1.1027447774767822,1.415501643584775,0.8032058878302181,0.7947268689464632,,,,,0.02484925619105093,0.027979253626087292,0.8552134258687502,,2026-01,20466
1768327200.0,18,,31197,28565,1.0007122260430614,1.3255195961661321,0.8035446536394201,0.7780605258876109,,,,,0.026450567530334507,0.03759498234671553,0.8675532346340551,,2026-01,20466
1768330800.0,19,,31614,26168,1.05771517531402,1.4529512847302466,0.8165590876586615,0.7308503089548352,,,,,0.03202610597309581,0.027631393460614263,0.8623471147211721,,2026-01,20466
1768334400.0,20,,37337,41122,1.161697042569993,1.858439542633899,0.7938251381363842,0.7785350168736593,,,,,0.03289296280735069,0.03593652737304651,0.86693018047378,,2026-01,20466
1768338000.0,21,,19457,23524,0.942915741791734,1.4024773787137947,0.6919306360658577,0.7514433315348483,,,,,0.020049428691491712,0.03116866197249093,0.8015650439865507,,2026-01,20466
1768341600.0,22,,92925,70548,1.349216549088753,1.8537957236648712,0.8345152692493865,0.7923839198168561,,,,,0.04370960347447235,0.058955038964459854,0.9437870333015196,,2026-01,20466
1768345200.0,23,,26796,30134,1.385336060217967,1.813725939690056,0.7424532128099286,0.7348227147386683,,,,,0.026545806891826073,0.02413236470057974,0.8023533445544111,,2026-01,20466
1768348800.0,0,,21273,22225,1.1513136137789721,1.373596753149101,0.7115327470800107,0.7224988698940435,,,,,0.028352062480172524,0.027424963084239626,0.7930693462284717,,2026-01,20467
1768352400.0,1,,18443,19546,1.0376856747305665,1.1002915963484072,0.7227604047401043,0.7322018835346,,,,,0.0360671129302379,0.02283825608666952,0.7974384998824813,,2026-01,20467
1768356000.0,2,,16042,14084,0.892418273623256,1.0099305641966645,0.7061957371191282,0.670475568008532,,,,,0.029723703874274577,0.05130020931841108,0.7778030256858653,,2026-01,20467
1768359600.0,3,,12962,10154,0.9731045641172855,1.027405498000417,0.651639098020792,0.5826210670215748,,,,,0.0170243304324581,0.04239148446521803,0.7034677857782751,,2026-01,20467
1768363200.0,4,,13663,14972,1.1080870761177188,0.9637838046669199,0.6353627096659797,0.7113718287147647,,,,,0.024745746869430985,0.024322326126648905,0.7551653913187549,,2026-01,20467
1768366800.0,5,,16883,18174,1.1726201023080516,1.3988346384122687,0.6655791812691523,0.6780947796604899,,,,,0.030974706363476375,0.03658771566962725,0.7373462879769436,,2026-01,20467
1768370400.0,6,,21279,23195,1.3224814142851054,1.4796196306890221,0.6956849417009054,0.7254409869214353,,,,,0.027599629493261904,0.030175989639543693,0.7729823780089872,,2026-01,20467
1768374000.0,7,,19000,17062,1.2527954124456744,1.4878257051550718,0.677107376195922,0.6421176611647119,,,,,0.02611212128174923,0.02298426424892444,0.7437297613713284,,2026-01,20467
1768377600.0,8,,11905,12095,1.0686646058656073,1.0942492157801542,0.5824145761216378,0.6209719631390894,,,,,0.027286893288492764,0.031441928656460935,0.676106895923625,,2026-01,20467
1768381200.0,9,,15765,12274,1.1413030717014223,1.0372482022977274,0.6740987742395587,0.6326868564336633,,,,,0.034253714773587754,0.027459631334509193,0.730349893319369,,2026-01,20467
1768384800.0,10,,16091,17832,1.1485203813796279,1.2187998597656002,0.6915631550096978,0.6881080510440851,,,,,0.0332179887017296,0.02793359791372278,0.7491854272875215,,2026-01,20467
1768388400.0,11,,14347,17285,1.197267847949865,1.2612054322656505,0.632950448282405,0.6728362676478428,,,,,0.026367079281496616,0.022705471522816496,0.7264855062178017,,2026-01,20467
1768392000.0,12,,16284,16044,1.10399391965791,1.111737951280053,0.6849201375212022,0.6711241043022738,,,,,0.03394068064384792,0.03194834703493302,0.7545262319430549,,2026-01,20467
1768395600.0,13,,16482,16297,1.1361604028654928,1.226033367177839,0.7023986348811023,0.6819559643921074,,,,,0.02306256328382349,0.019034278379214068,0.7430150809309822,,2026-01,20467
1768399200.0,14,,78038,60175,1.6479054387148997,1.8096812312665274,0.8567812779976609,0.7989760255879069,,,,,0.03450454241324166,0.03843558924237777,0.9089116644780472,,2026-01,20467
1768402800.0,15,,71291,62197,2.3899242350039356,2.377377531550402,0.7953230791309422,0.7880022397014648,,,,,0.017282358263336628,0.03800705098885217,0.8726987726657961,,2026-01,20467
1768406400.0,16,,58380,50793,2.2879317215752613,2.2977687412447216,0.7905608483502726,0.7701260690042298,,,,,0.022450650170421093,0.024755619244206117,0.8561235597011356,,2026-01,20467
1768410000.0,17,,44788,47789,1.7272886832001844,2.004799153553171,0.7842463098477382,0.7937347526917676,,,,,0.018795616016721042,0.021035931089651683,0.8531911718342472,,2026-01,20467
1768413600.0,18,,35472,35777,1.2914188068944796,1.2920554320095512,0.8015757104920573,0.8164287295760977,,,,,0.01683165937010063,0.026506643603308587,0.8700670758730039,,2026-01,20467
1768417200.0,19,,33179,27309,1.1251189585061052,1.171589812912258,0.8230629874367846,0.7739157080103222,,,,,0.023975904212628477,0.019366513284419542,0.8731192746119899,,2026-01,20467
1768420800.0,20,,36444,31427,1.2726365242825466,1.2730733635093128,0.8362158633313734,0.8092635053851644,,,,,0.002799315583281332,0.004915729966185236,0.8681752386746265,,2026-01,20467
1768424400.0,21,,16060,15079,0.9207244987813497,0.955917936462865,0.7185265542421934,0.7147016770411909,,,,,0.01399038358974644,0.014753310077250024,0.7853750035866758,,2026-01,20467
1768428000.0,22,,18054,22852,1.0283221785708172,1.0652845426690871,0.720068792704204,0.7988179515976777,,,,,0.016427181217137838,0.01578454075870447,0.8261217574795406,,2026-01,20467
1768431600.0,23,,14625,12219,0.9966551580494855,0.8238712359777784,0.6868020906530117,0.7096165245103186,,,,,0.015018533499213265,0.016313444859368104,0.7565632514018654,,2026-01,20467
1768435200.0,0,,15144,18531,1.0253029994351728,1.0816242154393696,0.6913690097724173,0.7525168070136004,,,,,0.00742597778753666,0.01557597204830762,0.7855710860239816,,2026-01,20468
1768438800.0,1,,17656,20202,1.0520887072825227,1.148578119257896,0.7131375164316751,0.7551049338598103,,,,,0.016098171425908404,0.015567464150021535,0.7912259643084555,,2026-01,20468
1768442400.0,2,,17599,18957,0.9688886484028901,1.140687806315431,0.7332518500208332,0.7299336064431883,,,,,0.021926254809614184,0.0179956641241097,0.794539829761177,,2026-01,20468
1768446000.0,3,,19809,24473,1.054733508263189,1.1863448529154492,0.7365285194183364,0.7754099520096983,,,,,0.018409618535247134,0.020745569854109726,0.8218549209503709,,2026-01,20468
1768449600.0,4,,14722,12741,1.0057061223955361,1.0033741503688651,0.7110672081503026,0.6744712074591688,,,,,0.014992690099488788,0.008474611235507832,0.749974616370491,,2026-01,20468
1768453200.0,5,,13808,12028,0.8737794374479767,0.944737817358531,0.7337167665320322,0.6670217698927039,,,,,0.018924847950931602,0.01192107046192234,0.7653762831800959,,2026-01,20468
1768456800.0,6,,14116,12837,1.0310608597353978,0.9144285640316677,0.6855216568640609,0.7040315971060693,,,,,0.009559136290105765,0.012618226808811186,0.7401244199700062,,2026-01,20468
1768460400.0,7,,18847,16027,1.2285710811676904,1.4445104934003843,0.7021210186261796,0.6252017112951826,,,,,0.021872616794786148,0.02619341830631802,0.7476635298287057,,2026-01,20468
1768464000.0,8,,23415,20906,3.0006577510245522,2.909702421681933,0.4892702853231414,0.431746934750402,,,,,0.011807564527854949,0.010975568679682152,0.5302011096015361,,2026-01,20468
1768467600.0,9,,25860,18328,2.5729365397911863,2.2368282240784576,0.6206688462202198,0.5161873960704463,,,,,0.02255133785230615,0.008626748545933507,0.6375918567740338,,2026-01,20468
1768471200.0,10,,11475,10499,1.2064994053559333,0.9655258484480572,0.5547003137961236,0.6177269817477727,,,,,0.01659430838442626,0.01030922378274502,0.6487796859029912,,2026-01,20468
1768474800.0,11,,10154,10603,1.2446645977065005,0.9516371705151185,0.5257873662374394,0.632528836115252,,,,,0.009205088770896994,0.004953766706552893,0.6628529710022102,,2026-01,20468
1768478400.0,12,,14796,9311,1.1946384456086852,0.9828147380810589,0.660720570197119,0.5620320827039368,,,,,0.01300208458705714,0.011328516811887828,0.7024294223821955,,2026-01,20468
1768482000.0,13,,17656,15168,1.2828630587540806,1.1453551991932627,0.6766305639085018,0.6773826034291737,,,,,0.011753732919819432,0.013319862196891291,0.729117497709258,,2026-01,20468
1768485600.0,14,,47497,50304,1.7350827537331746,1.6293527541599753,0.8021441522345938,0.841130795655016,,,,,0.02079927578294262,0.027074826341155152,0.8789545810870615,,2026-01,20468
1768489200.0,15,,63135,63292,1.5511916311381444,1.6539931895928903,0.8757041331490756,0.8285524103491423,,,,,0.04058710160624269,0.019449432521697452,0.9173001841000905,,2026-01,20468
1768492800.0,16,,43758,50028,1.1326182694766367,1.7070358419899676,0.8714705473167131,0.8130818193839512,,,,,0.03182518049752477,0.017420595068214906,0.9018891989468155,,2026-01,20468
1768496400.0,17,,33020,44012,1.0980154958597381,1.5842436209077768,0.8764202257645012,0.787004388492714,,,,,0.008545632390465624,0.00350325203412502,0.8866192103242109,,2026-01,20468
1768500000.0,18,,24203,32238,1.070016224515586,1.5348132484949093,0.7856283603461184,0.8013381629973998,,,,,0.016066748186071806,0.017565769627905202,0.833510348115826,,2026-01,20468
1768503600.0,19,,30062,35164,1.2669714093152258,1.2035589742815311,0.7896012920067369,0.8388015553259517,,,,,0.01267759888780675,0.012928904511402503,0.869204697193034,,2026-01,20468
1768507200.0,20,,18870,20693,0.9233232562528629,1.0321197106007827,0.7773671570339896,0.7794145428413358,,,,,0.012699335707144366,0.013426772790967057,0.8218527480148242,,2026-01,20468
1768510800.0,21,,11689,8094,0.8641738463207719,0.7012323543814432,0.6863042487884523,0.6274847363082464,,,,,0.013259624168093398,0.007886093230755458,0.7305082249742965,,2026-01,20468
1768514400.0,22,,12334,10886,0.8790878824683785,0.7642571727137296,0.6868264676910278,0.708080343995832,,,,,0.009764542835259103,0.010992422442568822,0.7448727712969536,,2026-01,20468
1768518000.0,23,,10423,9053,0.8493665594308945,0.7233571899319755,0.6399263161890968,0.6754655510028984,,,,,0.008317177100349005,0.015529164309152499,0.7093222597224343,,2026-01,20468
1768521600.0,0,,12481,9359,0.9135732810707307,0.8991085430974226,0.6298729079105719,0.6107534955607801,,,,,0.005022913478465624,0.009949134621092759,0.7288234089907004,,2026-01,20469
1768525200.0,1,,12000,9995,0.9643049943226395,0.8357421845451319,0.6628704704985121,0.6536367023646352,,,,,0.012604430321640788,0.009062905062496747,0.7089986773942205,,2026-01,20469
1768528800.0,2,,12102,11047,0.9433448128235679,0.826308926508578,0.6358508432408138,0.6844044173858156,,,,,0.01222323648030881,0.01526430298469823,0.7262692353261084,,2026-01,20469
1768532400.0,3,,7099,8131,0.864501856109039,0.9117143447535466,0.4835729765844578,0.5526556318305966,,,,,0.004681160772889119,0.009687986894368332,0.5930392158196589,,2026-01,20469
1768536000.0,4,,14107,14345,1.0799276213544502,1.2275153108185015,0.6635816422172642,0.6487940782133542,,,,,0.009486614884198972,0.013170874900056095,0.7152683222832397,,2026-01,20469
1768539600.0,5,,20549,12080,1.0734160171800469,1.0671729061943496,0.7283339667429252,0.6315887624111207,,,,,0.0011255592526210308,0.005587503810548315,0.8118498244867968,,2026-01,20469
1768543200.0,6,,12059,9885,1.0828179580150936,1.2185325903711492,0.6242237683493953,0.5251543733856338,,,,,0.006677238332411736,0.009882077704350596,0.6711468389879488,,2026-01,20469
1768546800.0,7,,7641,10655,0.9649046334556804,1.4653793639328698,0.4771035164107476,0.45397921478236136,,,,,0.022372881611526427,0.008413017611844988,0.5360949227025239,,2026-01,20469
1768550400.0,8,,10902,12672,0.992074358140479,1.2533073513821624,0.6135953125960403,0.5850116368164631,,,,,0.017635977551772167,0.006874119250973269,0.6717929208746781,,2026-01,20469
1768554000.0,9,,7422,8116,1.0256432531286386,0.9769957825096732,0.4487596861309602,0.5071192353328583,,,,,0.013494820680104535,0.011107298470834446,0.5565497696419095,,2026-01,20469
1768557600.0,10,,9043,11138,0.9965359741839863,1.0601713507667438,0.5202333100019562,0.6355679616814423,,,,,0.005965930900101628,0.013311395841730652,0.6574977394566636,,2026-01,20469
1768561200.0,11,,10132,9184,1.1778251581381818,1.020299156384551,0.5513389093323817,0.5403258197926345,,,,,0.0021948204139540487,0.001336693472323805,0.5958880064965272,,2026-01,20469
1768564800.0,12,,8894,8235,1.1346309485432695,0.9156826811723566,0.5194877282809367,0.5487733234866277,,,,,0.009613182350747493,0.006114469188419892,0.5879863609439168,,2026-01,20469
1768568400.0,13,,9810,9928,1.0660597278054054,1.0901877787065453,0.5531315930823831,0.5511607751860808,,,,,0.01344460283186905,0.014852605995011202,0.6068133380279376,,2026-01,20469
1768572000.0,14,,26424,29369,1.2625042580886539,1.4001202878115686,0.7889232852779358,0.7901421414504682,,,,,0.015306714105340312,0.014311166156779393,0.8320332972245822,,2026-01,20469
1768575600.0,15,,50968,60268,1.6827046830310832,1.6597973640321453,0.8263523620782594,0.8557641636609179,,,,,0.023484635794274483,0.019922298068628375,0.901231417657315,,2026-01,20469
1768579200.0,16,,26773,24545,1.4052879868453587,1.2545895221457832,0.7752838246105109,0.7726848033818431,,,,,0.011276009268178129,0.010518156741337539,0.8131556766428939,,2026-01,20469
1768582800.0,17,,17022,14115,1.0313178273404553,0.8570102676347938,0.7403990487246479,0.7339604199753521,,,,,0.008686227470933165,0.0060393233791712735,0.7819086810996964,,2026-01,20469
1768586400.0,18,,13894,13509,0.9203075553155045,0.8827948234465246,0.7166511421332448,0.7246106102942268,,,,,0.004886970772922078,0.006806944717119716,0.7643488671680826,,2026-01,20469
1768590000.0,19,,10776,10477,0.86143207656368,0.8131960269645144,0.673721798039083,0.6791605887437178,,,,,0.006087560725203001,0.005029806404053315,0.7175341554866417,,2026-01,20469
1768593600.0,20,,18792,11613,0.9809846882803348,0.8116300513853176,0.763736968647988,0.684726199809502,,,,,0.013781471236253862,0.009345205444881124,0.8093178619729723,,2026-01,20469
1768597200.0,21,,13408,11333,0.8195777980788888,0.7679220390485636,0.7012175977677408,0.7122841195856157,,,,,0.007031213204727699,0.0074457233962929815,0.775792592704414,,2026-01,20469
1768600800.0,22,,11468,11178,0.8309064084973005,0.7585598208658337,0.6844589392494848,0.7119302157762827,,,,,0.01120556099256385,0.012088948580050005,0.7497487941459653,,2026-01,20469
1768604400.0,23,,6971,6178,0.760498924691615,0.6560809813664169,0.5491872469201502,0.5698432693246882,,,,,0.005372759955866851,0.002978496976961064,0.6114797627432219,,2026-01,20469
1768608000.0,0,,6557,6611,0.792825047723885,0.7638870354893756,0.4731921448263458,0.5347897976323067,,,,,0.016818131681886537,0.00292962897455122,0.5738018442946263,,2026-01,20470
1768611600.0,1,,5331,5138,0.7677088922110498,0.6536884752236185,0.40909662917635453,0.4948573873999819,,,,,0.01074063098674561,0.0018767533175147648,0.5293803530466159,,2026-01,20470
1768615200.0,2,,6363,6182,0.7092446898435341,0.746585075305306,0.5164476715135764,0.5314405150659338,,,,,0.00781797489643388,0.016038128424336297,0.5852222132377561,,2026-01,20470
1768618800.0,3,,5015,4787,0.7394373267802659,0.7513407229216347,0.4017791388733443,0.3954510682201999,,,,,0.0006587825935660967,0.00014914319287642056,0.4693237743556031,,2026-01,20470
1768622400.0,4,,4922,4337,0.7372571315300657,0.6483317372468989,0.35618725333123835,0.411578665366753,,,,,0.010719357559404057,0.006581121714244824,0.46135087117884305,,2026-01,20470
1768626000.0,5,,4849,3973,0.7179573717187676,0.6706868704202076,0.3721804308830249,0.35316145316339337,,,,,0.017044128373131365,0.013456982600234374,0.45877805663281823,,2026-01,20470
1768629600.0,6,,5627,5539,0.8135744739637919,0.7573545677375195,0.3870087723108026,0.46114356134862095,,,,,0.02154314184737154,0.009687650633881856,0.49219393879608664,,2026-01,20470
1768633200.0,7,,8009,7868,0.8902446046853641,0.9525857090010758,0.4987509788161249,0.5399195849359699,,,,,0.007494272617509807,0.014640243476820209,0.5882018058729113,,2026-01,20470
1768636800.0,8,,7000,5714,0.8838826980141959,0.8389729445921517,0.45504170703573055,0.4083146781171465,,,,,0.0025409058558538877,0.020113958684884827,0.5297980122871235,,2026-01,20470
1768640400.0,9,,4790,4690,0.76440679745616,0.7438085459468556,0.31922983532230004,0.31199522192613927,,,,,0.009074645574335793,0.005081079621271114,0.4280714192775225,,2026-01,20470
1768644000.0,10,,4958,5823,0.796981568041688,0.9347928516046026,0.25034785161132656,0.37595386633429584,,,,,0.014909777030544743,0.006538246424978985,0.4218607926602342,,2026-01,20470
1768647600.0,11,,8560,5747,0.8808333968409914,0.9045895172530802,0.4952079935277505,0.3441281001273026,,,,,0.0006072051265655312,0.0062323795393274236,0.625068557967903,,2026-01,20470
1768651200.0,12,,7027,7530,1.0869501559113672,0.9813065597822217,0.33471345773047273,0.47832265358097376,,,,,0.012378810095820026,0.002756712987715511,0.516724099050251,,2026-01,20470
1768654800.0,13,,8086,7261,1.1046655642044272,1.0696119085007403,0.4638206142500443,0.41258568886881974,,,,,0.005497846059104942,1.528037667472436e-06,0.5058816688030082,,2026-01,20470
1768658400.0,14,,8254,8743,1.1083331924206172,1.07113662557654,0.4878426902711959,0.515670513626083,,,,,0.005621201009831573,0.0017276628998504824,0.5486521037176411,,2026-01,20470
1768662000.0,15,,12256,20736,1.2498623976758063,1.2413800772492027,0.5745707373683634,0.6814610857111645,,,,,0.008751206878221764,0.0011723054366208263,0.7779646968071805,,2026-01,20470
1768665600.0,16,,10686,13058,1.088208233010072,1.1671732325163469,0.5206710428369372,0.627756808550618,,,,,0.015876541270814514,0.00734747227400425,0.6680130223303039,,2026-01,20470
1768669200.0,17,,7221,5974,0.9189922354068764,0.8826496935854979,0.42115955110786124,0.41331534016033245,,,,,0.0009510616946226899,0.003471854200702647,0.5389461585331077,,2026-01,20470
1768672800.0,18,,4862,4775,0.7517956708254382,0.8906850301949972,0.3505157707304866,0.2685058347069083,,,,,0.003497142237076419,0.006293154963163274,0.438928602567098,,2026-01,20470
1768676400.0,19,,4418,4816,0.763796956210581,0.8504460750438284,0.17595760948140973,0.33422208640818674,,,,,0.00027403774056767227,0.00011819050638753343,0.3757792935691853,,2026-01,20470
1768680000.0,20,,4650,3749,0.7410654032231968,0.7621916015121627,0.2885318844275931,0.19038704851591645,,,,,0.014847052057118192,4.300928393399297e-05,0.4238371879170899,,2026-01,20470
1768683600.0,21,,5404,6616,0.8112853285614644,0.7699389604965233,0.3729501255091126,0.5349775310015277,,,,,0.005551741334705562,0.00043608992195313956,0.573191832382253,,2026-01,20470
1768687200.0,22,,8210,9021,0.8860118861861596,0.7991853881133126,0.5478545299679345,0.6389395428913612,,,,,0.008717851297667601,0.011583627554524243,0.674325290003704,,2026-01,20470
1768690800.0,23,,5707,5223,0.7542809315949659,0.667953513051711,0.43064379104305317,0.49796962897340036,,,,,0.003202012296840159,0.0030691023270369364,0.5341395364193462,,2026-01,20470
1768694400.0,0,,7463,6303,0.9104125202751028,0.679137721771022,0.4576255641008474,0.5341639318945438,,,,,0.02073166089469505,0.003615774534536833,0.5882487799179329,,2026-01,20471
1768698000.0,1,,8181,11262,0.8292566250560487,0.9194792207711726,0.5284415714744489,0.6430208079273239,,,,,0.008640425625434503,0.010762557020052802,0.6998317953856342,,2026-01,20471
1768701600.0,2,,7033,6733,0.8719039191180475,0.6350372670764568,0.4940163239520633,0.4672734238032063,,,,,0.009596593327890821,0.0025606464216408097,0.6469517636435992,,2026-01,20471
1768705200.0,3,,6064,5485,0.7921234878125147,0.966552128190028,0.46034941241349053,0.32450007247169116,,,,,0.0029838255881668163,0.0004800111151919923,0.5286311730483236,,2026-01,20471
1768708800.0,4,,5419,5644,0.8051583987657199,0.9567450061589117,0.3255763154456439,0.36299883124874904,,,,,0.00012589762189407465,0.009039657668617323,0.45399567507762767,,2026-01,20471
1768712400.0,5,,7379,6306,0.8846798359968875,0.8842635242912895,0.5053133471400088,0.4421536212768671,,,,,0.003971305666422603,0.0007675737137983446,0.565580010481017,,2026-01,20471
1768716000.0,6,,5787,6203,0.8177951832659952,0.8344810885238118,0.3919131378959952,0.4250796779609782,,,,,0.0018180046599632735,0.0029398624377098537,0.5115875310384704,,2026-01,20471
1768719600.0,7,,7740,7729,0.9980453995864553,0.9624430210748507,0.46060762558211754,0.5096391429246122,,,,,0.0017497493899176074,0.00439895764416086,0.5506112512314297,,2026-01,20471
1768723200.0,8,,6289,4549,0.8991931511451412,0.7970872524459766,0.39496160859598745,0.32897851624616803,,,,,0.0010805250311234796,0.0003886323889178549,0.4846487661179438,,2026-01,20471
1768726800.0,9,,7833,6826,0.966115210117108,0.8713064697086323,0.45740017186755993,0.4581261317356427,,,,,0.012240085318551022,0.0002740090091374772,0.5582634931684268,,2026-01,20471
1768730400.0,10,,7787,7142,0.949489614964795,0.7607657219219159,0.4495734107334707,0.5160634250125785,,,,,0.009771731202084428,0.013036198524632177,0.6078969205031403,,2026-01,20471
1768734000.0,11,,6532,6132,1.0633407394352137,0.861845608209833,0.35591554730701935,0.42952835636851433,,,,,0.014423120369794963,0.004913122421470799,0.47673971325631226,,2026-01,20471
1768737600.0,12,,5267,6534,0.8799527509542884,0.8331055314213349,0.270997246328448,0.4219158343695459,,,,,0.0227117537104819,0.0033387546889207145,0.5192445390201508,,2026-01,20471
1768741200.0,13,,9858,11031,1.1549875421516103,1.0257178043055872,0.510955729806223,0.5794429467109456,,,,,0.02325133541775112,0.012975253145081998,0.6476724066600454,,2026-01,20471
1768744800.0,14,,10301,14577,1.11802263425154,1.1639392566641606,0.5340620683675456,0.6602691641009677,,,,,0.008296480426104638,0.0035003006901552897,0.7101182348164531,,2026-01,20471
1768748400.0,15,,9040,8093,1.170143087026669,1.0952378705452417,0.4533555714494081,0.4471636614618796,,,,,0.004759328146467789,0.0076654739370076086,0.5287904498907839,,2026-01,20471
1768752000.0,16,,7779,7564,0.7926971798886431,0.8688949261398622,0.4367062930300225,0.505032958823834,,,,,0.0016297720044201828,0.0018731049138880377,0.627921509471981,,2026-01,20471
1768755600.0,17,,7259,6891,0.8226977556158905,0.9871348098800631,0.45427371198754357,0.4062950144414526,,,,,0.010148378838222841,0.003985258147424475,0.5829656274400821,,2026-01,20471
1768759200.0,18,,11170,10874,0.9030043270709239,0.9772410313078506,0.6393694542263945,0.5899272641667197,,,,,0.010323883603776627,0.001384053908320204,0.7059970338407903,,2026-01,20471
1768762800.0,19,,6127,9306,0.7324798566781703,0.9287793430835999,0.4874932921639623,0.5285289790311749,,,,,0.000541846702550202,0.0019314844646798439,0.6358816443877874,,2026-01,20471
1768766400.0,20,,5600,6432,0.6714266744706097,0.7354951298395742,0.45358363684708913,0.5079580595275099,,,,,0.0006197090844888781,0.00556423624371283,0.584830232137382,,2026-01,20471
1768770000.0,21,,5376,4751,0.6649930905261314,0.6829639583082517,0.4613588353000608,0.36080509111753295,,,,,0.012588877744568742,0.0003643291783901621,0.549950640520982,,2026-01,20471
1768773600.0,22,,6056,7489,0.6661010813389311,0.762456315449546,0.49145766738451857,0.501131499205346,,,,,0.0027746746339693575,0.0030422101628551803,0.628742933605434,,2026-01,20471
1768777200.0,23,,39161,59565,1.3454832414955586,1.356312723759984,0.766335205556793,0.8627119610289585,,,,,0.02019924527425045,0.028973645370423035,0.9059256667326714,,2026-01,20471
1768780800.0,0,,94379,104912,2.682045730432603,1.72620256609145,0.8056276896051916,0.8316859147751846,,,,,0.03342013298515593,0.04219874126163222,0.9302357746536049,,2026-01,20472
1768784400.0,1,,29647,33326,1.7406895998668317,1.211222540468851,0.7443958556865224,0.785825138453857,,,,,0.014598622375511907,0.015504324489260986,0.8604552543997027,,2026-01,20472
1768788000.0,2,,16172,13535,1.330777352801646,0.8289908745142156,0.6744189357007716,0.7331306788697717,,,,,0.015458580655206083,0.010108302724672126,0.7636442327020544,,2026-01,20472
1768791600.0,3,,15072,9504,1.322496589131325,0.908630786639595,0.6262206691970369,0.6177339514584199,,,,,0.0073840480645105825,0.013872129555381398,0.6796684012684562,,2026-01,20472
1768795200.0,4,,11023,9631,1.129333372533527,0.7727258913546755,0.5849126243416417,0.664239288706836,,,,,0.010798629476510046,0.010862378261213236,0.7004050598777264,,2026-01,20472
1768798800.0,5,,12130,11156,1.1988452433094077,0.7888286911625496,0.5776221271221065,0.6950039225384275,,,,,0.0065382797858956,0.006442188862478394,0.7368913579819504,,2026-01,20472
1768802400.0,6,,13547,12789,1.2757542388128578,0.9360347463542119,0.6106909135295738,0.6880976158126173,,,,,0.008752379318756625,0.009256953241543844,0.7280882162770164,,2026-01,20472
1768806000.0,7,,11385,11123,1.5034651656045919,0.9323407604303969,0.4920994712697457,0.5936772519882532,,,,,0.002787279152167968,0.006788645082038493,0.6954486483601178,,2026-01,20472
1768809600.0,8,,22217,21829,1.3380804439011829,1.1531169714403784,0.7401374499768307,0.7133984308844349,,,,,0.018718262879547094,0.014251653822029338,0.7955926802871341,,2026-01,20472
1768813200.0,9,,11752,16952,1.014367812392157,1.1490398778231306,0.6235575560386142,0.6911599499437129,,,,,0.002541898133601013,0.012491794524808381,0.7519116922258023,,2026-01,20472
1768816800.0,10,,9059,8831,1.1019426624211799,0.9825059896178863,0.5044592597256021,0.5619713939784047,,,,,0.001102850649948828,0.015195168603038062,0.5950675381097035,,2026-01,20472
1768820400.0,11,,10588,9870,1.1281225748640393,1.072176335126374,0.5695599970077189,0.5520308157582989,,,,,0.007755883959249946,0.0047233213014943425,0.6131622125622651,,2026-01,20472
1768824000.0,12,,13110,13343,1.1418992953187062,1.1506777292302617,0.6066251542081244,0.6480308066739897,,,,,0.010930114031542103,0.022005779413320405,0.6892335596713985,,2026-01,20472
1768827600.0,13,,12461,13628,1.2170225238880894,1.4624317268232614,0.5857866684253059,0.5667892713076772,,,,,0.01371557664524773,0.012802371438341169,0.6380367005288711,,2026-01,20472
1768831200.0,14,,15043,17053,1.2403901123124865,1.2680902531497895,0.6291695396665749,0.6773840818064302,,,,,0.007664357923718527,0.02404010646961557,0.7277141127389274,,2026-01,20472
1768834800.0,15,,16384,14703,1.1320366971475684,1.0402974214032803,0.686005450624685,0.6811176853066229,,,,,0.012035110865271785,0.02215016874760481,0.7486789759564509,,2026-01,20472
1768838400.0,16,,15247,12362,1.1630814131302247,1.0073291034126666,0.6560837069598722,0.6461606525933173,,,,,0.015444923409521952,0.018646166041070795,0.719669644876396,,2026-01,20472
1768842000.0,17,,10712,11491,0.9429050258298964,0.9873100419752606,0.6043849135278482,0.6549496695175434,,,,,0.009916717725300513,0.026923332778225097,0.688924131194687,,2026-01,20472
1768845600.0,18,,8811,10188,0.8507426110604644,0.83567763492219,0.5700094748953832,0.6694064027810298,,,,,0.014640556803048535,0.022140912840012544,0.6957022728487364,,2026-01,20472
1768849200.0,19,,7707,7421,0.8660336301122368,0.7971105346680267,0.5302410739667106,0.5742414272489061,,,,,0.014163299116053287,0.019983320584693303,0.607575125401061,,2026-01,20472
1768852800.0,20,,7684,7800,0.8025202318312391,0.8312477016137048,0.5470554978165141,0.5579302420658512,,,,,0.022619738997692235,0.016456050341751998,0.6207153938894296,,2026-01,20472
1768856400.0,21,,8739,9270,0.9401740864665213,0.835674192925484,0.5417216497290189,0.6165381757879033,,,,,0.027070494448551297,0.023016420797251802,0.6588114312956002,,2026-01,20472
1768860000.0,22,,13715,17093,0.9253497014681891,0.8303305659576015,0.6851227940776055,0.7820750492772152,,,,,0.01898007759779489,0.030323778274041206,0.8152798145193633,,2026-01,20472
1768863600.0,23,,30533,27130,1.0007909765730885,0.8406646028806282,0.8224386192026998,0.8461077861194751,,,,,0.021587424679453175,0.02658406340145412,0.8907747097322977,,2026-01,20472
1768867200.0,0,,17282,15632,1.0245815799188858,0.7913866602177122,0.7285816764661196,0.7597329677730491,,,,,0.022408370624251713,0.024059652663708665,0.8010837700733581,,2026-01,20473
1768870800.0,1,,14395,12446,0.9447041109084591,0.683064796205076,0.7153443147475564,0.7674551448604146,,,,,0.011312839956415166,0.020415860655439395,0.7949568392899561,,2026-01,20473
1768874400.0,2,,12973,13440,0.8547158327661275,0.6197404451249069,0.7023315696159851,0.7918835395610482,,,,,0.022343573339319463,0.0204878067764294,0.8192694357495196,,2026-01,20473
1768878000.0,3,,10636,10853,0.802117047761601,0.679966365851143,0.6664066989389568,0.742298300554164,,,,,0.015356252602550509,0.028531118746428538,0.7670524276996921,,2026-01,20473
1768881600.0,4,,11448,13516,0.9184539864322082,0.77142610327377,0.6157073248744864,0.7512369224391992,,,,,0.02198933226404823,0.04381998792457724,0.7829465000414999,,2026-01,20473
1768885200.0,5,,38653,38587,1.476032242427333,1.167433141940684,0.773675231754821,0.8418361556452784,,,,,0.03425230293043035,0.050235566650684536,0.8798415564930127,,2026-01,20473
1768888800.0,6,,73246,78180,7.045417075163753,7.248936894467535,0.48356104536338174,0.5578134004907688,,,,,0.08361094264640086,0.06672753745807108,0.6537258535285945,,2026-01,20473
1768892400.0,7,,47475,42424,6.28267732964078,5.709885345864941,0.4531588156235782,0.40429872420400825,,,,,0.040853591410626895,0.03940674491230848,0.5226030542745062,,2026-01,20473
1768896000.0,8,,41296,48532,4.460405904021243,4.639983149355984,0.5538030969261379,0.5889542658365844,,,,,0.04392705805896466,0.029066087656691175,0.6379048826362593,,2026-01,20473
1768899600.0,9,,25195,26569,3.5583729120382626,3.6518449251085547,0.436702584765256,0.4519458205214208,,,,,0.040388041004319544,0.02581050054365646,0.4985038974793454,,2026-01,20473
1768903200.0,10,,22630,19032,3.0252972892323604,3.025834617436749,0.455253706650468,0.38373823677341434,,,,,0.020004437350158347,0.0421893725736471,0.49168751122465504,,2026-01,20473
1768906800.0,11,,19513,21172,3.0761402227770196,2.6062394395743333,0.38976462085122615,0.44493729231623724,,,,,0.041359258685148434,0.015121732263277265,0.5249731868121582,,2026-01,20473
1768910400.0,12,,21873,21404,3.1875994464080657,3.010176490919392,0.422755292523436,0.42642956942083776,,,,,0.044949352579106504,0.03742066717453317,0.48447948259879925,,2026-01,20473
1768914000.0,13,,27045,29207,2.929941565072111,2.9110745015695527,0.5288744277069686,0.5723903360865394,,,,,0.043290613238856,0.03928419141319423,0.6292464400220728,,2026-01,20473
1768917600.0,14,,57723,63847,3.383889679843922,3.036617283913358,0.7391919982431143,0.7730655442175568,,,,,0.04500150347528362,0.02130104044807034,0.8081826814758937,,2026-01,20473
1768921200.0,15,,67578,66824,3.1621006440335258,3.1969084793339406,0.7531091341802005,0.7579683893525935,,,,,0.04870682649351643,0.050114820730771246,0.8348177982030094,,2026-01,20473
1768924800.0,16,,36779,39289,2.7125074127854463,2.66722759025723,0.6768497014381818,0.7055409116969257,,,,,0.03453293080342301,0.037127419116183336,0.7480122794540819,,2026-01,20473
1768928400.0,17,,43655,53733,2.8031212227278024,2.424442841892313,0.7021128981156248,0.7774082682018902,,,,,0.045564217715522236,0.04164036817747696,0.8220633861972055,,2026-01,20473
1768932000.0,18,,30856,32976,2.1549728617879094,1.9162731720348263,0.6876044372030025,0.7315138345699411,,,,,0.03354544575417523,0.03946760871960827,0.7776604843008639,,2026-01,20473
1768935600.0,19,,35398,28701,1.7636704522925137,1.6294955325940168,0.7584618587784653,0.7265955288036346,,,,,0.024667372545974984,0.04552811069524783,0.8071034677286744,,2026-01,20473
1768939200.0,20,,31137,28322,1.5941987095455947,1.3632829458892175,0.7544815702748551,0.7570123688810289,,,,,0.037828603372800744,0.04164370382859288,0.823585142780682,,2026-01,20473
1768942800.0,21,,14648,14052,1.1632672758947342,0.9060298800031756,0.6499793964400543,0.7056077603525663,,,,,0.033116934611752954,0.04502527370135041,0.7526036235519832,,2026-01,20473
1768946400.0,22,,47058,56039,1.6851857359374989,0.8182915028312524,0.7517790264618892,0.8462261751549458,,,,,0.06786496672730624,0.07080554149669996,0.9259202181280498,,2026-01,20473
1768950000.0,23,,39210,33108,2.4249004449113993,1.3725483345003153,0.7131606169729616,0.7767725897362109,,,,,0.04340815199877217,0.04697111309206469,0.8197625143489518,,2026-01,20473
1768953600.0,0,,31265,25393,2.240368116961562,1.2114191439427553,0.6994836542366323,0.7575085638569722,,,,,0.028973736615307496,0.026450772962072534,0.8015653870371784,,2026-01,20474
1768957200.0,1,,19725,16713,1.656794146018626,1.085984100731898,0.6437600396467404,0.6949189923642882,,,,,0.03618827872755535,0.04490452857590246,0.7436557931834951,,2026-01,20474
1768960800.0,2,,19845,19440,1.8279693817306752,1.4430182059150618,0.6480717751119104,0.6677196927041805,,,,,0.039747347947187185,0.0188376944553637,0.704386717439802,,2026-01,20474
1768964400.0,3,,18705,14419,1.4719034337041974,1.387413614138028,0.6663010893802902,0.5871583693535074,,,,,0.03568000861891395,0.03877452375178088,0.7011652486612282,,2026-01,20474
1768968000.0,4,,10813,9702,1.2291065259304184,1.0949745905716424,0.5100451592553442,0.5201963586280941,,,,,0.047396668088022176,0.04172586221257118,0.5917445958095305,,2026-01,20474
1768971600.0,5,,18429,12845,1.3809124380081894,1.1115403060225357,0.6920230407343004,0.5901329753968847,,,,,0.04456987720613775,0.035221810820939635,0.7211543940398285,,2026-01,20474
1768975200.0,6,,12821,14579,1.4980413239177364,1.393629248749724,0.504086412462996,0.6114403872637945,,,,,0.04239524571394024,0.041019377887233165,0.6389803873875496,,2026-01,20474
1768978800.0,7,,18680,23134,2.110701648826145,2.0796633052217914,0.5225988759856781,0.6246528318493971,,,,,0.03591194031041655,0.03587997102723932,0.6589479173919757,,2026-01,20474
1768982400.0,8,,18715,22309,1.5157564870821878,1.4358895522220767,0.623121091589877,0.7049455050432288,,,,,0.048855795493477364,0.028317602272620396,0.7470790816070392,,2026-01,20474
1768986000.0,9,,16360,15546,1.722614532223692,1.3580876555082573,0.5315161008238778,0.6167673448818316,,,,,0.03616626391404338,0.033617571882521444,0.6625151641516182,,2026-01,20474
1768989600.0,10,,23589,14138,2.860409975943148,1.551876141534361,0.4462360460732872,0.5339042136926822,,,,,0.018670734759414886,0.018575365929531476,0.5842058559407024,,2026-01,20474
1768993200.0,11,,16852,18854,1.7744730462063463,1.4613288231247532,0.4458636277165413,0.6610784903908669,,,,,0.03468348667016693,0.03254419539345875,0.7004680966331036,,2026-01,20474
1768996800.0,12,,41646,40044,2.686146641538424,1.9599244260535857,0.6595937846829112,0.7494270198842972,,,,,0.04514064769534672,0.055354240694739446,0.805226551123706,,2026-01,20474
1769000400.0,13,,29386,28908,2.454335241866623,2.025604867031276,0.6290216273951096,0.6890490319759087,,,,,0.0394361604466071,0.04334238903845412,0.7326957636691833,,2026-01,20474
1769004000.0,14,,84385,73600,2.6761644345387148,2.3840594100687604,0.8223746715203895,0.823545689585977,,,,,0.026187331604323547,0.04491335130436739,0.8806070773613253,,2026-01,20474
1769007600.0,15,,57388,56345,2.9255151756752915,2.814518687619216,0.7682580480369117,0.7714024834884232,,,,,0.03365352064083767,0.03353601961578833,0.819518198743729,,2026-01,20474
1769011200.0,16,,68540,93084,2.7896780889198816,2.3641180302087563,0.7364276478988374,0.8507310635271034,,,,,0.04082597121673435,0.04169510354721689,0.8891432086055149,,2026-01,20474
1769014800.0,17,,83531,81389,2.9104061679070363,2.0286713390002946,0.7893512420746824,0.8430496576488805,,,,,0.04644673500518412,0.04075550400037813,0.8962213200493248,,2026-01,20474
1769018400.0,18,,45014,44098,2.0230664496984136,1.4648903000140359,0.7772965682505298,0.8131044672707272,,,,,0.0408484995558686,0.03538723724899257,0.8640778040938083,,2026-01,20474
1769022000.0,19,,81238,74772,2.1752941945484703,1.6990138877295284,0.8476364167494066,0.8463206082711067,,,,,0.05204579187481984,0.047524807039071484,0.9145811804418952,,2026-01,20474
1769025600.0,20,,43603,49173,1.4843255389129442,1.5804961432019486,0.8227413135218035,0.8532041466397879,,,,,0.025614587622095855,0.030452248563609938,0.8878166137233288,,2026-01,20474
1769029200.0,21,,16750,17915,1.120475688712664,1.0028108870147765,0.7015163701739218,0.7508022063665213,,,,,0.02941536259454824,0.03110037069734504,0.7876082070755572,,2026-01,20474
1769032800.0,22,,13329,16001,1.094254865414176,0.8649390344727009,0.6198731528091733,0.7632182710190054,,,,,0.02170575743666826,0.03881835203199455,0.7937079193612517,,2026-01,20474
1769036400.0,23,,18809,22060,1.1866567596808855,0.9426956798892403,0.7090723392992919,0.7976687293971501,,,,,0.026979688584299655,0.03142738004817495,0.8316316878499262,,2026-01,20474
1769040000.0,0,,20132,14503,1.416359406548244,0.9779531892576034,0.7134877266256605,0.7027002216987599,,,,,0.028079467392165054,0.021112084224814993,0.7546230676531503,,2026-01,20475
1769043600.0,1,,18321,16216,1.1648584658854195,0.9382125108456438,0.7257913626045422,0.7181537564294993,,,,,0.0420485141419665,0.028542263735181494,0.7805188040975559,,2026-01,20475
1769047200.0,2,,17803,16847,1.1561158195516008,0.980177410842978,0.7168824890428077,0.7444734852612549,,,,,0.02587757743887438,0.035632510835493195,0.7849568742879257,,2026-01,20475
1769050800.0,3,,13583,13591,1.2313406042745918,1.0289344065785613,0.6066492946691087,0.6858636203436604,,,,,0.028867373068284907,0.03453894098195315,0.7133857800290193,,2026-01,20475
1769054400.0,4,,13535,11549,1.2403634626007694,1.0086732069534305,0.6092397585695669,0.6333458299167629,,,,,0.027876428685785343,0.03287210098981612,0.6781385958232087,,2026-01,20475
1769058000.0,5,,10408,9577,1.3200259985465719,1.1093879450147195,0.5019930265570711,0.5318211091907596,,,,,0.027981522062766318,0.01909483203291347,0.5679942122237679,,2026-01,20475
1769061600.0,6,,13215,12386,1.3360438390377203,1.3953016771807052,0.6049277195960174,0.5372937356200181,,,,,0.03408454681276682,0.012475489399442768,0.6300621422658338,,2026-01,20475
1769065200.0,7,,11411,14215,1.4894588434527034,1.5521541128446787,0.45714380831191953,0.5568637531934196,,,,,0.03425010728808151,0.024791248551203578,0.5872055834771124,,2026-01,20475
1769068800.0,8,,12783,13415,1.4058840443926564,1.5317457756509163,0.5507913645852521,0.5385229277331923,,,,,0.032480901694927296,0.02727243393827216,0.5991557208047625,,2026-01,20475
1769072400.0,9,,11660,10089,1.4452853141073079,1.4366843104805203,0.47825770040605653,0.4478448200913025,,,,,0.030441754585184635,0.022070549006282473,0.5416580119384735,,2026-01,20475
1769076000.0,10,,13048,10854,1.5927633393138827,1.3156541823234469,0.5055269037873494,0.5176534242480806,,,,,0.02099989477910728,0.03032077781981672,0.5619732107093037,,2026-01,20475
1769079600.0,11,,21137,15247,2.701817535216058,1.3105044672418686,0.44221536819523805,0.6226279322111715,,,,,0.020835290997217933,0.027745206191014726,0.6653901753705059,,2026-01,20475
1769083200.0,12,,16717,12759,2.0745894346990537,1.5480965338087165,0.4546373057076736,0.5144596831131395,,,,,0.017012048175486242,0.012414793946322578,0.556987199412377,,2026-01,20475
1769086800.0,13,,26105,27766,2.2674570374866705,1.6241953787645123,0.6107349726244936,0.7279268253373229,,,,,0.03925586568697149,0.03346270813311945,0.7635172411144902,,2026-01,20475
1769090400.0,14,,47268,52942,2.3192469730081826,1.9032273030748499,0.7558989467189612,0.811028455053145,,,,,0.03981350512285482,0.03146886873665608,0.8542821555771759,,2026-01,20475
1769094000.0,15,,71330,63618,1.9309508267060467,1.7298636839335602,0.8116230047079764,0.822169938333592,,,,,0.049790657354401024,0.04763447516780902,0.9110248745177454,,2026-01,20475
1769097600.0,16,,43976,43469,2.2709856512337914,1.5407619047658159,0.7438473960079794,0.8129683238350978,,,,,0.04021399287851055,0.0428406325090428,0.853839339715372,,2026-01,20475
1769101200.0,17,,33148,29055,1.7160615988907557,1.3122167149418325,0.7516207213259821,0.7718216553363826,,,,,0.03752867020778261,0.03807081135491044,0.8272991256261566,,2026-01,20475
1769104800.0,18,,23477,23487,1.436508624580415,1.217240411051801,0.7217501883958032,0.7629846692952144,,,,,0.023520657208253897,0.031223415358680832,0.7996958109777855,,2026-01,20475
1769108400.0,19,,25770,22701,1.3093795634899164,1.1171487001695581,0.7598714208871803,0.758794070241242,,,,,0.03727081564719611,0.02881313890719962,0.820304674673948,,2026-01,20475
1769112000.0,20,,15714,19903,0.9892276225326047,0.912562081716722,0.7056244874234978,0.7780413408463729,,,,,0.041427246652199955,0.03132891214675721,0.8165587047138673,,2026-01,20475
1769115600.0,21,,12254,13255,1.0010745139247637,0.7583797765288606,0.6266753799999857,0.7568788422111459,,,,,0.02071039988940746,0.028619637003176202,0.7804915527609103,,2026-01,20475
1769119200.0,22,,13438,12760,1.0734956132462452,0.8301071997570122,0.6449456779495304,0.7213570109760927,,,,,0.01928680501116781,0.027288396461978264,0.7523737274495844,,2026-01,20475
1769122800.0,23,,12136,10071,1.038989661307278,0.746575042478714,0.6121154239948097,0.6731414939438954,,,,,0.02344310915260034,0.029925958476426578,0.7183531815915717,,2026-01,20475
1769126400.0,0,,9847,8427,1.1767136993656298,0.7372913173773823,0.5020668619597126,0.6139700403812073,,,,,0.03749062171564403,0.01995846937072307,0.6476535590444732,,2026-01,20476
1769130000.0,1,,16113,11537,1.1913276658417147,1.0053016845356493,0.6706781370537154,0.586194370978795,,,,,0.037940357350402,0.030847832802833222,0.7234147693815085,,2026-01,20476
1769133600.0,2,,14584,13552,1.1069333542237163,1.0188713690119777,0.6379639856903944,0.6472456296680281,,,,,0.033314467262966024,0.03377155993388135,0.7264299819818927,,2026-01,20476
1769137200.0,3,,10303,9376,1.1842868382039673,1.2808125507758497,0.5000898795372584,0.4387908364440981,,,,,0.03278795234702357,0.029097370015622556,0.5700551123966562,,2026-01,20476
1769140800.0,4,,11973,11347,1.2583194656243746,1.2023260534200282,0.5523017635127574,0.5606646242035581,,,,,0.03296054486321792,0.03298786468768827,0.6171284123503975,,2026-01,20476
1769144400.0,5,,13168,22760,1.3113505923041917,2.615565517348615,0.5421516377458587,0.5530577866681368,,,,,0.025009624867124425,0.027605733601504208,0.6103438913911304,,2026-01,20476
1769148000.0,6,,17877,27256,1.1956858725262172,3.1617524223656432,0.6423636835156614,0.5301586321317511,,,,,0.02359508944312158,0.025085220790383757,0.7229597440439184,,2026-01,20476
1769151600.0,7,,15932,21084,1.579945225965971,2.6482100158848474,0.5844866285209649,0.5030045905971346,,,,,0.016524445893777093,0.019018954317064747,0.6205990772698597,,2026-01,20476
1769155200.0,8,,18878,23400,1.3573699608369592,1.549299220568741,0.6197881648696295,0.6596969061322427,,,,,0.03978535547159358,0.03066935576256862,0.7585921923801081,,2026-01,20476
1769158800.0,9,,37474,21397,1.7276742783853132,1.5012123486009166,0.6366036080024035,0.7029436367500942,,,,,0.011715035806874954,0.03621720719172538,0.8200057784313356,,2026-01,20476
1769162400.0,10,,17975,14513,1.5516543276552057,1.336170006978621,0.5441803470331638,0.5956284817527313,,,,,0.026211615392779705,0.025632733692020033,0.6827409251819585,,2026-01,20476
1769166000.0,11,,15329,12837,1.5914328926226515,1.3448493123096856,0.5741949187803438,0.55055286241592,,,,,0.0333355596223592,0.021868112224466496,0.6243872140729777,,2026-01,20476
1769169600.0,12,,11775,10710,1.6089929196304962,1.3214702925619926,0.44597826752416475,0.4790023146909375,,,,,0.02461654516764359,0.020840764575871928,0.5388055602098952,,2026-01,20476
1769173200.0,13,,12938,12961,1.5011873898473613,1.451640145991833,0.5389674192730709,0.5342235892912524,,,,,0.021042072873203494,0.01951785737819909,0.5896336825953754,,2026-01,20476
1769176800.0,14,,45299,50360,2.0031110797840954,1.7847482886963293,0.770674953786941,0.8109479990134464,,,,,0.037472244627087384,0.023524659114093623,0.8560085016458117,,2026-01,20476
1769180400.0,15,,53725,48333,1.868151613263235,1.7419745321720455,0.8135631704902088,0.7955507468353149,,,,,0.03857159552900882,0.03316870917335028,0.8712152157792041,,2026-01,20476
1769184000.0,16,,46204,45257,1.8460892311225328,1.892173648125031,0.7957058834464877,0.7755872621162233,,,,,0.03869972590683781,0.03446039433789188,0.8563622081552148,,2026-01,20476
1769187600.0,17,,45756,43769,1.7394612490840244,1.6818708828147935,0.8033971416921658,0.7788955241816248,,,,,0.04806565545148475,0.03176148162953619,0.865624309753625,,2026-01,20476
1769191200.0,18,,28840,30916,1.4443348125243145,1.5169788611300081,0.7522146224661153,0.7809748149138425,,,,,0.03495675171183866,0.038494748366483644,0.828843198186493,,2026-01,20476
1769194800.0,19,,37089,45708,1.5425958813350988,1.4570902371513987,0.7849798704559157,0.8402209480796893,,,,,0.029773731103343325,0.027841364683837543,0.8724261891435918,,2026-01,20476
1769198400.0,20,,32192,36088,1.337925061825355,1.01404225437018,0.7814948803246926,0.849774755376789,,,,,0.027083976721702412,0.032605850818890676,0.8884051052365137,,2026-01,20476
1769202000.0,21,,15637,13573,0.9969655969313195,0.9017928889925202,0.6408712124331483,0.7017931851836449,,,,,0.026959781661669256,0.03992098328324968,0.7662314821964924,,2026-01,20476
1769205600.0,22,,15190,10894,0.9752904106699091,0.7345381522557586,0.6742745751041658,0.693568690691438,,,,,0.024316104475546284,0.03241610403294478,0.7664226393265804,,2026-01,20476
1769209200.0,23,,8351,7750,0.9739751592133743,0.7230602239371953,0.49837747994734477,0.6093932641378654,,,,,0.030996685164444992,0.028368395705085165,0.6400905514483681,,2026-01,20476
1769212800.0,0,,7914,7603,0.8607339319989338,0.6999911297221699,0.38585544859982823,0.6150495486887473,,,,,0.027944045837228836,0.030495029006903297,0.6507902841388163,,2026-01,20477
1769216400.0,1,,7671,6602,1.0313319035792878,0.7663857137306431,0.4185057214714751,0.4495667030458054,,,,,0.04765313144900984,0.03940059334546537,0.5531697155924715,,2026-01,20477
1769220000.0,2,,7722,6781,1.0533604338271938,0.8278086898706133,0.40311928193540214,0.4295267241786222,,,,,0.033618295385944,0.018159290202463395,0.5345434303753541,,2026-01,20477
1769223600.0,3,,11460,9983,1.1225673290182854,0.9746573184946573,0.5351903925224406,0.5896826731211408,,,,,0.028639241214101063,0.01950562041185854,0.6475926439814371,,2026-01,20477
1769227200.0,4,,11447,6024,0.6458365103480316,0.8850999244682084,0.2396442673223274,0.40662549833729955,,,,,0.021765918799114586,0.024873214232786246,0.7850435037166653,,2026-01,20477
1769230800.0,5,,6979,5641,0.7460615604885202,0.9194496846700893,0.19503630352426096,0.35879951351294026,,,,,0.016917543818965125,0.018748215970622654,0.6017224420192597,,2026-01,20477
1769234400.0,6,,8682,6310,0.9875863919022425,0.853529975640174,0.33015147756954843,0.42545515102770054,,,,,0.04970069450847796,0.03418738945036782,0.5754486442124186,,2026-01,20477
1769238000.0,7,,8338,6349,0.9618626961822493,0.8731318008830364,0.3417394182399952,0.4699784279665575,,,,,0.010682882794177536,0.018960295997328663,0.5710241771935171,,2026-01,20477
1769241600.0,8,,7498,4697,1.1180993884421444,0.8602495985516379,0.31446444051493705,0.2699619050008669,,,,,0.026348512613811218,0.024748201528935407,0.45243436387911395,,2026-01,20477
1769245200.0,9,,5607,4886,1.09724178802203,0.8695135663203769,0.19199212765164084,0.32473251460864316,,,,,0.004838889428312285,0.029810261497504726,0.3551019097749099,,2026-01,20477
1769248800.0,10,,6535,4933,1.1226547665091988,0.930975310625711,0.2177391718319488,0.22645164910931673,,,,,0.02133720035325724,0.023551260073363146,0.37117085483305323,,2026-01,20477
1769252400.0,11,,6300,5442,1.109882333161738,0.9705091254593137,0.1807068126758043,0.26863170969632505,,,,,0.03742381087645783,0.0477284067813979,0.36248111629724933,,2026-01,20477
1769256000.0,12,,7503,6886,1.267317855499506,1.2069942114727412,0.23612272995116057,0.3006592653063607,,,,,0.03927790421707644,0.028041227242304963,0.385160667080262,,2026-01,20477
1769259600.0,13,,5982,6864,1.1881762024721525,1.1364863445038533,0.08790509120141589,0.33668542168213755,,,,,0.03802173973536921,0.04152821918443047,0.38213002741106594,,2026-01,20477
1769263200.0,14,,12910,11942,1.3868162308636522,1.3577246692157567,0.5032205125914005,0.5053349270454544,,,,,0.025313848270306968,0.03989645064699463,0.6024374661891072,,2026-01,20477
1769266800.0,15,,8683,10690,1.3897120409269736,1.0746790004332694,0.3148474683598242,0.43459495873556186,,,,,0.06430844570931644,0.030545583137204412,0.5948178808049516,,2026-01,20477
1769270400.0,16,,12422,10233,1.5063606851118765,1.2968308590752644,0.40126956100210776,0.46210628642728485,,,,,0.030829542533661485,0.03748485165945989,0.5562595700371442,,2026-01,20477
1769274000.0,17,,8725,7030,1.2299762181585907,1.089811949017244,0.3875240569773713,0.3506741418314925,,,,,0.023704274743183134,0.027079595590349805,0.4793997640340073,,2026-01,20477
1769277600.0,18,,5971,5543,0.9568565279624385,0.9858659145505176,0.2564354397775716,0.2716921651441954,,,,,0.01974450331173829,0.02426453862262348,0.40801749793264147,,2026-01,20477
1769281200.0,19,,5549,5817,1.0248001405421496,1.0249044956680124,0.25997641745531286,0.32649646657487813,,,,,0.0035023585192416142,0.013540346998254666,0.36172493509861725,,2026-01,20477
1769284800.0,20,,5017,4425,0.9173716332026516,0.9501680049008495,0.17483144503972947,0.15090393702404944,,,,,0.013685196947908394,0.026048432751262892,0.31635152872995753,,2026-01,20477
1769288400.0,21,,5871,5822,0.9309215464059646,0.8955107718474713,0.30628029214837243,0.35870978550721977,,,,,0.025494916464735447,0.00806476344300082,0.43573948887051844,,2026-01,20477
1769292000.0,22,,6304,5540,0.8523321484106771,0.6815898459863615,0.35428486301074175,0.41641360318394693,,,,,0.0421232592252172,0.024177511612776866,0.5325154227186141,,2026-01,20477
1769295600.0,23,,6128,7513,0.7381911503576886,0.7832622292705137,0.386487434181751,0.5484832655000228,,,,,0.027851942082648958,0.0377681521371961,0.6107921976706201,,2026-01,20477
1769299200.0,0,,8070,6283,0.9847942203738221,0.9180795933112335,0.3698802645467839,0.3608260374659665,,,,,0.0371977555244609,0.032483819921287786,0.5453626980326022,,2026-01,20478
1769302800.0,1,,8042,8535,0.8845401717228843,0.9501961001308195,0.35877586282724777,0.5277930007105229,,,,,0.03614207033725717,0.03318046646331857,0.6013843286957614,,2026-01,20478
1769306400.0,2,,6897,6182,0.9115575834381672,0.889853979107445,0.3060916964631306,0.402361961646683,,,,,0.032547529606176386,0.042248260340944414,0.5067890364457581,,2026-01,20478
1769310000.0,3,,12429,11961,1.1625089156339041,0.89601943153819,0.43486673226073885,0.6611958121628956,,,,,0.03447236551979886,0.05572928589991974,0.7125823960167244,,2026-01,20478
1769313600.0,4,,9005,7934,1.236840103734988,1.1519355085870402,0.37633735156536147,0.3428637674976936,,,,,0.01972276897656354,0.02770752419783867,0.4949832224240476,,2026-01,20478
1769317200.0,5,,7708,6641,1.0890599179378782,0.9638321749803105,0.33917214824788566,0.34756155542623346,,,,,0.031151333221840095,0.03758667786209248,0.4848982799335784,,2026-01,20478
1769320800.0,6,,16222,12066,1.1891626158921584,0.9493919308629256,0.6064447457995696,0.6560181053370022,,,,,0.020438058652603494,0.04659033657787319,0.7269143533333875,,2026-01,20478
1769324400.0,7,,8808,7005,1.1435308527060277,1.0082555314384234,0.3678940888842195,0.43127946662416294,,,,,0.018422108652575476,0.04346387915771042,0.511255950775096,,2026-01,20478
1769328000.0,8,,18316,18962,1.2115536579720234,1.1127650113381624,0.5546858339041862,0.7255171232580426,,,,,0.023002896808080774,0.05634433539609965,0.7823395152002487,,2026-01,20478
1769331600.0,9,,14066,9986,1.6803119637039714,1.1171248260651858,0.48539528470553867,0.4858198399225465,,,,,0.038319858588924144,0.04629859149732661,0.5821856499412855,,2026-01,20478
1769335200.0,10,,14269,7899,1.4934920697712037,0.8516323196202151,0.532577830328409,0.5115318985285451,,,,,0.03588839606541364,0.03950392578545457,0.6210307574864743,,2026-01,20478
1769338800.0,11,,9154,7856,1.2779581895558716,0.8861505219941489,0.40507074286237027,0.4801965743514214,,,,,0.04025526423768632,0.04090698966472863,0.562865019166754,,2026-01,20478
1769342400.0,12,,13894,11781,1.4427350424475374,1.186093571222127,0.5582375229368363,0.5171429455215631,,,,,0.04746145512885173,0.03926671985462155,0.6311964068537375,,2026-01,20478
1769346000.0,13,,12703,10361,1.3761302454223245,1.23922538821934,0.5307195598493986,0.45764102994596,,,,,0.0383340454284349,0.039165023071395265,0.5980565770170725,,2026-01,20478
1769349600.0,14,,13729,14604,1.3847468643957916,1.3607032657567841,0.5241860951834166,0.5800973193514686,,,,,0.030639609537627573,0.03803025769062418,0.6556558038235439,,2026-01,20478
1769353200.0,15,,14530,13627,1.287148474969796,1.290917363229384,0.47272405313911536,0.5923260728102688,,,,,0.024169966207638244,0.04664222336523756,0.6687666853902113,,2026-01,20478
1769356800.0,16,,63158,53522,2.823507892350831,1.7251782919611285,0.6903538395958034,0.8087442178511575,,,,,0.03631616659943448,0.05997331958211519,0.8701813851729621,,2026-01,20478
1769360400.0,17,,25018,20116,1.3249459102882386,1.2414033110493188,0.5458885936059568,0.704602836492505,,,,,0.027487967282932995,0.052546478579943344,0.7953719113076982,,2026-01,20478
1769364000.0,18,,51473,55130,1.8876127138958803,1.2760700299073622,0.7661408543238559,0.8376345681999317,,,,,0.04203112140598049,0.046827301286032796,0.9011598804734372,,2026-01,20478
1769367600.0,19,,55209,61207,2.0902921834202526,1.1635293295528089,0.7703914369121166,0.8562710961127874,,,,,0.05027566889609698,0.05449640409417403,0.9155320196113136,,2026-01,20478
1769371200.0,20,,35550,28596,1.9319705936800222,0.9845638586012929,0.7222939621032463,0.8005520287904916,,,,,0.04074137558458833,0.04416711710660871,0.8497015484530341,,2026-01,20478
1769374800.0,21,,26278,25950,1.6017718082042518,0.9596269823689438,0.7221677510751005,0.8075545481747953,,,,,0.0368701918025505,0.042046788828610064,0.8444090905025468,,2026-01,20478
1769378400.0,22,,26882,26801,1.7138114030403422,1.5998483407261388,0.7083645098528295,0.7338014045902402,,,,,0.032031644485319435,0.0427060401363994,0.7807448592220116,,2026-01,20478
1769382000.0,23,,43224,37472,1.7207380845727533,1.5076252738507838,0.7801695187633575,0.7692483938846896,,,,,0.03451762932197782,0.05315961655545571,0.8482375272272193,,2026-01,20478
1769385600.0,0,,32716,26436,2.015336885833963,1.016839833405137,0.6778375294142649,0.7942055379534532,,,,,0.03716088760702337,0.048468580276399345,0.8351583007158394,,2026-01,20479
1769389200.0,1,,40889,35006,1.6588637727658258,1.2402786830358723,0.7923691422548679,0.7842303289331154,,,,,0.0480552517834867,0.0402355577340371,0.8611021811311099,,2026-01,20479
1769392800.0,2,,26469,26043,1.8243894426400795,1.322361751519855,0.6952531160563241,0.7314360796582743,,,,,0.03715322287857515,0.03235339609530001,0.795285160480879,,2026-01,20479
1769396400.0,3,,18850,21932,1.7740959899725035,1.4620921018456088,0.6245478754169737,0.7155970457151273,,,,,0.019559088467323914,0.02707214096097236,0.7474793657885188,,2026-01,20479
1769400000.0,4,,22667,16859,1.6234503948687373,1.344841734961782,0.7098086910426831,0.6445898338840366,,,,,0.030615299745465032,0.024270932867399574,0.7359918742988805,,2026-01,20479
1769403600.0,5,,14410,12904,1.3420814843074786,1.316105087067016,0.6258800572065129,0.5727586367809413,,,,,0.035227054793008736,0.03614076792268964,0.6556718011793824,,2026-01,20479
1769407200.0,6,,16294,17800,1.388991473093444,1.9075049800813808,0.6391353722953991,0.568499895625562,,,,,0.02988782150239413,0.034233523095578436,0.6679705907202919,,2026-01,20479
1769410800.0,7,,19489,18565,1.8263919872606569,1.9829566061415707,0.5888905726879385,0.5710326026822536,,,,,0.021471321986565983,0.03100193208595579,0.6445968631305797,,2026-01,20479
1769414400.0,8,,20687,20593,1.2600932229832467,1.880712313278096,0.6946400689050992,0.6157137786704677,,,,,0.03141699851102359,0.042746142433358114,0.752973747764295,,2026-01,20479
1769418000.0,9,,16036,18432,1.2112456104068516,1.2561233040406112,0.6589723759748719,0.7040124024437806,,,,,0.03583923227418645,0.03630067870592815,0.7437478472492594,,2026-01,20479
1769421600.0,10,,11433,9866,1.1689468865641164,1.0705880672134596,0.5826653793425235,0.5289121125500885,,,,,0.04146724906729546,0.02408836945726992,0.6274241018337254,,2026-01,20479
1769425200.0,11,,9041,8982,1.1762505542132429,1.109777024284706,0.4758863848284981,0.5025763230254064,,,,,0.03322904889838035,0.028139990793842076,0.5464065914650016,,2026-01,20479
1769428800.0,12,,9868,10840,1.1927616874446292,1.175858845059677,0.49127554769771836,0.5404412353503462,,,,,0.04324173017190355,0.031891305019544486,0.5924406504407193,,2026-01,20479
1769432400.0,13,,15737,15445,1.3792955479219466,1.3940569521279025,0.6194867636445199,0.6086048477864696,,,,,0.04206109065798342,0.03702810240342534,0.6815495030255412,,2026-01,20479
1769436000.0,14,,47794,50261,1.624376630970679,1.7252750093548153,0.8036722763842199,0.8006870760911494,,,,,0.04692415913002732,0.04046509692187696,0.8710532438000941,,2026-01,20479
1769439600.0,15,,60680,65499,1.789865841337358,1.7447330915980102,0.8173820952820864,0.8212564810641336,,,,,0.04315658915597465,0.049484875731233696,0.8915381607062793,,2026-01,20479
1769443200.0,16,,41527,40247,1.8521129558951979,1.4507811854327035,0.7784129948027372,0.8035104421296764,,,,,0.043541857893750584,0.04485824154338827,0.8564938093279135,,2026-01,20479
1769446800.0,17,,26762,25916,1.302677216265785,1.1299452228331746,0.753326587978884,0.7761563259706763,,,,,0.04357723265756467,0.05285109714761059,0.8357686989081067,,2026-01,20479
1769450400.0,18,,27127,21589,1.2073912991328453,1.1210183334139343,0.7826377612545425,0.7272967482272977,,,,,0.04666306914500263,0.046297919251850304,0.8307682639461745,,2026-01,20479
1769454000.0,19,,16542,18863,0.9863545116870347,0.9767249731005331,0.7073167038900492,0.7458381917946031,,,,,0.048662769930427424,0.03741169764073527,0.8007541012474104,,2026-01,20479
1769457600.0,20,,13267,16255,1.0268365084632418,0.9037337269604193,0.6399593798563091,0.7542974189828192,,,,,0.04407274917039482,0.04454152932019417,0.7818752042121437,,2026-01,20479
1769461200.0,21,,15883,11672,0.9720817409308672,0.7226698279665054,0.7024766859343587,0.705110417929662,,,,,0.034268473938026296,0.048115543564592834,0.7793872315890301,,2026-01,20479
1769464800.0,22,,11376,10308,0.9524757621550808,0.73239939988382,0.6229343470669736,0.6797959184524932,,,,,0.03402874850371868,0.04263568035545786,0.7275664813129317,,2026-01,20479
1769468400.0,23,,14831,10908,0.9485121003559495,0.7638584864263943,0.7007899138659467,0.6649657959948158,,,,,0.04184735761610958,0.054525723596877435,0.7621066482699768,,2026-01,20479
1769472000.0,0,,11120,9497,1.1239848334077318,0.7729468080715042,0.5580338972493333,0.639268465840272,,,,,0.040563963519842546,0.04035421543435158,0.6796536054400383,,2026-01,20480
1769475600.0,1,,13159,10885,1.1658613243807596,0.8466142406066152,0.6095358440706419,0.6515981249577182,,,,,0.046207470388424904,0.05010101903081684,0.7011972155584828,,2026-01,20480
1769479200.0,2,,16541,11425,1.3834158217016053,0.8107851210550368,0.6526229497434626,0.6508987445650195,,,,,0.0455491818271149,0.04113528361395487,0.7193779613097154,,2026-01,20480
1769482800.0,3,,14102,13949,1.693466401775128,0.9433691350117961,0.5305194954198027,0.6784934605755771,,,,,0.04676389700429138,0.02785059688564481,0.714948358782652,,2026-01,20480
1769486400.0,4,,13707,13791,1.125477811871445,1.1448089162404325,0.6313579646407887,0.6524614501107093,,,,,0.03216147519371149,0.04119808570965551,0.7017375632030003,,2026-01,20480
1769490000.0,5,,8298,9764,0.9421732500381258,1.1319058981207863,0.497979644059086,0.5428531528255938,,,,,0.027255915569648376,0.03199048516723173,0.5861505633123741,,2026-01,20480
1769493600.0,6,,10002,10212,0.9015525777000696,1.0216865506573445,0.5508493955959259,0.5843999981221828,,,,,0.034393528399751065,0.04144593902934047,0.661866253418389,,2026-01,20480
1769497200.0,7,,12054,11658,1.173754693041626,1.338963587888882,0.5546248917375415,0.5373084799269956,,,,,0.024266117868732014,0.025494796188554422,0.6333907488401407,,2026-01,20480
1769500800.0,8,,10981,11631,1.1687114841189226,1.0115160481255783,0.5486180734394294,0.6313958494550953,,,,,0.034780151470836844,0.03332041625619437,0.6662072415492212,,2026-01,20480
1769504400.0,9,,11714,15369,1.2031115626403024,1.3038513627680866,0.5471047159515863,0.6446544790806945,,,,,0.04428418867316447,0.043813275240655626,0.6784333778568072,,2026-01,20480
1769508000.0,10,,10533,12633,1.179157669261807,1.2383362217689442,0.5300087480967385,0.519629798365851,,,,,0.03257819339355518,0.038014158634857576,0.633432903353882,,2026-01,20480
1769511600.0,11,,11831,9961,1.166736340139855,1.1182197734571968,0.5902356028291031,0.5198767521449145,,,,,0.04096870409476083,0.03516231593116918,0.632055472408581,,2026-01,20480
1769515200.0,12,,10746,11520,1.1772839147069667,1.2281456929722019,0.5383509781574387,0.5258894234548113,,,,,0.035739332037249376,0.025947743217302494,0.610601686093683,,2026-01,20480
1769518800.0,13,,11655,11796,1.1683780963938235,1.2320925194600194,0.5718043144945655,0.5440509122315564,,,,,0.03864873923664777,0.0397557901069587,0.6318386481557628,,2026-01,20480
1769522400.0,14,,34734,37419,1.4141926584170759,1.4415497899667078,0.7870106748269194,0.7953624135277394,,,,,0.03986204134696554,0.036986558114370335,0.8573333961192349,,2026-01,20480
1769526000.0,15,,36945,39183,1.5382151996698337,1.570895299928445,0.7882504779803797,0.7943584135674964,,,,,0.04293934265489674,0.03839599203508817,0.8534103182858661,,2026-01,20480
1769529600.0,16,,46859,41556,1.6381991244578002,1.7719990031213975,0.8095532667335853,0.7648243617564521,,,,,0.045498157553039924,0.04345772845707821,0.8642137214661593,,2026-01,20480
1769533200.0,17,,37111,47889,1.7104574905258323,1.4751934292343132,0.7506838905014348,0.840323059408816,,,,,0.04383507986134699,0.04191999651813821,0.8750371782721563,,2026-01,20480
1769536800.0,18,,33510,27699,1.1044694393147247,1.0150507035525367,0.8222967109598461,0.7921528278539506,,,,,0.0404745054792741,0.04847164610392029,0.8748530589275452,,2026-01,20480
1769540400.0,19,,19498,19800,0.8855230770295186,1.0479634424345046,0.7739422940676591,0.7495764417841753,,,,,0.036826535047191945,0.034724525437538255,0.8234202261895608,,2026-01,20480
1769544000.0,20,,40588,33454,1.069442809602202,1.159972059093461,0.8508447546929112,0.7828159311898727,,,,,0.049335843718411876,0.040822916512122324,0.8974470212709158,,2026-01,20480
1769547600.0,21,,19338,21702,0.9502239141625051,1.0920213573231532,0.7564132625265256,0.7695199965678973,,,,,0.03593387553808702,0.032091937034135674,0.8210103535550303,,2026-01,20480
1769551200.0,22,,13500,12615,0.7967017191208242,0.8265936416309051,0.7210717164078965,0.6836635737568639,,,,,0.04625856465536513,0.040610707374571446,0.779007683173755,,2026-01,20480
1769554800.0,23,,12180,10967,0.8549693057594795,0.8139372078017364,0.6822017014507309,0.6586234006271878,,,,,0.04269052632462244,0.043461296783060724,0.7410403323192956,,2026-01,20480
1769558400.0,0,,12128,9957,0.9973806391645266,0.8342697367212468,0.6528877606938689,0.6211229514373421,,,,,0.03875062762174857,0.03368668093772493,0.7019433336919391,,2026-01,20481
1769562000.0,1,,12104,12267,0.8760497486807141,0.8420847900723818,0.6746795098796683,0.6875740908037247,,,,,0.034584287497026626,0.03295173758050554,0.7469904744378935,,2026-01,20481
1769565600.0,2,,10618,11500,0.8343382284241241,0.7563217797373228,0.6554937163318673,0.699448590398044,,,,,0.03613035136341776,0.030913243951367332,0.7461269923183287,,2026-01,20481
1769569200.0,3,,11719,12897,0.8801064806802141,0.9376404249577037,0.6572659161514184,0.6748216132648212,,,,,0.04748635525268126,0.047366756454158915,0.7316649502096244,,2026-01,20481
1769572800.0,4,,11265,12127,0.9168286233847336,0.9978945965481795,0.6373270677525911,0.648855347128045,,,,,0.04105083094436008,0.045809054531397116,0.705763270324228,,2026-01,20481
1769576400.0,5,,11863,10926,0.8941323447099601,1.0961065884023882,0.6647089498384448,0.580697376300529,,,,,0.03761370631168386,0.03896928463305145,0.7061671096579486,,2026-01,20481
1769580000.0,6,,13183,12844,0.8690313597787299,1.3460934180964315,0.6876372976454086,0.5646596496708345,,,,,0.03763585444317874,0.03800036407416885,0.7345759340316323,,2026-01,20481
1769583600.0,7,,10193,13964,0.7743202483273866,1.2338180394919374,0.6470777298483279,0.5714596232558329,,,,,0.06592811470089623,0.03883168954126557,0.7081652868806984,,2026-01,20481
1769587200.0,8,,14736,17146,0.9691626796204426,0.9387804245768775,0.6918623906126704,0.6743244405575055,,,,,0.06799911816220555,0.029919074303679686,0.783283343595805,,2026-01,20481
1769590800.0,9,,19624,13841,0.9074934457795185,1.167952737661576,0.7728139820443098,0.6162666477768871,,,,,0.04091166869985334,0.041100678747679247,0.8156774114950942,,2026-01,20481
1769594400.0,10,,19756,22559,0.9985338387310109,1.28147270562604,0.7306086188530202,0.6604932872949894,,,,,0.09123467505712375,0.04462142319285605,0.8104659048552487,,2026-01,20481
1769598000.0,11,,27364,25987,1.1323851641808522,1.4299449865373388,0.7971606472411626,0.6338331868379101,,,,,0.06792327027085326,0.04012280921134984,0.837179348233299,,2026-01,20481
1769601600.0,12,,21028,24378,1.1865674980546606,1.4922868619790421,0.7198919942023997,0.7046464444579043,,,,,0.0536157054352342,0.04617045618863391,0.7895575097251489,,2026-01,20481
1769605200.0,13,,28205,38865,1.3178062200312597,1.6422810955598544,0.7593124826957329,0.5734202646669252,,,,,0.08811045869597886,0.03769429616275641,0.8403163652366464,,2026-01,20481
1769608800.0,14,,32715,44823,1.3616874375188108,1.6365466094541594,0.7670507969370657,0.82234369297727,,,,,0.05877129464551468,0.04248991943507,0.8631916474147884,,2026-01,20481
1769612400.0,15,,39347,47062,1.4670641754484097,1.6388407506942504,0.7827429941410503,0.8225105291134789,,,,,0.04620457410944964,0.0446535042330676,0.8714708950772226,,2026-01,20481
1769616000.0,16,,27722,29350,1.3237127341453332,1.5520181857201476,0.7549491522046494,0.7593162724465039,,,,,0.04228234065686259,0.044406463035698084,0.8194435298931113,,2026-01,20481
1769619600.0,17,,35060,30436,1.214813879655035,1.4070421121820778,0.8244330805387962,0.7515075383169569,,,,,0.04664607943817603,0.044366549982287305,0.8634527730165606,,2026-01,20481
1769623200.0,18,,25023,30553,0.9818957721551662,1.0239841591656587,0.7668919079469704,0.8218991502183692,,,,,0.04994158468400685,0.04870836143834784,0.8737263232720546,,2026-01,20481
1769626800.0,19,,47610,51137,1.3739437544471214,1.3014180096983634,0.8387148678562154,0.8483466852809461,,,,,0.03954425597489244,0.03863162594322527,0.9037855878406835,,2026-01,20481
1769630400.0,20,,25608,27124,0.9355827502131185,1.043402691588352,0.7959594811949324,0.7980246438561949,,,,,0.04195425054389545,0.04132706267490806,0.864115567351205,,2026-01,20481
1769634000.0,21,,20386,19261,0.7993227623169185,0.950095021598392,0.7657525885890457,0.7501969994481944,,,,,0.044634590590543956,0.05762447765567328,0.8451527078102514,,2026-01,20481
1769637600.0,22,,8986,8862,0.7649512927990836,0.7387307063004077,0.60170147445622,0.6345930928147085,,,,,0.044139684925240945,0.050856150925824,0.6966231215644516,,2026-01,20481
1769641200.0,23,,9924,11036,0.7936380109592229,0.8850192485572154,0.6324517639697294,0.629025419613487,,,,,0.04982404899519071,0.036823545433412715,0.7121736592778032,,2026-01,20481
1769644800.0,0,,14854,17949,0.9157549625746214,1.0112270939026262,0.6952697780806316,0.7335667511506991,,,,,0.0503198342512891,0.04077091026978364,0.7900362992413127,,2026-01,20482
1769648400.0,1,,18916,23422,0.9823867323479002,0.9168601686789294,0.7019599831984358,0.79752455078734,,,,,0.05465340648689568,0.05479245703831196,0.8459538460733004,,2026-01,20482
1769652000.0,2,,32265,38991,1.3151758353928662,1.3886916122830681,0.7242732632711291,0.8068592512011947,,,,,0.052859883456364276,0.060522076995414724,0.8663539486496814,,2026-01,20482
1769655600.0,3,,22954,21052,1.2966220676687268,1.2933106938308039,0.7297471207053521,0.7097488658520712,,,,,0.04546755236875978,0.055690712854717724,0.7872412070636979,,2026-01,20482
1769659200.0,4,,13398,10051,1.0809548949272607,0.8964651573417755,0.644490879140983,0.5873794056514106,,,,,0.04710290311895955,0.056816836967336325,0.700186103033444,,2026-01,20482
1769662800.0,5,,10107,10395,0.9411446276395443,1.0531444224430329,0.5851489603448427,0.5801730197362353,,,,,0.042216732698089135,0.04841399978488842,0.651139014950323,,2026-01,20482
1769666400.0,6,,11254,8647,1.0642573179072845,0.89169440438428,0.602906406625376,0.5643629202183417,,,,,0.032572606895682275,0.028998276794805808,0.6522969540736243,,2026-01,20482
1769670000.0,7,,13920,10450,1.3829871547853312,0.8343166512152478,0.6007185366848393,0.6410768280250477,,,,,0.03782325852829338,0.03081951635963411,0.6815349698865653,,2026-01,20482
1769673600.0,8,,18459,19811,1.3517903758538379,1.2153120627442482,0.671310998646577,0.7313246058963585,,,,,0.033996747335698255,0.04635184503258572,0.7656382853508814,,2026-01,20482
1769677200.0,9,,8825,11667,0.960477845123666,1.096127217621243,0.5448963988894211,0.6196672814821299,,,,,0.0417168097713807,0.02697001569566049,0.6461972594428111,,2026-01,20482
1769680800.0,10,,10906,11142,1.06010606244837,0.9402052676935954,0.5988003000216358,0.6177285026827702,,,,,0.036184491326954255,0.03115549635413921,0.6787941856870059,,2026-01,20482
1769684400.0,11,,12274,13314,1.180730577669458,1.0526210622525516,0.5860665772774568,0.6441022626520762,,,,,0.03600571418358198,0.030705663010341847,0.6983944198547758,,2026-01,20482
1769688000.0,12,,11189,11756,1.1478684919088773,1.149226690204996,0.5943949501549458,0.5406614368832086,,,,,0.059319830818142225,0.016983903357798986,0.6358955870917017,,2026-01,20482
1769691600.0,13,,9220,9322,1.1632702276631677,1.2126851462543644,0.48020445659182537,0.454451880492446,,,,,0.052749973132107206,0.041744790425901956,0.5402641763955989,,2026-01,20482
1769695200.0,14,,28289,41288,1.3980148507814847,1.5099596935248696,0.7070604979679602,0.7929826928537084,,,,,0.0644737593473315,0.0516693895518038,0.8547618467942539,,2026-01,20482
1769698800.0,15,,138354,145351,7.135860677073436,2.9807658265214947,0.7401065092185584,0.8868098988847949,,,,,0.02171655829206323,0.005286570377640993,0.899399842078257,,2026-01,20482
1769702400.0,16,,74746,64529,4.807354830133411,1.6205437602231736,0.714342388406491,0.8736785212843512,,,,,0.019573947202967467,0.036962311914819655,0.8950858935642353,,2026-01,20482
1769706000.0,17,,48875,59216,2.268878416897896,1.5760211197360168,0.7486446326417632,0.8744539053543186,,,,,0.017294180995765136,0.027447095574941575,0.8998301872624188,,2026-01,20482
1769709600.0,18,,59318,72941,2.42349044939794,1.3239701472953356,0.7554685053304574,0.8647823716046871,,,,,0.031063421908740098,0.03291646125867942,0.9244580248630315,,2026-01,20482
1769713200.0,19,,44365,41021,2.399554623718948,1.2803556929505115,0.7587980582385228,0.8301249965836387,,,,,0.020444499259187,0.01395070044843705,0.8683939731133737,,2026-01,20482
1769716800.0,20,,27234,26081,1.6771074512438064,0.9606722194928216,0.7524703875655776,0.8186530129220262,,,,,0.015848948178922406,0.007827370367392502,0.8502088995119672,,2026-01,20482
1769720400.0,21,,22683,19788,1.6526596077129752,1.02144156987727,0.7056941496524415,0.7634850629522753,,,,,0.013101128974904994,0.012568256201579916,0.8007088084758199,,2026-01,20482
1769724000.0,22,,12248,10335,1.4740389985817444,0.7115493950122335,0.5216723315981047,0.6848459738628158,,,,,0.01390799995255872,0.017110865615574528,0.7365751206233762,,2026-01,20482
1769727600.0,23,,15187,12420,1.5976769638566348,0.752819020780743,0.5928502516083191,0.7301126311424712,,,,,0.016613546368028503,0.010656270166169313,0.7660554121788224,,2026-01,20482
1769731200.0,0,,15337,17856,1.7912041427702121,1.0468000049169526,0.5239233146398209,0.7545655613745177,,,,,0.012339183104942295,0.01681099594091778,0.7789287297609662,,2026-01,20483
1769734800.0,1,,93858,104947,1.821676652529402,0.9902818122021787,0.7603976579494136,0.90430350209047,,,,,0.058919804300699916,0.05736054569498022,0.9666368712012141,,2026-01,20483
1769738400.0,2,,82786,74338,3.8176456706661437,1.692682321115812,0.7335658605182345,0.8594472596308969,,,,,0.031133652290992395,0.06171452505251983,0.900253581413031,,2026-01,20483
1769742000.0,3,,32607,28943,2.4478965926973215,1.5219271933623153,0.6652294940679628,0.7267395962614074,,,,,0.032754655339746454,0.028135648329772316,0.7851959013465583,,2026-01,20483
1769745600.0,4,,27041,26534,2.200174861485357,1.4251796405357167,0.6565033522699352,0.7496237560836508,,,,,0.01854963813242944,0.021374740189904044,0.7926343346694786,,2026-01,20483
1769749200.0,5,,18764,20583,1.715288764961752,1.6278633505923354,0.6205756407923693,0.6791280643496446,,,,,0.03253107440501201,0.020471373638876276,0.6967802918379791,,2026-01,20483
1769752800.0,6,,28184,32720,1.8729340144858708,1.4763250747538943,0.7053282512796808,0.7968077045600133,,,,,0.021092350561559888,0.021019629742581394,0.8219214988687557,,2026-01,20483
1769756400.0,7,,31561,31260,2.124845708515214,1.3965164485171466,0.7215628750348871,0.7771859827374411,,,,,0.02836569234261293,0.015489454145218882,0.812166693087118,,2026-01,20483
1769760000.0,8,,24670,26003,1.734836289248653,1.0209800444853145,0.7165405092934685,0.8002768795378229,,,,,0.021931002057092003,0.0122934339030745,0.8415352952675401,,2026-01,20483
1769763600.0,9,,31499,31210,2.0114515749243274,1.2394189170990626,0.7477310951501669,0.8087369136574781,,,,,0.017643235792098703,0.013110212664477932,0.8377643843446594,,2026-01,20483
1769767200.0,10,,26922,21588,1.8509067243661383,1.1180391607249367,0.7255112980636305,0.7828884430683667,,,,,0.01704660797111529,0.008166253717153784,0.8095560757672842,,2026-01,20483
1769770800.0,11,,23553,19263,1.707564326185615,1.2302029732581967,0.6990371060349877,0.702557520413827,,,,,0.026035420822301824,0.015573072974169723,0.7541562987685926,,2026-01,20483
1769774400.0,12,,21550,23655,1.7033266015540425,1.4590753571734385,0.6782340803901057,0.7430385685363743,,,,,0.008334581773101373,0.01284762201039978,0.7710143460594565,,2026-01,20483
1769778000.0,13,,32540,29419,1.7509598489859166,1.2800399550185382,0.7558614510669888,0.7814621220709563,,,,,0.014522317366713847,0.02032560993699232,0.8350201047030529,,2026-01,20483
1769781600.0,14,,60074,59221,1.9272555398135958,2.0419772430808063,0.8314795591465405,0.806709459789715,,,,,0.027912239907766718,0.03767333813933285,0.8817421881809943,,2026-01,20483
1769785200.0,15,,65631,69926,2.0782021615965514,1.4158003904294278,0.8501642364830255,0.8787248745057495,,,,,0.01738612388110526,0.009251175501064603,0.9221669168669716,,2026-01,20483
1769788800.0,16,,50927,52334,2.0664914071463505,1.532459639387496,0.8241803440864917,0.8615058767852739,,,,,0.010086918996224555,0.006544765530973621,0.8841553378224538,,2026-01,20483
1769792400.0,17,,48482,51195,1.8747763278251572,1.4606529153475991,0.8167837712115752,0.8428690167097398,,,,,0.015313138071649338,0.008617271217152455,0.8784369468830698,,2026-01,20483
1769796000.0,18,,81271,76349,2.384575713499554,1.8469768550218304,0.8557505692514275,0.8712165545445312,,,,,0.027115318655481974,0.015525720886693887,0.9052816957203658,,2026-01,20483
1769799600.0,19,,62098,59827,2.1527228626592683,1.5672939811806255,0.8139818198787714,0.8625817648162972,,,,,0.014244897283042788,0.02641014868663565,0.8992379126355913,,2026-01,20483
1769803200.0,20,,64284,75267,1.6970233457148916,1.1422739056411644,0.83905170065654,0.8980617105244514,,,,,0.018151057247682522,0.015790518172344826,0.9364201123264594,,2026-01,20483
1769806800.0,21,,32774,25257,1.226614236939456,0.8910654253151497,0.7978677792955776,0.820026917673135,,,,,0.009609941173966642,0.013930561849887738,0.8729276401994419,,2026-01,20483
1769810400.0,22,,22914,15987,1.1214352573057333,0.700813048578178,0.7824570465418214,0.7785934935902563,,,,,0.005458489781137428,0.004325193723836683,0.8366572765150371,,2026-01,20483
1769814000.0,23,,14613,11786,0.8510544376105452,0.8644178407650084,0.768203491655843,0.6790686958460924,,,,,0.0068477323732114076,0.0032716387659667604,0.7876831925870453,,2026-01,20483
1769817600.0,0,,13154,12532,1.1708683759497323,0.9095616875471169,0.6144358907253845,0.6942546408563008,,,,,0.009278196706333808,0.010861730905594912,0.7292810813965827,,2026-01,20484
1769821200.0,1,,14372,13537,1.3604239122312318,0.9912333173967334,0.6254062500643495,0.6996863277047405,,,,,0.01168243346752065,0.013516828489959101,0.7249494184381075,,2026-01,20484
1769824800.0,2,,19477,11083,1.261262579716509,0.9019053173521373,0.5676701640380774,0.6661413084243675,,,,,0.004256882557548945,0.004397022021396375,0.7630964501897417,,2026-01,20484
1769828400.0,3,,11746,7396,1.070911206878151,0.8036381653762339,0.42985884420869247,0.5606341901681384,,,,,0.003542742273585247,0.012788845371610354,0.6636968237842373,,2026-01,20484
1769832000.0,4,,11011,8061,0.8500720793546518,0.8324059333802915,0.49125304871477254,0.6096793455556757,,,,,0.001239166117273149,6.560210626611e-05,0.7180704643192947,,2026-01,20484
1769835600.0,5,,11831,7633,1.005184421413717,0.8055742168013389,0.6339325074413743,0.5819933241036801,,,,,0.004218961336122053,0.001408441463067656,0.6875847453477651,,2026-01,20484
1769839200.0,6,,10728,13022,0.9946484981699442,1.1095344718581965,0.590423534024399,0.6531408413733817,,,,,0.018889351410350023,0.019697081086141002,0.6859726783116675,,2026-01,20484
1769842800.0,7,,17230,15293,1.1500158736313428,1.1565388201197018,0.524265712400772,0.6573892129112887,,,,,0.012216024266180394,0.018705159861953476,0.7494298156330139,,2026-01,20484
1769846400.0,8,,40042,41599,1.4843332508201112,1.2928422084659708,0.7829669591888756,0.8263615129476295,,,,,0.02230010613907979,0.03437769606139926,0.8796780047264793,,2026-01,20484
1769850000.0,9,,24069,18723,1.7293925585600836,0.9555603026861953,0.7038455689841386,0.7785238603253221,,,,,0.009183002798012426,0.019203118826343697,0.8002409489610058,,2026-01,20484
1769853600.0,10,,15234,13903,1.2641204690378087,0.9327365902695421,0.6558507696160955,0.7273176584637615,,,,,0.0019696093853866243,0.00572902304074404,0.7543661833472022,,2026-01,20484
1769857200.0,11,,13121,14194,1.3293278987821715,1.0444694546340212,0.6032590900820203,0.6919922303828976,,,,,0.010485602705605876,0.009551410180461116,0.7262937703535516,,2026-01,20484
1769860800.0,12,,20873,17955,1.367258700264234,1.0743053070687982,0.695521659765744,0.7460014658737859,,,,,0.006992739965423358,0.015799883516583325,0.7758220661844165,,2026-01,20484
1769864400.0,13,,28404,21676,1.3916907929920648,1.1980569127860436,0.6828515666220326,0.7721822225772668,,,,,0.0037159583090988105,0.016430077096679756,0.814994392286779,,2026-01,20484
1769868000.0,14,,100839,100625,2.6215857019238853,2.173461186623438,0.7958308940461991,0.8569346808676707,,,,,0.019478493351150733,0.04101212305474598,0.9217626524519211,,2026-01,20484
1769871600.0,15,,49122,44870,2.7426468103773916,2.3452953728107477,0.7496983060527963,0.773682816352308,,,,,0.013205466868750302,0.019234458462048486,0.8086648581927713,,2026-01,20484
1769875200.0,16,,113929,113056,2.4457610509449137,1.275005198021559,0.8029579935170144,0.8743029870934786,,,,,0.05139424218141867,0.04637230330926119,0.9711389281010454,,2026-01,20484
1769878800.0,17,,163548,160290,0.46600405037979814,0.13572072905452887,0.8184935029134298,0.8456631224774914,,,,,0.04112353571769732,0.08082386704898444,1.0100568592867833,,2026-01,20484
1769882400.0,18,,162231,161069,4.039036620163557,0.7749966784752831,0.8051951620201601,0.86114339252859,,,,,0.11590701081925556,0.03557243937616103,0.9524036469496518,,2026-01,20484
1769886000.0,19,,84590,76315,3.381654759973822,1.7375464859792082,0.7703557260711775,0.8539762651692532,,,,,0.02795145160337558,0.04077238960028937,0.9056525113638131,,2026-01,20484
1769889600.0,20,,59619,51466,2.950826884762072,1.6079478031492815,0.7509675847405969,0.8285172006606918,,,,,0.01618366248360373,0.026727365204217774,0.8696185270960498,,2026-01,20484
1769893200.0,21,,54965,46698,2.8405777747578047,1.3430088538952603,0.7642718837861332,0.8426786294576398,,,,,0.010427557499983876,0.02007902758489401,0.8875010578580863,,2026-01,20484
1769896800.0,22,,34872,27478,2.4126264933494688,0.9822574605931288,0.6881765478526117,0.8122680080297264,,,,,0.013984988308164718,0.023645939805438432,0.8584612962815401,,2026-01,20484
1769904000.0,0,,49499,44730,2.6327362431172814,2.008437752948514,0.7605399588889844,0.7749506397479238,,,,,0.023260463369229743,0.028882075472660883,0.8286332801063305,,2026-02,20485
1769907600.0,1,,38808,35264,2.4462198199744427,1.2927047726478278,0.7148435123177385,0.798391087269126,,,,,0.014050672180552884,0.02178572953178125,0.8573272912618511,,2026-02,20485
1769911200.0,2,,35659,26003,2.182817917731447,1.038011614287796,0.7316322473695213,0.7964706988041614,,,,,0.014900914889603576,0.02200566840912437,0.8387219871963412,,2026-02,20485
1769914800.0,3,,22358,22502,1.9290050837373935,1.1553768714465156,0.5906701555968203,0.7419143731434683,,,,,0.0050189802278967416,0.010548369399261922,0.8147226075884262,,2026-02,20485
1769918400.0,4,,19038,16546,1.6613854449058927,1.0246861596164363,0.5776867206057993,0.685660751124512,,,,,0.010650940845946916,0.013903541477180169,0.7651066061655174,,2026-02,20485
1769922000.0,5,,21202,20856,1.5643799697686405,1.1553039425166098,0.6209714820710702,0.7380998478445775,,,,,0.006577825808606232,0.014412461135258094,0.793171412048815,,2026-02,20485
1769925600.0,6,,23899,21134,1.7095317309294682,1.0174500242387527,0.6511980769388582,0.7557744840970755,,,,,0.007491459698094411,0.007320045134792778,0.81578013395577,,2026-02,20485
1769929200.0,7,,33121,28883,1.8497062683124121,1.1214208891354218,0.7399501980698382,0.8012517614968192,,,,,0.01416804899419237,0.017522289120379838,0.8342489023288229,,2026-02,20485
1769932800.0,8,,27350,22705,1.6737389344845106,0.9581618097170843,0.7334835071833122,0.8005935641426752,,,,,0.009113827761032806,0.009420614462923867,0.8409498994052754,,2026-02,20485
1769936400.0,9,,21109,18337,1.6006364019315007,0.8639098061501013,0.6921272697328306,0.762086714969923,,,,,0.01666562133277516,0.009563284230634973,0.8134036200807221,,2026-02,20485
1769940000.0,10,,30190,36378,1.8203940614927816,1.318682867458056,0.7250263068183671,0.8271521652438055,,,,,0.006278652656251105,0.005958490344116852,0.8620609396709098,,2026-02,20485
1769943600.0,11,,24824,19949,1.687757518317591,1.196480376043459,0.7189634447274758,0.7241640968860181,,,,,0.009947076728004399,0.009982288976632253,0.7753419187491667,,2026-02,20485
1769947200.0,12,,24704,21776,1.801525047687334,1.0087139280431103,0.7006988301256812,0.7700986259279986,,,,,0.014060749581015816,0.017720081229395047,0.8194609236073225,,2026-02,20485
1769950800.0,13,,22504,22159,2.0039849747552343,1.3353067199188033,0.624286605437528,0.7233237975843929,,,,,0.015233492762565366,0.018584082185749237,0.7695550095817896,,2026-02,20485
1769954400.0,14,,59816,66487,2.487311085572755,1.8754099520907077,0.7813605836968196,0.8556315407053084,,,,,0.03390850369393586,0.018583201964513643,0.894025421163309,,2026-02,20485
1769958000.0,15,,80368,78922,2.6296810758711535,2.00154286245097,0.816216335369834,0.855086799286936,,,,,0.021773114926391505,0.01706295476871735,0.8998485442623069,,2026-02,20485
1769961600.0,16,,60164,55313,2.2679900333802716,1.704270091293217,0.804447472115791,0.8524976567696867,,,,,0.01364708618056628,0.024561346319396656,0.886318859845518,,2026-02,20485
1769965200.0,17,,37829,32879,1.7275332924997648,1.0977834957133306,0.7883646926057571,0.8354006712126426,,,,,0.010876486468032347,0.017223065786146203,0.8721532909703602,,2026-02,20485
1769968800.0,18,,42404,38584,1.534975176287322,1.0742848523951565,0.8280401043983816,0.8483424782051309,,,,,0.014281381934896628,0.012757207744102357,0.8887294601727467,,2026-02,20485
1769972400.0,19,,28172,31822,1.3080419464852862,0.9313150615230855,0.7832624024574919,0.847597714206592,,,,,0.008366898973363792,0.014130400636201147,0.8871080438622284,,2026-02,20485
1769976000.0,20,,43848,41599,1.584474640820316,0.9719331190415527,0.8185502828559076,0.8585693062556625,,,,,0.014451593828409123,0.01772521872069194,0.903245019183164,,2026-02,20485
1769979600.0,21,,50861,46756,1.9324533157223254,0.9552135199417492,0.8031814331947015,0.8830596609517446,,,,,0.011649388956620208,0.020147758247949017,0.915982148702543,,2026-02,20485
1769983200.0,22,,52677,45402,1.774930548606082,1.004623079319231,0.8306460774845291,0.8591756030692078,,,,,0.01607653586873693,0.011242473802032686,0.9029994998112741,,2026-02,20485
1769986800.0,23,,119059,109814,1.731158178804073,1.100332040320998,0.8378064171301167,0.886609303244514,,,,,0.036566076425691894,0.04637140494992259,0.9374137692443186,,2026-02,20485
1769990400.0,0,,76707,67799,2.2186830844110967,1.5415973474028215,0.8342925352887977,0.8903409347733148,,,,,0.009775036636606418,0.020196074683546106,0.9111563388549028,,2026-02,20486
1769994000.0,1,,66680,67675,1.8560892783398473,1.2058390470542601,0.8374911459704262,0.8800911914609211,,,,,0.01863432283868637,0.03107965387865081,0.929999079919195,,2026-02,20486
1769997600.0,2,,51906,54258,2.0556751723348192,1.4440523008219714,0.8151607588248588,0.8750129464059614,,,,,0.007102881860173288,0.01899350404065504,0.8971973854666843,,2026-02,20486
1770001200.0,3,,145050,162670,3.1083306948570986,2.3281567060507236,0.8458780243505806,0.8597356333337791,,,,,0.0023921696184023996,0.0132951588872305,0.9659890966610305,,2026-02,20486
1770004800.0,4,,69781,72146,2.056988873498644,2.2861471844141636,0.8354198676452818,0.8349895791398546,,,,,0.01731059635424305,0.01541917216034537,0.8955398764402206,,2026-02,20486
1770008400.0,5,,73670,87096,1.5573690383921939,2.5685357649565352,0.8440559771702125,0.8069941922265292,,,,,0.02199347732723273,0.037729199149320644,0.9115742864603749,,2026-02,20486
1770012000.0,6,,97151,110059,1.8804081705392262,2.684716099597672,0.8691437014844818,0.8161800287947716,,,,,0.019426651187542807,0.014596862840172682,0.9212006711859286,,2026-02,20486
1770015600.0,7,,60717,68720,1.8423100008246593,1.8832602434143895,0.8371114155570564,0.8017918003333712,,,,,0.02968373682501591,0.022539189053965354,0.9013792800118477,,2026-02,20486
1770019200.0,8,,47891,56219,2.0262761258159023,2.019959486737176,0.805595374538478,0.7179669669041628,,,,,0.025704033828098754,0.012749309151226774,0.8636126286652186,,2026-02,20486
1770022800.0,9,,54651,62453,1.8817386039159099,1.9862126661927026,0.8383723982364395,0.7338200848656875,,,,,0.040644197483064456,0.012223355018540678,0.8795790306819956,,2026-02,20486
1770026400.0,10,,28233,29307,1.8377794368709428,1.3517250664496507,0.7290172677014187,0.7571220097690585,,,,,0.014599663801520979,0.012111506744710392,0.8193791855615055,,2026-02,20486
1770030000.0,11,,29177,24342,1.9093144878335488,1.1626909825796625,0.7278149543495721,0.7790184674809963,,,,,0.010819281380437043,0.011712375019803396,0.8175916653626598,,2026-02,20486
1770033600.0,12,,36778,32373,2.044172556534775,1.617874837075165,0.7404898923007402,0.7638901160202878,,,,,0.014547908864348065,0.018666575437341827,0.8164793812441649,,2026-02,20486
1770037200.0,13,,34409,31900,1.9526401738509498,1.7050957710043544,0.7408910678718134,0.765663499450361,,,,,0.0049862484374402875,0.009588934401486199,0.8021922585771994,,2026-02,20486
1770040800.0,14,,80588,76709,2.5527598555412063,1.4120830491661918,0.8267231991738195,0.8564531699132327,,,,,0.026945709562492415,0.024853209822529778,0.9217808275219572,,2026-02,20486
1770044400.0,15,,93393,82753,2.828623217772132,2.6778417373011627,0.8381352300439413,0.8270673068154831,,,,,0.022151909192731935,0.02417955868869744,0.8839620064637806,,2026-02,20486
1770048000.0,16,,48729,56064,2.3787754092731377,2.5879588952192765,0.7474198696901255,0.723838559146545,,,,,0.020304351442169313,0.026710964685011225,0.8301787273764643,,2026-02,20486
1770051600.0,17,,34921,32735,1.993437209930827,1.4818949343802499,0.7232801329123133,0.7706829169529767,,,,,0.021546363734277634,0.016301608218305636,0.8194874375234272,,2026-02,20486
1770055200.0,18,,27838,30031,1.7608711081809143,1.5992466723312015,0.7050203007011173,0.7329308598273676,,,,,0.009685303664276253,0.02194473328935433,0.8046304985760799,,2026-02,20486
1770058800.0,19,,26214,27174,1.7702894676279033,1.3227268783898265,0.6794679837445337,0.7372826177367529,,,,,0.009917762497911025,0.016993478407208013,0.818925177882177,,2026-02,20486
1770062400.0,20,,29974,31244,1.4239894825621642,1.0890666768927428,0.7632263310809323,0.8192082010874527,,,,,0.014962521227260233,0.022706836595870236,0.8648024219436317,,2026-02,20486
1770066000.0,21,,22217,15696,1.2341325921191788,0.9118118223187396,0.748153798400698,0.7272692980044911,,,,,0.013284772183031325,0.0171051041840012,0.796556214585159,,2026-02,20486
1770069600.0,22,,15098,11509,1.2635634120041712,0.8687812781942442,0.6469879157905541,0.6750159964064033,,,,,0.008989160970925886,0.010131792158013655,0.7214131494355025,,2026-02,20486
1770073200.0,23,,19118,16383,1.399060789158728,0.8282394880575987,0.6766218371898515,0.7731314837579992,,,,,0.013556161521862054,0.01942726940899105,0.805115585403594,,2026-02,20486
1770076800.0,0,,27097,22699,1.7207298112505192,0.9541866315806967,0.7332646740630266,0.8038794046136927,,,,,0.010826470291976208,0.014678492959485586,0.8370775449441248,,2026-02,20487
1770080400.0,1,,27582,26866,1.5679813296710776,0.8633354187545033,0.7422276075778355,0.8517975354871811,,,,,0.010772181289280787,0.022263732740426596,0.8746202833621439,,2026-02,20487
1770084000.0,2,,26852,35160,1.4600786070937875,1.1240927273908143,0.738243100063508,0.8361642766117281,,,,,0.018497890940945175,0.02092495375135238,0.875485024707372,,2026-02,20487
1770087600.0,3,,39961,29690,1.5453724238622946,0.9901361354827944,0.8145033417608276,0.8290980142125706,,,,,0.013856574146848205,0.020539797464727113,0.8787676620987722,,2026-02,20487
1770091200.0,4,,21588,20207,1.3310591297998404,1.3401572913364868,0.7276189916447109,0.7386289400383187,,,,,0.013956983495572775,0.015304800964572794,0.7727320254894043,,2026-02,20487
1770094800.0,5,,18989,20853,1.483064227113494,1.1907107367771184,0.6659619285811718,0.7777379701340743,,,,,0.0057618634584904686,0.01245280698886852,0.7875949361050231,,2026-02,20487
1770098400.0,6,,25834,22887,1.37611549899722,1.3383474597334923,0.7636847188797142,0.7535707123959142,,,,,0.011291218355930523,0.017154672245459423,0.8005497768975155,,2026-02,20487
1770102000.0,7,,24588,24674,1.696200685499734,1.5583006366393495,0.7093511405757187,0.7397025261093653,,,,,0.008767061859710734,0.010310956316839504,0.7674599259562122,,2026-02,20487
1770105600.0,8,,24696,24560,1.3384361492532344,1.0864162893863394,0.7536454961446699,0.8040587894516322,,,,,0.019370368254658942,0.02018741957645897,0.8312233494063357,,2026-02,20487
1770109200.0,9,,31181,45663,1.451739593796064,1.2523353978851235,0.7674448440346078,0.8678934706336,,,,,0.01906617455791894,0.020050124580733873,0.8945922655149592,,2026-02,20487
1770112800.0,10,,16645,24958,1.4078400828718702,1.0998357407886963,0.665994515664714,0.8097917755900155,,,,,0.010610177339864175,0.0035541567872910437,0.835903722736284,,2026-02,20487
1770116400.0,11,,18582,22410,1.3878892893470018,1.0492811942728542,0.6916128770134836,0.7934112091317777,,,,,0.011518528336756357,0.010593400581303546,0.8246538900573606,,2026-02,20487
1770120000.0,12,,22148,23990,1.6916982751813499,1.4693625485936705,0.6613686054902301,0.7358827389818269,,,,,0.020515692435438868,0.013308762321312952,0.7654521139772688,,2026-02,20487
1770123600.0,13,,18980,21197,1.296798658397017,1.1326834550466445,0.710865038889376,0.7782104061214373,,,,,0.008167084496353295,0.011193766501399676,0.8012539113805971,,2026-02,20487
1770127200.0,14,,59389,78989,1.4914848928981495,1.2501343993930354,0.8495038335775026,0.8799854860195101,,,,,0.0386610888276103,0.03200229279110599,0.932838851384294,,2026-02,20487
1770130800.0,15,,91302,86146,2.133399503785024,1.4707778306607315,0.8618465120626911,0.8780362722845009,,,,,0.028742030925177096,0.021410907029782513,0.9320140341862303,,2026-02,20487
1770134400.0,16,,81032,81005,2.3668167346470215,1.3486628196302748,0.8347104566143009,0.8874875023111222,,,,,0.02959225371216652,0.03102683386059202,0.9359032902670507,,2026-02,20487
1770138000.0,17,,87453,89226,3.2754971189699638,2.1327708792103404,0.7969634602266882,0.8750893819377723,,,,,0.02076567458999865,0.03432589067298296,0.9054941027587211,,2026-02,20487
1770141600.0,18,,145959,133964,3.9185751607213595,2.5310012351935267,0.8032198145893523,0.8752987947451828,,,,,0.02014555431770639,0.06482336988011911,0.9293416043857631,,2026-02,20487
1770145200.0,19,,123908,99166,1.9778540406901228,0.8470241445171743,0.7832603316895486,0.8237082717262304,,,,,0.02903681570963171,0.05418435045847082,0.9138177192256629,,2026-02,20487
1770148800.0,20,,94931,76944,1.9174483868880725,1.0619201043524849,0.849962272607706,0.8604274088934263,,,,,0.028790610380505396,0.02476442270310471,0.9317988844771982,,2026-02,20487
1770152400.0,21,,39235,45706,1.438934702409114,1.2967773542637895,0.8156791889196215,0.8392665166485398,,,,,0.016929528867557792,0.015306801469969563,0.8903899453640195,,2026-02,20487
1770156000.0,22,,37649,37331,1.4500250345740693,1.0924773156831022,0.8043402532198668,0.853120018825131,,,,,0.010405960066728804,0.018159497305221307,0.8866322139488954,,2026-02,20487
1770159600.0,23,,30375,29167,1.3129942428054493,0.9334982048473786,0.7843395975670774,0.8011569790006271,,,,,0.026011227676345214,0.025512287363459066,0.8679279794554852,,2026-02,20487
1770163200.0,0,,30055,28153,1.582109797523387,1.1289348421753833,0.7777532090187274,0.8071388289795607,,,,,0.014789324679609934,0.01630069951129952,0.8536993719329419,,2026-02,20488
1770166800.0,1,,35370,32510,1.3962541733156537,1.0729144723893964,0.8085909047064928,0.7974088854641895,,,,,0.014432325601419401,0.02600954361072477,0.8729320442824742,,2026-02,20488
1770170400.0,2,,29753,31521,1.3956448277666622,1.1849541990154815,0.7514306301598266,0.8194596679501016,,,,,0.011346979765434655,0.037592297783816175,0.8581562922667118,,2026-02,20488
1770174000.0,3,,35260,26421,1.1547023129740317,1.1739201316916283,0.778241563589036,0.7599832868575104,,,,,0.024813628766404465,0.04823585529201167,0.8686985512297777,,2026-02,20488
1770177600.0,4,,16892,18751,1.101264447944367,1.2529912010496167,0.6514425475080665,0.6891766963897997,,,,,0.010246230952548611,0.02909859054012878,0.7616130731955859,,2026-02,20488
1770181200.0,5,,22261,18621,1.3100965008733911,1.3305514176782955,0.6746405796032647,0.7011629599442718,,,,,0.0037351038577127073,0.052249194759853526,0.7554081203630343,,2026-02,20488
1770184800.0,6,,18522,20126,1.079216347792891,2.0927288350583377,0.6908206792194197,0.5671343317257895,,,,,0.01702058544547496,0.029067387067399236,0.7640576159686188,,2026-02,20488
1770188400.0,7,,21040,20471,1.3696999135604107,1.1944598828868613,0.6816483422065016,0.7534943722799038,,,,,0.013226097860660662,0.01857493469974195,0.7827650444103603,,2026-02,20488
1770192000.0,8,,24665,26596,1.2873569531158167,1.4990726558173324,0.7516305146700354,0.7631094192651986,,,,,0.010480733725965414,0.007242349123232311,0.8092753622922509,,2026-02,20488
1770195600.0,9,,18335,24569,1.2558567444463618,1.1628473543826954,0.7043706364861145,0.7837606747215318,,,,,0.013677625116203705,0.010419545802720982,0.8216677833023479,,2026-02,20488
1770199200.0,10,,15043,16821,1.1187593494470864,1.0089338339548362,0.694718728485702,0.7364823772324133,,,,,0.009950122080563516,0.007674077933906622,0.7768355072607036,,2026-02,20488
1770202800.0,11,,29686,32672,1.567775509214068,1.2798821727015806,0.744370256119161,0.7968562671887492,,,,,0.015145174172450579,0.016874085510227142,0.8439991492718949,,2026-02,20488
1770206400.0,12,,22348,22514,1.494801485566564,0.9545290703014695,0.7069393203643005,0.7780713829677546,,,,,0.014658143185296891,0.010721709393883484,0.8334465558169094,,2026-02,20488
1770210000.0,13,,31782,43951,1.6288194219048888,1.286976958157204,0.7239220755195456,0.8470652683603679,,,,,0.0167484704040241,0.020229611529071156,0.8843692747554636,,2026-02,20488
1770213600.0,14,,81208,87301,2.510871603717101,1.8346016953042263,0.8221217619363457,0.8781052581098276,,,,,0.014571976308494923,0.03867953382770282,0.9263792096575879,,2026-02,20488
1770217200.0,15,,117820,119208,2.477231356532059,1.1764733412929402,0.8119822569113637,0.8656653002303045,,,,,0.03695015010806479,0.011723284624289123,0.9400264111278094,,2026-02,20488
1770220800.0,16,,101888,96418,3.2234970440331323,2.202239891718864,0.8245094829183486,0.8724412870022175,,,,,0.010728493125791518,0.03170815903612492,0.909161451186599,,2026-02,20488
1770224400.0,17,,122136,130764,1.5022688711616403,0.3445193849667558,0.8164745213798877,0.8409711797783775,,,,,0.04107859448068992,0.03306738979842003,0.9570314894771994,,2026-02,20488
1770228000.0,18,,103154,119532,2.354022373593505,1.492186293070839,0.8397235484482084,0.8542194004082169,,,,,0.05161447878269796,0.016081723281426683,0.9337479207821561,,2026-02,20488
1770231600.0,19,,59564,60454,1.915361951012472,1.064422049695397,0.833096760419199,0.8620854495854502,,,,,0.025928840550881932,0.024177319047184606,0.9228107716380173,,2026-02,20488
1770235200.0,20,,31467,40731,1.5868983938085552,1.1849303615657607,0.7892373998246314,0.8318702548268712,,,,,0.011004716209883103,0.008841581123180453,0.8885014677264632,,2026-02,20488
1770238800.0,21,,37406,45143,1.7415027090188415,1.1152791438850191,0.7581009750753813,0.8379958052642332,,,,,0.020233560156422362,0.029133050867958758,0.8988650513449332,,2026-02,20488
1770242400.0,22,,66373,72166,2.1969166838888925,1.684781021709883,0.8209319214816475,0.8360681730750206,,,,,0.011273488634971818,0.018176445093527147,0.9071461290135244,,2026-02,20488
1770246000.0,23,,45158,41818,1.5859451467531036,1.1150938142894353,0.8174060077718291,0.8405567215744602,,,,,0.013844067781680729,0.017364837784884266,0.8966312476033039,,2026-02,20488
1770249600.0,0,,36007,37477,1.6407524924723784,1.0356954520637784,0.7887776507386441,0.8517897677437167,,,,,0.015913957746020873,0.010924969593325867,0.8873002706969927,,2026-02,20489
1770253200.0,1,,70064,71254,1.9335213512699854,0.9752548294363744,0.8420216655996791,0.8807802273256965,,,,,0.02724676005964282,0.02050163572842929,0.9353987260695652,,2026-02,20489
1770256800.0,2,,89944,88520,2.034216771503936,1.386867338657472,0.8331149409357781,0.8769110502804023,,,,,0.025685733178039117,0.03163009068111718,0.9306890849651434,,2026-02,20489
1770260400.0,3,,76882,75374,2.6419751161046916,1.558499622720579,0.8230934906120361,0.8639296739069635,,,,,0.017742915365142452,0.026237873954017155,0.9184502663039164,,2026-02,20489
1770264000.0,4,,80486,84893,2.696363151901344,1.9027361304221955,0.8131083071050097,0.84093382472065,,,,,0.03111238815829768,0.030356306343234173,0.9028060550481379,,2026-02,20489
1770267600.0,5,,77050,81839,2.794202551007375,1.9372962846522293,0.7876034244124959,0.8403191704459936,,,,,0.035792911806133886,0.04450824843977236,0.9008183995636746,,2026-02,20489
1770271200.0,6,,56205,56720,2.5973798555975183,1.9463396249608753,0.7846805269951106,0.8100886586299885,,,,,0.028182591887163586,0.02833328823252944,0.869142940278548,,2026-02,20489
1770274800.0,7,,53627,55321,2.2790268088620387,1.8483508948223195,0.7873194672029343,0.8102460187194528,,,,,0.018640544395038764,0.026210565557839585,0.8607249520771569,,2026-02,20489
1770278400.0,8,,47110,46112,2.099051838541948,1.7058901943104883,0.7877611260649598,0.8236367635930884,,,,,0.01254475938451694,0.01971081918989054,0.8594198232779364,,2026-02,20489
1770282000.0,9,,48362,46662,1.9970519718529776,1.5968488770331304,0.7981270008180704,0.8103050680159576,,,,,0.02145020949244188,0.01929712901545826,0.8661243925793006,,2026-02,20489
1770285600.0,10,,36749,39707,2.0567164875055965,1.5912981266147361,0.7293696711564079,0.789778366382641,,,,,0.01466285730371168,0.018741399347646345,0.8395420792161126,,2026-02,20489
1770289200.0,11,,77956,84081,2.7234160902033855,1.9518248552138635,0.7859008437625958,0.8329593443281594,,,,,0.03770472713427674,0.04048758155668749,0.8968442363219602,,2026-02,20489
1770292800.0,12,,103972,113757,3.3415819408658036,2.743910515499126,0.7755765222324115,0.8284434932361623,,,,,0.0164023314943389,0.051233576085329476,0.908218858998918,,2026-02,20489
1770296400.0,13,,65922,65916,3.9125604380401917,1.9755482761275267,0.737593911535599,0.8202552830035402,,,,,0.031045201685045862,0.019364857236957096,0.8697853538157699,,2026-02,20489
1770300000.0,14,,107194,101027,3.6306279529194665,2.3526985992092273,0.8147707214059404,0.8518844538381698,,,,,0.01601992006904051,0.035360425362239684,0.9076014167414043,,2026-02,20489
1770303600.0,15,,208900,218463,2.0091991248722607,0.06225637320634396,0.7768697172721052,0.8165453383141535,,,,,0.011647848841645481,0.040680650381096785,0.9923971941797267,,2026-02,20489
1770307200.0,16,,123109,119032,4.74099746031238,0.7329279214286768,0.7843978724324981,0.8393747033499603,,,,,0.05545211532220172,0.0284616275439432,0.9370078131685321,,2026-02,20489
1770310800.0,17,,137826,143968,1.609379998815615,0.04308849018569623,0.8014959633380119,0.8556432270085855,,,,,0.010332283056200776,0.029251823837563296,0.9963567646407581,,2026-02,20489
1770314400.0,18,,126616,122786,5.114291650625665,3.3265911434413855,0.7857331171108051,0.7975946988440191,,,,,0.012779458269272879,0.04342168573287808,0.9004814859592745,,2026-02,20489
1770318000.0,19,,100348,87859,5.966735263180092,1.011794606714528,0.7746591031461143,0.8317019066249194,,,,,0.061424691547369986,0.00017472602387725273,0.8890668765181685,,2026-02,20489
1770321600.0,20,,203218,228880,0.3475374763326042,0.0707376690771203,0.781448724119838,0.8404113643711263,,,,,0.0508523892639757,0.0619929466764117,0.9828938820884854,,2026-02,20489
1770325200.0,21,,173369,171910,0.007974915551753394,2.2030150290087205,0.8030527171131112,0.8478230196336672,,,,,0.03081098991034528,0.12694843304542916,0.9622295311411418,,2026-02,20489
1770328800.0,22,,121475,108684,3.806723240128248,2.1215754943302354,0.7910355451711791,0.828440346049713,,,,,0.04078577365028251,0.057108178713260675,0.9179972843932677,,2026-02,20489
1770332400.0,23,,99183,96950,4.925876068512204,1.940869702024658,0.7783359310520975,0.8529012190023038,,,,,0.03754312689380621,0.028698707918294472,0.9050984936863153,,2026-02,20489
1770336000.0,0,,330202,307684,1.7065581737351292,1.5988923005373714,0.8196665826789055,0.7868044338282882,,,,,0.06524972344545286,0.05398169926857895,0.981028446821246,,2026-02,20490
1770339600.0,1,,154273,141916,0.9802832968104515,0.7374057567215887,0.8095883155069258,0.8104910926543202,,,,,0.032297262433423464,0.035268536703460786,0.9698260919571391,,2026-02,20490
1770343200.0,2,,101004,103547,3.5432235741940423,2.8618702637876714,0.7854986331674196,0.8174713821290609,,,,,0.0184185480341465,0.0378597091724372,0.8915063944241173,,2026-02,20490
1770346800.0,3,,99773,75009,3.453870318772745,2.817747430212446,0.8205563150397411,0.8250385340985074,,,,,0.01518827290810513,0.04614273352813513,0.8664119361335273,,2026-02,20490
1770350400.0,4,,58154,55026,2.8054595633388146,2.263030647789045,0.7617783156680477,0.8093597428952255,,,,,0.016593781342143402,0.02967429863540437,0.8429887611042987,,2026-02,20490
1770354000.0,5,,74610,62878,3.034513967080987,1.93301272008945,0.7903119780985861,0.7974991216672939,,,,,0.03721861429838333,0.024130286790517378,0.876718400520184,,2026-02,20490
1770357600.0,6,,83545,79712,3.191607204333766,1.531880743513083,0.7970069564476786,0.8387883315012579,,,,,0.042768777170290984,0.021404770177639615,0.9035720823898611,,2026-02,20490
1770361200.0,7,,80353,67059,3.1378505628921705,2.07950359258536,0.8018333130970501,0.788208706834223,,,,,0.03621521243806741,0.032826157384165916,0.8723929575500327,,2026-02,20490
1770364800.0,8,,71587,65327,2.7040722055776762,1.7934751555068877,0.7945934626723702,0.8230458604471153,,,,,0.02463288276249148,0.03578611656567969,0.8866142788383733,,2026-02,20490
1770368400.0,9,,65918,53484,2.9559556157712987,1.9267949177006858,0.7776789559505485,0.806078771221718,,,,,0.023947249153222983,0.033226354834324255,0.8641461072861014,,2026-02,20490
1770372000.0,10,,53955,51231,2.8140430171414805,2.465647669261636,0.7575462134892236,0.7804040399514472,,,,,0.017376578693835926,0.023508772521647105,0.8208711005586665,,2026-02,20490
1770375600.0,11,,56517,44913,3.0568857899273425,1.9213556509743606,0.7521802733537357,0.7614671047453655,,,,,0.03644053897144556,0.026123787718241184,0.8260041761693517,,2026-02,20490
1770379200.0,12,,54185,47290,3.0910781320418628,2.366130340673883,0.7368625068875869,0.7651896507001994,,,,,0.01917224588099464,0.026845115886490026,0.812825982152144,,2026-02,20490
1770382800.0,13,,96644,173384,4.583574654304286,2.308234491234058,0.7597867772360891,0.8683237251727383,,,,,0.051473241309499,0.011734837622904554,0.9172831590674073,,2026-02,20490
1770386400.0,14,,153517,298051,1.5660664761245489,0.944950985891175,0.8856532329447959,0.8941024259581662,,,,,0.03840260465265729,0.013352507045901688,1.0179719149090658,,2026-02,20490
1770390000.0,15,,155556,164729,3.6907220430726206,0.8602869550857732,0.7994049156932114,0.8774491463137172,,,,,0.08330368512306305,0.033197748898091316,0.9307937630613532,,2026-02,20490
1770393600.0,16,,124801,101981,4.773633346464863,2.0607641240994106,0.7837203646693301,0.8249926226227962,,,,,0.042856088984867285,0.03465294513896772,0.9062952261908919,,2026-02,20490
1770397200.0,17,,103268,87607,4.809074546131812,3.141456241591569,0.7529541678367272,0.7916592110551228,,,,,0.02781343698910811,0.040996520033364695,0.8540825700053399,,2026-02,20490
1770400800.0,18,,77581,90223,2.4324170083454573,3.0500985245548864,0.7855750618345944,0.8235539375450671,,,,,0.03961430233817592,0.05649079394126336,0.8862525229327041,,2026-02,20490
1770404400.0,19,,54931,47189,2.492174663076918,2.0302635769492086,0.7758305757542274,0.7717321737345486,,,,,0.028880848476564868,0.027734562043813697,0.8397088221051572,,2026-02,20490
1770408000.0,20,,55302,65597,2.0794407030749804,1.8144098259570378,0.7734092358995983,0.8173353194908691,,,,,0.030226397477039566,0.032037811117553675,0.8983839566189672,,2026-02,20490
1770411600.0,21,,36121,35788,1.9144557074680213,1.3962331769343885,0.7502241587219111,0.7638454833461913,,,,,0.015065147420742627,0.012548856994255748,0.8480482244687046,,2026-02,20490
1770415200.0,22,,53634,38330,2.416036004566181,1.4827919318416178,0.7904308341790178,0.7558157865490975,,,,,0.023893384097362656,0.022342652926123405,0.8425677393535119,,2026-02,20490
1770418800.0,23,,45235,43609,2.317924079512981,1.6853893717075985,0.7538824222665739,0.755545057084988,,,,,0.02913306847206465,0.03506815516209717,0.8457373192402445,,2026-02,20490
1770422400.0,0,,57935,75347,1.9130811462345478,1.9827455581099593,0.800597219147486,0.8431590199550882,,,,,0.04468106741958796,0.02541128081726683,0.8962131440494518,,2026-02,20491
1770426000.0,1,,38180,36321,1.7558742516834356,1.2246569727050192,0.781908083136699,0.7955352771458973,,,,,0.025646150264220235,0.01698350310047642,0.8647115316862782,,2026-02,20491
1770429600.0,2,,27166,28488,1.4414102621247473,1.106837374908063,0.7517220749356605,0.7885680520853345,,,,,0.01573364369654828,0.012634447611007842,0.8482319688131688,,2026-02,20491
1770433200.0,3,,34518,30668,1.6146577684225705,1.0982829112657297,0.7812100833786508,0.8035869190532772,,,,,0.011057972604168652,0.016799069616778208,0.8636137744568876,,2026-02,20491
1770436800.0,4,,52801,52596,2.0373462788747663,1.4779481062454205,0.8172364314837032,0.830405723799192,,,,,0.024238795929386856,0.013971612955164643,0.886475991370715,,2026-02,20491
1770440400.0,5,,49583,49365,1.6666852104108318,1.1187300256581658,0.8203505651378183,0.8715655315747942,,,,,0.01773378090908147,0.02313822238138099,0.9091172444389514,,2026-02,20491
1770444000.0,6,,64943,63339,1.4664573495631246,0.928080140561399,0.8298873527215241,0.8905903782418634,,,,,0.024542193402899502,0.03630674399602341,0.937198416227954,,2026-02,20491
1770447600.0,7,,142412,147344,2.700157512544997,1.6536407267151523,0.8540695418375254,0.8700528829125851,,,,,0.04344376338151026,0.026093677880443884,0.9473475211250285,,2026-02,20491
1770451200.0,8,,67814,65095,2.170296206277013,1.267575204261246,0.821875771527913,0.8890881839667709,,,,,0.014743916949941387,0.021063160920503855,0.9149254722168645,,2026-02,20491
1770454800.0,9,,50962,46703,2.443364572003461,1.4890407782496358,0.8078641363139818,0.8748767688372909,,,,,0.00787358251256204,0.00017621740265701474,0.8855827015305674,,2026-02,20491
1770458400.0,10,,43591,40384,2.075271045573031,1.2521122592023908,0.7842883048084827,0.8614800963339947,,,,,0.013433772156158595,0.015198334278987207,0.8749313302190423,,2026-02,20491
1770462000.0,11,,31705,31745,1.6117475510666226,0.9921965958748035,0.7615781867608327,0.8539005721926126,,,,,0.007240428058715655,0.027448730768554086,0.8863518297909958,,2026-02,20491
1770465600.0,12,,104461,108361,2.0918770182730704,0.8906918563515127,0.873172899971884,0.8896505316065735,,,,,0.030137597697741682,0.02609412175458003,0.9529778544134088,,2026-02,20491
1770469200.0,13,,40316,44463,1.7354540984970466,1.1726668489807313,0.7994403386660419,0.8652489681828756,,,,,0.017878306913521647,0.015419536734830354,0.8897297908309418,,2026-02,20491
1770472800.0,14,,41895,49424,1.6885688734000623,1.4190793206501726,0.786612966656547,0.8487104935453245,,,,,0.0209242673623548,0.02500637556589892,0.8863125654499849,,2026-02,20491
1770476400.0,15,,70327,64518,1.7093298571787563,1.5789445697788007,0.8625936240328521,0.8610389879957563,,,,,0.0248304661339047,0.02111708337322249,0.9219183899898291,,2026-02,20491
1770480000.0,16,,136126,136768,1.4468998497915349,0.8228816291377256,0.8526714201773783,0.8450716398483493,,,,,0.019863646227701055,0.05925764023950931,0.9824863468180853,,2026-02,20491
1770483600.0,17,,46596,41700,1.6304255657529956,1.1895740949078895,0.8287357779732413,0.8490666189220909,,,,,0.01656451662481508,0.021908707807167773,0.888037846202593,,2026-02,20491
1770487200.0,18,,38433,24785,1.4571909106140235,1.0615082386051897,0.8226694910688203,0.7941288087024064,,,,,0.014509973306598103,0.02523850455140458,0.85630442742609,,2026-02,20491
1770490800.0,19,,20403,18785,1.2233426369317415,1.0108953850454008,0.7442551637255364,0.771653125071973,,,,,0.007586951754745943,0.0092034740262773,0.8102948228479966,,2026-02,20491
1770494400.0,20,,17242,15774,1.0736532307166766,0.8932874142006023,0.7342724919641738,0.7411014586042599,,,,,0.017203078080438337,0.003143315485553693,0.7838831535610028,,2026-02,20491
1770498000.0,21,,14936,16313,0.9715096417043342,0.8362500336659839,0.7178849981830144,0.7680453386970858,,,,,0.012576692822745383,0.014620381420686447,0.8081263439836277,,2026-02,20491
1770501600.0,22,,14456,17694,0.9734525176535198,0.8844656522288499,0.7288187977198999,0.7588386025791629,,,,,0.004774483251235937,0.0010136030200973785,0.8089855599053968,,2026-02,20491
1770505200.0,23,,22172,34625,1.1018052598366606,1.0774228241413761,0.7715177747938711,0.8586291017916196,,,,,0.022415396803124155,0.012974553481952334,0.8768959264866021,,2026-02,20491
1770508800.0,0,,24635,23830,1.2088160291220345,1.028417418349703,0.7862912911217168,0.8089342464028296,,,,,0.013648669904535065,0.014295977841851623,0.8379202623975675,,2026-02,20492
1770512400.0,1,,23762,19570,1.0617652329892948,0.80226682922987,0.8095155405525464,0.8063320843014342,,,,,0.013356381255820834,0.012024640168486764,0.8447098793202698,,2026-02,20492
1770516000.0,2,,19530,21493,1.063368511717966,0.9106898054417838,0.7719603318647372,0.8066198929161432,,,,,0.02093183013804492,0.00961130976464545,0.8310228612355621,,2026-02,20492
1770519600.0,3,,17761,20339,1.0357372384956747,0.8209383726807591,0.7648701190235401,0.81265001229496,,,,,0.01533997443950704,0.010886987375801651,0.843592058966035,,2026-02,20492
1770523200.0,4,,14896,13081,1.006669183422,0.714053015337126,0.7300093802768021,0.7431047788065632,,,,,0.01610760029997053,0.016183482025370805,0.790120923916146,,2026-02,20492
1770526800.0,5,,12844,14666,0.8693878024635567,0.7797767403555723,0.7279117627957503,0.7534685218203806,,,,,0.01552719750925506,0.00907632335422061,0.7922734576607389,,2026-02,20492
1770530400.0,6,,22783,30639,1.0681246052326594,0.8979745376783433,0.8045953441629362,0.8573027686078336,,,,,0.02479025854310272,0.010687018443376018,0.8803725003973165,,2026-02,20492
1770534000.0,7,,21922,24833,1.333192559361227,0.9812386631416993,0.7544649889142073,0.7933342390997066,,,,,0.026224346641999276,0.013801454528409399,0.8389076712832988,,2026-02,20492
1770537600.0,8,,51643,51281,1.6670687128757493,1.2945854713024194,0.8401018111273748,0.8282373184651552,,,,,0.04055189518290224,0.022814502381631845,0.9003208727878269,,2026-02,20492
1770541200.0,9,,30943,34793,1.5117133643819987,1.2845108162808903,0.7919126084487399,0.8181509248444698,,,,,0.025938141796900276,0.010556791060384294,0.8514005683491396,,2026-02,20492
1770544800.0,10,,35001,31656,1.4921301121386288,0.9237433087729536,0.8065710418905294,0.8410342536729196,,,,,0.01859092421195473,0.019576491599629195,0.8769421439675957,,2026-02,20492
1770548400.0,11,,43029,36682,1.8688175771310525,1.2893820822537203,0.8093449576410915,0.8355957734308255,,,,,0.02943447359617006,0.01938904217917075,0.8664825262355776,,2026-02,20492
1770552000.0,12,,28753,27719,1.662232694724956,1.2093986869788054,0.7679613938151284,0.7819933976541796,,,,,0.028174742816435065,0.013411137824661091,0.8200932335424719,,2026-02,20492
1770555600.0,13,,31482,30781,1.7772270423194105,1.3965959549356133,0.7640450509970483,0.7623259884161758,,,,,0.032212464758277215,0.016650524197172334,0.8225343833958735,,2026-02,20492
1770559200.0,14,,27561,27637,1.6116575937091822,1.2945988543826354,0.7501692662644354,0.7978519105822136,,,,,0.0169123791545725,0.016293259212062823,0.8219729146527246,,2026-02,20492
1770562800.0,15,,37374,34156,1.6499123409511725,1.4799774709556417,0.8117124135611621,0.7920899983989217,,,,,0.01333478650627345,0.01860943965309958,0.8448765079207676,,2026-02,20492
1770566400.0,16,,37742,42276,1.5222633261639176,1.43703398738807,0.7882865386825777,0.8277815851895415,,,,,0.02798306375182875,0.03451066692881974,0.8731717124722544,,2026-02,20492
1770570000.0,17,,30380,27685,1.4482269340527687,1.143582310975438,0.8015149782058395,0.8188657034071265,,,,,0.012113685044513397,0.013196081564807201,0.8437813468897715,,2026-02,20492
1770573600.0,18,,29908,33512,1.3341500894310019,1.0983517484488046,0.793466193128051,0.8355591223808497,,,,,0.02546503858914709,0.019809829141290633,0.86907617309861,,2026-02,20492
1770577200.0,19,,19783,22907,1.236153082086627,0.9475141249066719,0.7455879551876957,0.8099417276490842,,,,,0.016658744356628213,0.01146607451187956,0.8369789935191272,,2026-02,20492
1770580800.0,20,,23416,25344,1.1888915636608004,0.905708270690954,0.7586939017875186,0.8419891430526892,,,,,0.012596946531094753,0.025103185955187297,0.8644493058905607,,2026-02,20492
1770584400.0,21,,20870,21695,1.1202791089364657,0.9519671804233707,0.7601186376495888,0.8026556078679363,,,,,0.01945447580421358,0.01894113984775218,0.8267789580328182,,2026-02,20492
1770588000.0,22,,24591,16287,1.3961724767074324,0.8926508750856701,0.7623670562832313,0.7457788817596332,,,,,0.015229136685088308,0.016504321386072326,0.7980531953599972,,2026-02,20492
1770591600.0,23,,91840,100178,1.4515094873883512,1.4194796951483728,0.8611381011014053,0.8724025112908375,,,,,0.034619980309458,0.04232090906830595,0.9444322018432982,,2026-02,20492
1770595200.0,0,,45547,48270,1.4008369724067802,1.0606192613839094,0.856144924533833,0.8634369261690393,,,,,0.025766160953859744,0.013682572279812904,0.9044986065357079,,2026-02,20493
1770598800.0,1,,48150,52674,1.2576378750527049,1.1595904693955392,0.8552063090427137,0.8713145859551732,,,,,0.028521609152632254,0.019631692676452477,0.9167860574100606,,2026-02,20493
1770602400.0,2,,42676,37111,1.3723803336616016,1.3277429772193317,0.8358720428768455,0.838229398487671,,,,,0.015447339522034165,0.026258368248007417,0.880965966129211,,2026-02,20493
1770606000.0,3,,42348,32561,1.2479890414675316,1.2941231870129148,0.8666460295459986,0.805469380123058,,,,,0.02185100669324641,0.019454427565418243,0.8876597019760886,,2026-02,20493
1770609600.0,4,,22452,23063,1.0710171309310537,1.0628634119264004,0.7916545485318547,0.7933586235060052,,,,,0.012671906630043663,0.017126882359419945,0.8313020199930814,,2026-02,20493
1770613200.0,5,,25570,20400,1.187167050761425,1.1311732144824922,0.808802757631386,0.7793353465505928,,,,,0.006896890780452916,0.01078134618870816,0.8227657060231295,,2026-02,20493
1770616800.0,6,,25467,32841,1.232066191421567,1.3116132582121465,0.773902717984725,0.8181759337789508,,,,,0.023040836509720882,0.014993711240964097,0.8464442503975353,,2026-02,20493
1770620400.0,7,,27572,31108,1.3905720190448825,1.5908077695968386,0.7781403208022444,0.7802641269276422,,,,,0.023875260413772182,0.01692060758643237,0.8187394907971803,,2026-02,20493
1770624000.0,8,,45876,50616,1.859277302211406,1.2521046080948182,0.7733172067606957,0.8680577530438661,,,,,0.02557048875672507,0.030129985918503313,0.8967821359765878,,2026-02,20493
1770627600.0,9,,30725,44213,1.53864409099062,1.532496840867467,0.7862302591671562,0.8532586129032265,,,,,0.01623744281923651,0.009561300870969578,0.865553487625174,,2026-02,20493
1770631200.0,10,,54886,73686,1.9988294648605518,1.6976433291114983,0.8003775628885847,0.8817489645079057,,,,,0.01961841932807648,0.02798702706676783,0.9192647099857626,,2026-02,20493
1770634800.0,11,,37599,34912,1.8148904200182367,1.2118972987085581,0.7925054098020772,0.8373949241521514,,,,,0.021255246422265197,0.019905596943354528,0.8604550483497247,,2026-02,20493
1770638400.0,12,,33337,28953,1.7325239224211784,1.1968340052778559,0.7819406559748715,0.8080640822659326,,,,,0.017183344592092968,0.023054956019371815,0.8432467673150493,,2026-02,20493
1770642000.0,13,,30688,36144,1.5068433434725084,1.3639509289478902,0.7771826564929131,0.8345937117245138,,,,,0.02160917611368614,0.022816567182108775,0.8599793789714308,,2026-02,20493
1770645600.0,14,,94551,98074,2.0549086311001363,1.8190636738669366,0.8657907335878334,0.8855660076812374,,,,,0.030472428109695436,0.026098458572857912,0.9267057164216831,,2026-02,20493
1770649200.0,15,,67186,66429,1.859674509374493,1.5964358486452497,0.8565910722992949,0.8543980389999107,,,,,0.03507264738850355,0.02466597906717057,0.9106627546159533,,2026-02,20493
1770652800.0,16,,65219,62894,1.6819301612013915,1.3478146480597044,0.8537102495642651,0.8503360383594583,,,,,0.038718806232834004,0.023588006975981315,0.9104349487444184,,2026-02,20493
1770656400.0,17,,64230,59215,1.5738563791370546,1.4607540355887918,0.8613996385911803,0.8381798534252226,,,,,0.03395504688928512,0.023813085831862372,0.9089525246710832,,2026-02,20493
1770660000.0,18,,54001,51642,1.2786758554369257,1.3754858025754118,0.8471084744317677,0.8436092802158943,,,,,0.024942459376553993,0.026989241112474582,0.9117747115354063,,2026-02,20493
1770663600.0,19,,43161,34946,1.3852068598250633,1.178965690952343,0.8543723305654365,0.8267691894992008,,,,,0.020337772897850895,0.013616442170594054,0.8836184711736774,,2026-02,20493
1770667200.0,20,,36700,38188,1.118554883197948,1.0822928964899892,0.8475295568496485,0.8564010173054855,,,,,0.018655176757066117,0.020534961063620644,0.8950723300965157,,2026-02,20493
1770670800.0,21,,32934,31248,1.2490651881667147,1.2063191475599797,0.8037150723341173,0.8334405409022757,,,,,0.012119490130423856,0.024335534061887414,0.8628245099796737,,2026-02,20493
1770674400.0,22,,22114,19376,1.0539805142347034,0.9751684228424987,0.7796370716398912,0.7680629290745616,,,,,0.009797672557971194,0.018824266166158045,0.8204358423870852,,2026-02,20493
1770678000.0,23,,15642,16476,1.0443602451877285,0.897133229988521,0.7115575459867775,0.7465287311331206,,,,,0.005843064951215271,0.019263676279519283,0.8009521261069344,,2026-02,20493
1770681600.0,0,,21575,19294,1.2364150961927625,0.8287662330473616,0.7430551838009469,0.7920911055375511,,,,,0.007576200951684865,0.016277207731505063,0.837211578003244,,2026-02,20494
1770685200.0,1,,28046,20315,1.1239055106600868,1.0270387820391844,0.8272448947919143,0.7505041328383304,,,,,0.019101944400072967,0.016787888450270926,0.8457892398137001,,2026-02,20494
1770688800.0,2,,18062,18891,1.0097214740542892,1.0359894282110667,0.7558536226633915,0.7554142188322231,,,,,0.02042980708378132,0.015632387876394583,0.7993121760277118,,2026-02,20494
1770692400.0,3,,34422,33495,1.2984890760982208,1.1951618085144093,0.7873513039025368,0.838348704119403,,,,,0.014918749932668769,0.031373022938669226,0.8650121605343888,,2026-02,20494
1770696000.0,4,,19761,16871,1.1041833034348574,1.1776979813421773,0.764721416278974,0.7203411862942691,,,,,0.011372485408962633,0.012902872149840839,0.7893081807574023,,2026-02,20494
1770699600.0,5,,20686,22247,1.1416649876252019,1.023160491030333,0.7418983403591828,0.7879904586071633,,,,,0.030381510924270872,0.025671098508382412,0.8218437336680481,,2026-02,20494
1770703200.0,6,,38063,38092,1.5094412122987964,1.2449450520559808,0.7804546795899288,0.8373742002471054,,,,,0.023088901003897936,0.041892108066789745,0.8747113595691276,,2026-02,20494
1770706800.0,7,,23488,22697,1.689848836515411,1.413576298820837,0.7083278186025338,0.7372322568781197,,,,,0.019341682799125445,0.01666916878388038,0.7646076774601741,,2026-02,20494
1770710400.0,8,,22884,24634,1.461865056882678,1.6272470548610134,0.7300806679087606,0.7327006070416258,,,,,0.027694534272723982,0.014852152651387054,0.7679573213741302,,2026-02,20494
1770714000.0,9,,19676,21702,1.3823280011262593,1.3573975238999059,0.7083502107649696,0.7399414768789612,,,,,0.019245869485572418,0.01817336554494539,0.7660560192030892,,2026-02,20494
1770717600.0,10,,15437,16114,1.4635883312185622,1.1441623262139664,0.6167037813039531,0.7123332955689473,,,,,0.008758136273605782,0.011092036822725847,0.7361422334954895,,2026-02,20494
1770721200.0,11,,24953,27015,1.6101503059033249,1.0131471928081197,0.6948863800034644,0.8135228589750468,,,,,0.02472689197005792,0.03398489246900988,0.8481907366758705,,2026-02,20494
1770724800.0,12,,24895,23010,1.8262890358647148,1.2442737932605255,0.7047185693691717,0.7665993024579255,,,,,0.01968036728981162,0.022811023276032537,0.796931655640842,,2026-02,20494
1770728400.0,13,,31847,26659,1.7072443245534175,1.3199375614836222,0.7685640299126973,0.7650025643369129,,,,,0.02051767090603302,0.020837389429052215,0.8103983410086898,,2026-02,20494
1770732000.0,14,,72114,76776,1.6151450344357778,1.559152381408258,0.8329041914779477,0.8726983734545749,,,,,0.030121922458268658,0.03948646843301592,0.9332430512006039,,2026-02,20494
1770735600.0,15,,69126,66197,1.5422943253272638,1.4460185694379568,0.8660377423630731,0.8517993961116842,,,,,0.03868419758624167,0.029706252759181272,0.9189468654830373,,2026-02,20494
1770739200.0,16,,50635,45402,1.643432650117851,1.4658596529661692,0.8521765719098737,0.8236765129977691,,,,,0.024287447831291612,0.01671563001407047,0.8847163147171363,,2026-02,20494
1770742800.0,17,,34407,32326,1.311834502266895,1.641894700994343,0.8277453888332391,0.7696855539157172,,,,,0.02175628130054872,0.016919323249385932,0.8539602668070225,,2026-02,20494
1770746400.0,18,,35124,42565,1.3312064813941267,1.667613008167613,0.7998217328735088,0.8181884013626406,,,,,0.024831424521099116,0.031184656643435064,0.8621075121252593,,2026-02,20494
1770750000.0,19,,29147,28604,1.2570944230976238,1.4126158985760602,0.794891412639568,0.7782928563764523,,,,,0.017511329487740607,0.016338381130150802,0.8376138628142535,,2026-02,20494
1770753600.0,20,,22207,20448,1.1210432200117562,0.8601414543213023,0.77988451781606,0.8133355111150361,,,,,0.010544228608206386,0.01960545860398159,0.8395449136232689,,2026-02,20494
1770757200.0,21,,18121,17996,1.0639236710941957,0.7343831698502771,0.7274434308681259,0.8049807331410954,,,,,0.017309764912812508,0.026557134023843226,0.8418844220864984,,2026-02,20494
1770760800.0,22,,13241,13185,0.9918114916489353,0.690189452115458,0.6882937009114124,0.7597138993278031,,,,,0.02192879662880807,0.013277631755882991,0.7937025726560966,,2026-02,20494
1770764400.0,23,,12494,11344,1.0198498526280646,0.6388320732130033,0.6567563113193877,0.7447530687345221,,,,,0.016113335121137825,0.01280184399808112,0.7828345538017109,,2026-02,20494
1770768000.0,0,,18585,18515,1.0782072223757864,0.8714619409749208,0.7566313893217576,0.7865428165319983,,,,,0.017024064604846588,0.006013005123342536,0.8169672173588723,,2026-02,20495
1770771600.0,1,,14660,18645,1.166852475717059,0.675241883018613,0.6821268119667129,0.8256333559812228,,,,,0.01867640904645676,0.007518978303909939,0.8538321490026477,,2026-02,20495
1770775200.0,2,,17171,21789,1.164807583467959,0.8059473377904255,0.7043681001554741,0.832791908634411,,,,,0.01828510281167423,0.011200910420805643,0.8537158220096378,,2026-02,20495
1770778800.0,3,,25581,26141,1.349752234850365,0.8481267239115732,0.7317521401114546,0.8404751437598753,,,,,0.02062031121891561,0.038065160048212594,0.8697869284368204,,2026-02,20495
1770782400.0,4,,44610,45027,1.7192419117743172,1.2862449081771976,0.7953762304865023,0.8556121875028662,,,,,0.030868792723499412,0.035767928316661146,0.8850698906181804,,2026-02,20495
1770786000.0,5,,26805,26153,1.669944127426792,1.4643716128509077,0.7366742275215462,0.7773607512994668,,,,,0.01575060977362596,0.027748999302397753,0.793267744043241,,2026-02,20495
1770789600.0,6,,50054,49597,2.1393280612885963,1.2925902609659758,0.777684561145594,0.8702493455555413,,,,,0.020709924350476656,0.039595830233389244,0.8953727185249224,,2026-02,20495
1770793200.0,7,,36874,27369,2.3841025923152124,1.080498542426413,0.7360827486722172,0.7964922506735568,,,,,0.02014357490540992,0.020260930303482104,0.8362375435627873,,2026-02,20495
1770796800.0,8,,28896,28755,1.9188584918924951,1.3986741544588384,0.7205108990500199,0.7899301304327294,,,,,0.021117898961676266,0.01926769685390568,0.8105554154676133,,2026-02,20495
1770800400.0,9,,25259,23380,1.9570366263221246,1.2122374636585072,0.6769805279401422,0.774614222505856,,,,,0.019736470455393566,0.025217024257018057,0.7972425528312108,,2026-02,20495
1770804000.0,10,,35338,34427,2.3473962952150424,1.2407867224913183,0.7132707066140379,0.8402289233652119,,,,,0.013691932324993014,0.03429720347844493,0.8615008775513139,,2026-02,20495
1770807600.0,11,,36342,23143,2.4618962925533547,1.228403878547476,0.7153010407637113,0.7534338208778195,,,,,0.01891173275333483,0.03345388251887626,0.7920041508473197,,2026-02,20495
1770811200.0,12,,34712,27316,2.1441105621254497,1.2907619278865088,0.7333564564523786,0.7775128868679585,,,,,0.0215108198591616,0.027362278323136844,0.8123174569490015,,2026-02,20495
1770814800.0,13,,61313,59088,2.0155689400961077,1.4529423258732779,0.8335807084496157,0.8532153684715396,,,,,0.03888164786443857,0.03537025871542413,0.9009347226066485,,2026-02,20495
1770818400.0,14,,120791,124567,2.3483135170037968,1.0429993090607999,0.8531339321037802,0.8760551366403453,,,,,0.046247330179017956,0.019010309423188158,0.9550394087607497,,2026-02,20495
1770822000.0,15,,114502,120884,2.3897036314550912,1.516285075724732,0.8609247628797344,0.8937885873186413,,,,,0.027955275294903936,0.036386077663842914,0.9567513289654266,,2026-02,20495
1770825600.0,16,,76465,71817,2.4922825943753324,1.8963904432011576,0.830548637171034,0.8632775486564411,,,,,0.028903808024116587,0.020342975258091308,0.8955423313360193,,2026-02,20495
1770829200.0,17,,64130,52867,2.4033068085985367,1.7822680185993989,0.8377281708893506,0.8440473590004123,,,,,0.014310740726689485,0.018309501096164256,0.8739514992917621,,2026-02,20495
1770832800.0,18,,50424,44604,1.8645755272964795,1.2687907838245414,0.8364070126961439,0.8458646898669007,,,,,0.018466061235157472,0.01606949247679205,0.8845621569855754,,2026-02,20495
1770836400.0,19,,48048,59035,1.6435406688902716,1.231697804859472,0.8295211100035452,0.8711906326584168,,,,,0.03438932701276446,0.015345671234733958,0.906840494114348,,2026-02,20495
1770840000.0,20,,29260,39870,1.364675583821961,1.8843679154544304,0.7725507203518454,0.7952960607937632,,,,,0.015463135339641774,0.008893515550572152,0.8320802605161202,,2026-02,20495
1770843600.0,21,,42850,49210,1.7326878729442574,1.102267070996818,0.8458697853655717,0.8632782696980695,,,,,0.01897982229932203,0.001609542900676836,0.9029207808498915,,2026-02,20495
1770847200.0,22,,21755,26691,1.1220809625213868,1.0474910838207867,0.7649891830638924,0.8071019286603734,,,,,0.022166432564098327,0.010009192294165623,0.8451932427193161,,2026-02,20495
1770850800.0,23,,26153,29604,1.2204515909951144,0.8899698612085488,0.7724197237391677,0.8437029777188211,,,,,0.02161503799790194,0.02337982742034765,0.878974875213752,,2026-02,20495
1770854400.0,0,,26119,25761,1.3006089528111477,0.9234306758688429,0.7887824596900456,0.828824638655096,,,,,0.020866577252504,0.01175002426178591,0.8548604059811957,,2026-02,20496
1770858000.0,1,,28377,27399,1.2910900415629905,0.9547455612527054,0.8081217473901774,0.8320668191561836,,,,,0.020604985986505585,0.012539350188796103,0.8588505443463103,,2026-02,20496
1770861600.0,2,,24048,24718,1.4185913681430606,1.0727169198669584,0.7535227691278924,0.8130418634102723,,,,,0.012679295202502123,0.012569240814509093,0.8335521451540995,,2026-02,20496
1770865200.0,3,,21893,20522,1.5046761947106502,1.441161408992186,0.7088414855541001,0.7152960674922055,,,,,0.017905888868936803,0.021616476377866803,0.7491785075611632,,2026-02,20496
1770868800.0,4,,28742,27086,1.8252321526618658,1.4231792053690964,0.738068766906127,0.7863927197152313,,,,,0.012310777014811964,0.02252179468851393,0.802808234313784,,2026-02,20496
1770872400.0,5,,34578,27243,2.0761399149295987,1.6253183798382964,0.7357384173920734,0.7575460281201276,,,,,0.01559348270485718,0.027192207852365768,0.7878585575084197,,2026-02,20496
1770876000.0,6,,27797,24469,2.0769336872618394,1.8592157737615642,0.6511974657217269,0.6927656173432791,,,,,0.014564786526005263,0.01869814314753638,0.7271107060457163,,2026-02,20496
1770879600.0,7,,25852,23522,2.1792320048271328,2.1469479716031,0.5726549081764134,0.6490604319567445,,,,,0.008176314936956008,0.005582111052533724,0.6900802508638468,,2026-02,20496
1770883200.0,8,,25971,25660,2.032022344770473,1.7555033189399416,0.6214996355559411,0.7200401931340247,,,,,0.0230137486491224,0.01829404459428001,0.7403775080793625,,2026-02,20496
1770886800.0,9,,26819,24586,2.0878108941419877,1.6788114593056416,0.6788569583579259,0.7071291664594636,,,,,0.03084207403058277,0.01885781940439734,0.7383550336391713,,2026-02,20496
1770890400.0,10,,32080,24028,2.3719477931139705,1.669566820753259,0.7043462699454125,0.6946167703710853,,,,,0.026451923660091383,0.013815826257337625,0.7389702857711673,,2026-02,20496
1770894000.0,11,,47383,38449,4.055042028163698,3.4066239627857415,0.6478170108053599,0.6329153913217751,,,,,0.0258787812885567,0.03231260355048211,0.6876445729217823,,2026-02,20496
1770897600.0,12,,35856,34928,4.0141313512046555,3.653399979888974,0.52212034951625,0.5874638062393539,,,,,0.03243901934988764,0.023472914676406987,0.6120886757603212,,2026-02,20496
1770901200.0,13,,35414,36817,2.332141386175188,2.260851345730263,0.7070931310246183,0.7273221480750894,,,,,0.031203227142796133,0.01944221139269871,0.7706210636401085,,2026-02,20496
1770904800.0,14,,60187,59824,2.4737878136512754,2.125771810207046,0.7965044635830537,0.8293775538092529,,,,,0.021740708685207725,0.020178310850877335,0.8703377647642437,,2026-02,20496
1770908400.0,15,,70188,73299,2.5395104630624585,2.3389522966717156,0.8066083266786812,0.836489602374771,,,,,0.014699252426064398,0.03882550673360635,0.8889727356246508,,2026-02,20496
1770912000.0,16,,108028,120060,3.129965246529334,2.5463302545659237,0.7938173901200244,0.8680229885136664,,,,,0.013416246996629666,0.03657393754762472,0.9280497251386791,,2026-02,20496
1770915600.0,17,,68534,67627,2.939707796756924,2.113517724191113,0.788221888229089,0.8545170978610847,,,,,0.01713212635966706,0.034848864989054686,0.8772635318158606,,2026-02,20496
1770919200.0,18,,60293,55424,2.0507154612856064,1.5776489759262802,0.8075309568000378,0.8464699163522228,,,,,0.018288454305037866,0.03459525716600317,0.8938389965454018,,2026-02,20496
1770922800.0,19,,40582,40778,1.840482565167015,1.2815687839375638,0.7967389859879126,0.8339223048841978,,,,,0.02450828837938135,0.020121012171944598,0.8746331857228546,,2026-02,20496
1770926400.0,20,,39945,39993,1.546602251782556,1.0732739210301336,0.8269134187781273,0.8771544500665303,,,,,0.006517125036223783,0.012554009504190094,0.8977628739921891,,2026-02,20496
1770930000.0,21,,27632,19817,1.4141974505650003,0.8522484538616968,0.7868172664369811,0.7969725086286226,,,,,0.016310202653248628,0.006730560751767625,0.8287019181330249,,2026-02,20496
1770933600.0,22,,28626,19665,1.3108535764717884,0.7961829932241437,0.8038577013489983,0.7880453038829911,,,,,0.021555688867115296,0.013266070636389909,0.8408323327603874,,2026-02,20496
1770937200.0,23,,27749,25086,1.3918485606760025,0.8820053710825707,0.7781138753908202,0.8415599749117206,,,,,0.01220770007508734,0.014886396813375698,0.8622781323703242,,2026-02,20496
1770940800.0,0,,31213,29764,1.927799263891601,1.234968219699558,0.7458893486316965,0.8121927812969645,,,,,0.01041900096447408,0.00957421267982083,0.8329776392647263,,2026-02,20497
1770944400.0,1,,37637,27238,1.9319057913131006,1.0520331565227241,0.7279584402368401,0.8058881034549578,,,,,0.014760133775025955,0.013508135190166136,0.8447971532067454,,2026-02,20497
1770948000.0,2,,25189,22505,1.7462624724351825,1.5003277791821572,0.674031312025745,0.7311240768741532,,,,,0.013299796839531815,0.010169921250407377,0.75460766179524,,2026-02,20497
1770951600.0,3,,22341,25429,1.746233952798631,1.5477978487114419,0.6693995048975839,0.7564175210164688,,,,,0.011005860482702306,0.010596681645753362,0.7724481540788737,,2026-02,20497
1770955200.0,4,,19332,21243,1.7675655731016975,1.6723102706004012,0.5860696006167494,0.6771666046081795,,,,,0.016094972247115806,0.015622821421912842,0.704320086912872,,2026-02,20497
1770958800.0,5,,20076,20306,1.8167606367114295,1.8192988307076372,0.6101572596028987,0.6580608881379579,,,,,0.009738202058303417,0.00982054829113019,0.6749994441976358,,2026-02,20497
1770962400.0,6,,28321,21133,1.9087746761197408,1.7073790655788617,0.7189698055571059,0.679085815253051,,,,,0.008888523038928535,0.010286131106178474,0.7487985524600484,,2026-02,20497
1770966000.0,7,,28297,24438,2.248237766420926,1.9977175868307602,0.6710736514864121,0.6782535052809965,,,,,0.01699039736025996,0.021006043837295388,0.7078290396529461,,2026-02,20497
1770969600.0,8,,27935,24220,1.7846662560273843,1.8187416910242928,0.729231189757148,0.688725866703297,,,,,0.01628542249648791,0.024893051897968376,0.756998010297774,,2026-02,20497
1770973200.0,9,,28004,24460,1.8299444343337763,1.6924645811605967,0.7368685282027283,0.7094798986115408,,,,,0.019060820435459414,0.014451712901174732,0.761891639588768,,2026-02,20497
1770976800.0,10,,26856,25378,1.9341152497423952,1.555300800637116,0.680819799712814,0.7294514376876507,,,,,0.026469157117778162,0.018184217975805095,0.7621771748781129,,2026-02,20497
1770980400.0,11,,22917,23880,1.7529804500722455,1.6088188563412886,0.6640623459096869,0.718955590469411,,,,,0.017849682053550028,0.010388181856659216,0.7449538896915473,,2026-02,20497
1770984000.0,12,,20329,21743,1.7135302928778724,1.5763847746873259,0.6311770610630385,0.6882899275261346,,,,,0.022118187710830472,0.00661408222341111,0.7219018377763047,,2026-02,20497
1770987600.0,13,,53106,50810,3.293055841030326,3.032495774592765,0.7094830944689505,0.7095373867410583,,,,,0.02823694869357867,0.022922843442280356,0.7783381487210741,,2026-02,20497
1770991200.0,14,,72177,74054,1.896675891711587,1.740317786675662,0.8424046606965143,0.8442339365106207,,,,,0.029530851799774757,0.03028083796085145,0.9103420253839549,,2026-02,20497
1770994800.0,15,,109388,118604,2.4909690120056966,2.411180736985027,0.8687043643364285,0.8610875241457131,,,,,0.03230100010390859,0.0333820906624829,0.9330580190168447,,2026-02,20497
1770998400.0,16,,66249,69346,2.01872146257208,2.042897569884447,0.8153107359040689,0.8358614446250514,,,,,0.024174787576837328,0.0304232917989726,0.8947024535528003,,2026-02,20497
1771002000.0,17,,42678,38614,2.2361342953824606,1.8484067820868773,0.7803237649525723,0.777317002599444,,,,,0.014492743393859642,0.011344862352005915,0.8191952189370998,,2026-02,20497
1771005600.0,18,,38006,36153,1.948941479597855,1.7130195646137731,0.7773131357320829,0.7962978117943968,,,,,0.012965463475674238,0.015499722000417352,0.8269153530216637,,2026-02,20497
1771009200.0,19,,22927,23805,1.2523869143859399,1.3323102668833395,0.7511305026437519,0.7543262964444181,,,,,0.01655720205068771,0.010754025505458264,0.8027278990129798,,2026-02,20497
1771012800.0,20,,24671,25726,1.1882340812814223,1.2910603369479179,0.7730641236870319,0.7819953016264233,,,,,0.01530300942550328,0.013241584621725165,0.8249669530853136,,2026-02,20497
1771016400.0,21,,16096,14153,1.092617825215825,0.96477555631839,0.7051958853817735,0.7095244207167087,,,,,0.018321573523141135,0.007356073776401975,0.7530254053649308,,2026-02,20497
1771020000.0,22,,17502,15040,1.038996982886722,0.9967806712806951,0.7507015907930479,0.7198085308602329,,,,,0.005817649308444575,0.010574749971769215,0.7784373281828986,,2026-02,20497
1771023600.0,23,,12127,10739,0.9312022442765713,0.6769679148806433,0.6739922573001473,0.7256767451717596,,,,,0.0114379172319246,0.012660967711009148,0.7620348992389133,,2026-02,20497
1771027200.0,0,,18673,12865,1.2392577713223856,0.905113090197605,0.7196920164535311,0.7018259315009197,,,,,0.01564636534058722,0.008625108587943929,0.7600288694325724,,2026-02,20498
1771030800.0,1,,13628,13143,1.164630832796739,0.8569409961570251,0.6514844507521785,0.724700195081117,,,,,0.012223855543620843,0.006451930181701528,0.7521046750562571,,2026-02,20498
1771034400.0,2,,14730,9822,1.2709229215350522,0.8447435459481755,0.6502773979090629,0.6603577643218804,,,,,0.0031572627874280946,0.014981924091279946,0.6886677319048355,,2026-02,20498
1771038000.0,3,,10794,8182,1.2436085866081725,0.9620834049234502,0.4930154810489659,0.49435982657021343,,,,,0.016872273600740003,0.009828299118933535,0.5839630485782809,,2026-02,20498
1771041600.0,4,,14149,8587,1.6619262982359881,1.2702952258461029,0.5181539966836326,0.45609132066421604,,,,,0.004403585883120779,0.004645287108924843,0.5742589730644392,,2026-02,20498
1771045200.0,5,,11153,9593,1.4131749132764881,1.3670499622724435,0.45459266497950906,0.4667487936639624,,,,,0.0007052133847745237,0.000506691095312695,0.5390119591115513,,2026-02,20498
1771048800.0,6,,13065,10134,1.6021548320177568,1.410970101469593,0.46918357483852463,0.46678747374496743,,,,,0.011983344188042745,0.0014979094182899907,0.5568469360925491,,2026-02,20498
1771052400.0,7,,18099,16139,1.7307835629442985,1.7517117088456182,0.5945408501101199,0.569816677386109,,,,,0.02358315038138042,0.012130904179613001,0.6501685605584431,,2026-02,20498
1771056000.0,8,,36448,33148,2.1112861948026715,1.5395913387236122,0.732386940088928,0.7737942956351185,,,,,0.0336625481409995,0.024488102452671114,0.813435146671724,,2026-02,20498
1771059600.0,9,,18097,19190,1.8033655216095466,1.4059480328027245,0.6163958204509277,0.6906772339056984,,,,,0.015017632946965636,0.012121299224309427,0.7245458517652618,,2026-02,20498
1771063200.0,10,,10958,11491,1.5436121729705141,1.3436124950812438,0.4734333386009033,0.5290945333407756,,,,,0.010326092836452376,0.005741229692480265,0.5676937278483228,,2026-02,20498
1771066800.0,11,,42907,34595,2.0579857719241055,1.8587097937179817,0.7878254037953052,0.7343509577356948,,,,,0.03370089732451211,0.026955289270218816,0.8224680630362845,,2026-02,20498
1771070400.0,12,,33165,43424,2.00783716194159,2.106438896111784,0.7226180254635577,0.8012529184659322,,,,,0.011336136858368612,0.022557285575000727,0.818799062959003,,2026-02,20498
1771074000.0,13,,52273,51098,1.969484052035912,1.6668213298575116,0.8064282005686796,0.8460388411104975,,,,,0.01695013665367793,0.026087227545257854,0.8792322646680915,,2026-02,20498
1771077600.0,14,,36229,27038,2.1250198414889327,1.537994052623227,0.7555772667328139,0.7630309868373142,,,,,0.01416758279706612,0.020972253335876444,0.792567608951787,,2026-02,20498
1771081200.0,15,,24875,23467,1.9546973118534914,1.8222847728406824,0.6819606367497082,0.6813805825992378,,,,,0.012652943576818027,0.01530510596734605,0.7199501987209299,,2026-02,20498
1771084800.0,16,,37444,29657,2.1045159850635335,1.7421572934961471,0.7611880280728549,0.7582423435030229,,,,,0.01332764392166042,0.020866009443131578,0.7928610485874865,,2026-02,20498
1771088400.0,17,,29266,21812,1.6015508227078943,1.4157010394796172,0.767025516657262,0.7444076050417421,,,,,0.008080745452335416,0.009767746141780317,0.7973468685852385,,2026-02,20498
1771092000.0,18,,14356,12629,1.2259104570804094,0.9078346046132919,0.6514982016181556,0.7100005803902362,,,,,0.008163259005718992,0.00793741186841335,0.7316763919560124,,2026-02,20498
1771095600.0,19,,15288,19568,1.1325253174202754,0.8810991341428736,0.6582027435209293,0.7722543788649676,,,,,0.023378071275512446,0.00618480910082222,0.8194281986187371,,2026-02,20498
1771099200.0,20,,13499,13116,0.9999141700006041,0.8308378153938949,0.6859800479862689,0.7088521418470077,,,,,0.01439868280891228,0.007779298402454615,0.7607775548637558,,2026-02,20498
1771102800.0,21,,18016,22489,1.0052347936893244,0.9506792164008125,0.7332865344808398,0.805566345999337,,,,,0.01939017793366108,0.014174045292017904,0.838692701230834,,2026-02,20498
1771106400.0,22,,13415,15798,0.8819503346052296,0.7211629558556008,0.7034353737572155,0.7909949398999889,,,,,0.014709703854737417,0.010050029902096167,0.8248876411094389,,2026-02,20498
1771110000.0,23,,11961,14594,0.8810460430756389,0.8190303845448917,0.6691138065930197,0.7580714403172485,,,,,0.011650863804145135,0.011985787418544358,0.7898685996166149,,2026-02,20498
1771113600.0,0,,13183,15450,1.0663584879169148,0.9474185110293131,0.6502965761774494,0.752140218515155,,,,,0.009753591211201843,0.008858843553305629,0.7722996223718979,,2026-02,20499
1771117200.0,1,,16993,19681,1.1477477377610386,0.9036669098440855,0.6906462897327752,0.801243539624535,,,,,0.010259504117283508,0.025574228938155905,0.8310730844156576,,2026-02,20499
1771120800.0,2,,14607,17584,1.2168084061177251,1.0638110504602714,0.6486384603998054,0.7419673417535744,,,,,0.006869753113645481,0.0066235737505124116,0.7749706109704134,,2026-02,20499
1771124400.0,3,,30751,25983,1.3445412715758795,1.2384135731537678,0.7865775226459979,0.7760111304997005,,,,,0.021398296991808896,0.018730125960228185,0.8395436205540234,,2026-02,20499
1771128000.0,4,,44600,40301,1.6477206405971885,1.4557232879405917,0.8237300211397475,0.8122176573616356,,,,,0.02034316690866742,0.01606644543475778,0.8660519501842375,,2026-02,20499
1771131600.0,5,,18870,16923,1.3139200500466395,1.1441212223631592,0.7156464708057283,0.720620270089158,,,,,0.015336186912930998,0.00788261890463482,0.7535165487915937,,2026-02,20499
1771135200.0,6,,15138,16941,1.3452625217180487,1.2979117325263352,0.649272131023196,0.6840674122413827,,,,,0.021715203633613955,0.008376322461702949,0.7079631246950098,,2026-02,20499
1771138800.0,7,,43039,44090,1.6347296339693163,1.7989530275932692,0.8114460931820231,0.8099099736274301,,,,,0.020268432246660147,0.01534899979398298,0.8592521627244715,,2026-02,20499
1771142400.0,8,,29933,42067,1.7172173502790686,1.5420394815884728,0.7420931126882266,0.8218595809815917,,,,,0.021081297889170566,0.012018891993808643,0.8521565789587601,,2026-02,20499
1771146000.0,9,,16065,20324,1.3840044979004582,1.3783709586617452,0.6577837607657742,0.7344338704900936,,,,,0.01339813434635488,0.011845110505609213,0.7533531227767695,,2026-02,20499
1771149600.0,10,,16268,19031,1.393719236593222,1.3895442865242182,0.6188959087576286,0.687105883568504,,,,,0.019567525799308837,0.008584526111552403,0.7196631681902075,,2026-02,20499
1771153200.0,11,,13096,13705,1.4481442988678992,1.4536701980937683,0.541373212330779,0.6001087659166608,,,,,0.009242771397107873,0.006669016520862876,0.6136735991007497,,2026-02,20499
1771156800.0,12,,27269,38740,1.640032323854825,1.6136552786326614,0.7032784107913749,0.8031045591266947,,,,,0.03217357372208063,0.03175917451538826,0.8402798564828007,,2026-02,20499
1771160400.0,13,,48071,46512,2.161877470794355,1.707224512015672,0.7819292058280971,0.8301536537554074,,,,,0.013169354768040077,0.03431213346161038,0.8627835894207676,,2026-02,20499
1771164000.0,14,,26565,23429,1.6565581190349812,1.3800777172977607,0.7291583350132949,0.7575887150156181,,,,,0.011943309642388496,0.01287851770051924,0.7832164016786767,,2026-02,20499
1771167600.0,15,,20076,22914,1.5244093231711406,1.2762117577750676,0.6717713193848072,0.7687444741381364,,,,,0.013503470261486286,0.012791198025665067,0.7908727364563248,,2026-02,20499
1771171200.0,16,,28696,23673,1.594947874439903,1.023585232581638,0.7350162059308138,0.8028901939157639,,,,,0.010717584288242751,0.01378670532590628,0.8309642726575716,,2026-02,20499
1771174800.0,17,,35497,37641,1.3427481963849537,1.0452249604733423,0.7611452317074386,0.842819115691456,,,,,0.0260846399965716,0.03471543788691307,0.8912924206234082,,2026-02,20499
1771178400.0,18,,41646,37384,1.6251795573315262,1.1024862990088993,0.8242482395697714,0.872194975575432,,,,,0.014005494043984268,0.01266460522065902,0.8911654053461743,,2026-02,20499
1771182000.0,19,,52219,40930,1.3794370074287445,1.0136424405644826,0.8178964564569172,0.8724431559265611,,,,,0.01243967702782986,0.03418961982252382,0.9087673925920124,,2026-02,20499
1771185600.0,20,,18874,15445,0.9321762860994899,0.69438064151786,0.7861564317037575,0.8027759439898549,,,,,0.012959214516478112,0.012073017996667096,0.8317613534934968,,2026-02,20499
1771189200.0,21,,16941,14548,1.0315007098381155,0.6861147995097578,0.7519947555863747,0.771886430204454,,,,,0.021813550300221973,0.00515496923086322,0.805903326596884,,2026-02,20499
1771192800.0,22,,13749,15581,0.9933215312542134,0.7626920152068707,0.6873568860451428,0.778852006317571,,,,,0.0196611826533644,0.0025228514841951627,0.8067898863500232,,2026-02,20499
1771196400.0,23,,24200,24695,1.2066037877899038,0.7597864276301971,0.739953228128526,0.8585422965931626,,,,,0.006862584836407873,0.011381746096990324,0.8824413938053454,,2026-02,20499
1771200000.0,0,,17982,20288,1.1571326295025126,0.8021898939488306,0.7051041448372891,0.8183983709144093,,,,,0.010106606536630048,0.005881710299076772,0.8504998343342316,,2026-02,20500
1771203600.0,1,,14329,20353,1.1070518078936202,0.7893456317671663,0.6733636492827091,0.8275715569451194,,,,,0.017000460411803538,0.005190260256739231,0.8502662600198373,,2026-02,20500
1771207200.0,2,,20901,21198,1.3997009807601066,1.1627691445452195,0.7051945956827568,0.7793738852409713,,,,,0.011297515089602243,0.009055154813684432,0.797185239783585,,2026-02,20500
1771210800.0,3,,17318,14924,1.3883615211231066,1.1311964018278726,0.6675355811596636,0.7004768546090646,,,,,0.010339623367304762,0.011641525978707568,0.7215743427223682,,2026-02,20500
1771214400.0,4,,16277,11842,1.3753495668847013,1.101519240445797,0.6626359991003257,0.629867716304728,,,,,0.017222561054241626,0.006527270665921809,0.6937039430186523,,2026-02,20500
1771218000.0,5,,13271,16065,1.4535952329314934,1.2107867468128772,0.5513037455476367,0.6848464927717566,,,,,0.02172042695054497,0.014978586054017596,0.713119165924614,,2026-02,20500
1771221600.0,6,,13318,9665,1.5202999725238995,0.8723026918603503,0.5396188502430759,0.6155276893147508,,,,,0.012654536747019081,0.011393978707037856,0.6582758127041927,,2026-02,20500
1771225200.0,7,,17739,13733,1.8757909980589091,1.1486721394603414,0.5796982501630904,0.6482169906208378,,,,,0.015432562869505817,0.014648471371729517,0.6804874162345996,,2026-02,20500
1771228800.0,8,,14179,12034,1.4313021233830565,0.8958676745868254,0.5694102217982878,0.6055114465779671,,,,,0.008578099867285171,0.0012041113937677028,0.6875635611083397,,2026-02,20500
1771232400.0,9,,18437,15997,1.4472376545433727,1.0850805174924185,0.6477053728749778,0.6528585193660658,,,,,0.006109358898524892,0.008643292873367254,0.7364283403993807,,2026-02,20500
1771236000.0,10,,14826,14332,1.4363284232845015,1.058717870818002,0.5869107596389282,0.6622645190771885,,,,,0.0010850173603063422,0.0008501724287862245,0.7045816922159573,,2026-02,20500
1771239600.0,11,,24725,22425,1.8372508584156202,1.3812287722447947,0.6841585632546789,0.6849129580147312,,,,,0.0010316189432079774,7.300608552248369e-05,0.7513914849703609,,2026-02,20500
1771243200.0,12,,60877,50137,2.9375594579770223,2.830418525508351,0.7847631403237834,0.7250159377518852,,,,,0.03177144015647552,0.021691851034844,0.8196614163905296,,2026-02,20500
1771246800.0,13,,63542,90788,1.9327618700329554,2.1834633033648205,0.8251722747629002,0.8967698890695867,,,,,0.022385845351765188,0.026950588496809785,0.9078641642145701,,2026-02,20500
1771250400.0,14,,42602,64703,1.7093008504978628,1.5244042981661685,0.8189851186611606,0.8989235257495595,,,,,0.015343477213213145,0.010809366176692441,0.9123769865438119,,2026-02,20500
1771254000.0,15,,66749,83439,1.5613889244783816,1.2302385624341987,0.8190431368276084,0.8895770481661842,,,,,0.030140439504122374,0.03252074068328681,0.9412903628394548,,2026-02,20500
1771257600.0,16,,38038,44594,2.039404244275594,1.3190296207836314,0.7646562764135731,0.8547727584333097,,,,,0.015431918635950358,0.010951443354946267,0.8833239388694525,,2026-02,20500
1771261200.0,17,,24181,25087,1.6925515311594554,1.1435100089242296,0.7169823382450653,0.810582882803153,,,,,0.010116918453470023,0.013264711701361086,0.8357818045428644,,2026-02,20500
1771264800.0,18,,18643,22509,1.273738450085932,0.9582234101533087,0.7367105855300846,0.803841840421983,,,,,0.01485791568438031,0.004956857409733164,0.8359149369616466,,2026-02,20500
1771268400.0,19,,16536,11837,1.1770477040253136,0.7430838560508606,0.7156974961031424,0.7365525161322577,,,,,0.0067046145762875275,0.0038845594904965805,0.7662228688877991,,2026-02,20500
1771272000.0,20,,27001,14849,1.1613106104016757,0.7390479840160955,0.8251337804512607,0.7624881807571257,,,,,0.014790226455017166,0.01346953260704809,0.843039240189079,,2026-02,20500
1771275600.0,21,,27940,21327,1.0760103931794431,0.7282000157643155,0.831175118708119,0.8195382889460491,,,,,0.01542826265104378,0.011229442514166712,0.8658209632268821,,2026-02,20500
1771279200.0,22,,22329,22397,1.1155195970692602,0.8346503544160762,0.7886150928245879,0.8233411371714019,,,,,0.008247752542890154,0.011289140469613542,0.8600713979332568,,2026-02,20500
1771282800.0,23,,18562,15505,1.005111587846987,0.6922431639320762,0.7786997170060808,0.7842643224350486,,,,,0.01262998835551167,0.004997699170489154,0.8259619083793874,,2026-02,20500
1771286400.0,0,,28734,19169,1.737208207914231,0.7622409687569517,0.6779821598427026,0.8151825193627268,,,,,0.005080120546521428,0.015148892496647012,0.850088146981431,,2026-02,20501
1771290000.0,1,,20481,19975,1.4301652026819551,0.7940962213750714,0.6477713819372526,0.8082766644273727,,,,,0.011108055543681288,0.02024436384536002,0.8472917622910328,,2026-02,20501
1771293600.0,2,,30358,27220,1.4140367910046596,0.8303590649871955,0.7676803953847995,0.8239572351110865,,,,,0.02417452690818737,0.020075684505138254,0.8718350451195344,,2026-02,20501
1771297200.0,3,,19245,18162,1.4630496378352866,0.8495221415561254,0.7026818709407274,0.7985226375153112,,,,,0.007687442802643308,0.007601357362569732,0.8230320016283148,,2026-02,20501
1771300800.0,4,,17541,14744,1.405726900598475,0.9041821813079151,0.6725291679419605,0.7420381583042429,,,,,0.01089319737311456,0.0097965452828205,0.7692082784175589,,2026-02,20501
1771304400.0,5,,24975,27718,1.36758571047069,0.9993823721922438,0.7459478092823059,0.821782940670019,,,,,0.02067903766226785,0.018396450968988648,0.857005129351936,,2026-02,20501
1771308000.0,6,,13626,13188,1.2405869781949919,0.8370190214561916,0.6352659198901174,0.7331755781241003,,,,,0.01365745010446848,0.007937204666771912,0.7571260121459712,,2026-02,20501
1771311600.0,7,,17270,19425,1.6135933905073567,0.7859205789204461,0.6226621604476713,0.8174065362083682,,,,,0.016591981996067366,0.004514770879418333,0.8402995711832902,,2026-02,20501
1771315200.0,8,,14383,14492,1.2873776372522483,0.7870742198172039,0.6264392405167765,0.7558235493849966,,,,,0.009228804461415847,0.009465082911380023,0.7937581369066447,,2026-02,20501
1771318800.0,9,,16196,15789,1.3217089607934314,0.9313601996995056,0.6846443373926501,0.7403712708554567,,,,,0.022267057208472017,0.0011676655989725584,0.7695093851127957,,2026-02,20501
1771322400.0,10,,22057,22285,1.376726549981984,1.006001730751602,0.7317438068747202,0.7984453768277423,,,,,0.015548132370235786,0.01537618991464243,0.8223321759985285,,2026-02,20501
1771326000.0,11,,22395,15857,1.4661578092942893,1.0559134724514982,0.7344402850729749,0.7188757023780442,,,,,0.011898552577443483,0.015743020967170826,0.7620233547983193,,2026-02,20501
1771329600.0,12,,26030,20116,1.5562505505101378,1.3563652444226917,0.7641128120126216,0.7182221663858438,,,,,0.009618987413917396,0.017461317951812518,0.7752818622732938,,2026-02,20501
1771333200.0,13,,32609,28639,1.4854616037562376,1.329867061863352,0.7992311379138086,0.7901447586082755,,,,,0.017249130563459374,0.023261712780453317,0.8314596965066541,,2026-02,20501
1771336800.0,14,,72230,78309,1.535957263377917,1.3484786071793606,0.8070448363951271,0.8645608242156964,,,,,0.030526714731686697,0.04753289938928926,0.9176593714323482,,2026-02,20501
1771340400.0,15,,81623,73270,3.0094906717666823,2.7137989494316423,0.7913386267995124,0.8141941759975191,,,,,0.012536546863341934,0.04152739028375423,0.8676739717705327,,2026-02,20501
1771344000.0,16,,60020,59102,1.5638638916201428,1.2856573999396639,0.8586244821403703,0.8553564218204083,,,,,0.025192017108815006,0.019074627721445185,0.91976300963489,,2026-02,20501
1771347600.0,17,,40385,46719,1.5499459617712184,1.1476089559661378,0.8214125742800903,0.8644515361021814,,,,,0.019875271723154418,0.009096765982881944,0.8975020105655956,,2026-02,20501
1771351200.0,18,,40741,34652,1.2627146855914102,1.1167425401237447,0.8611701853562406,0.8281229566759041,,,,,0.01945474993326475,0.007734869914606282,0.8823762802074814,,2026-02,20501
1771354800.0,19,,30466,28976,1.0356169897271463,0.962164706568406,0.8481424823094791,0.8422330190393297,,,,,0.008165731700862284,0.007612974352160647,0.8781843118702722,,2026-02,20501
1771358400.0,20,,24173,25036,1.018791837579518,0.8566895589229625,0.8205240334450425,0.8445761498508917,,,,,0.007372112432727646,0.008986073138588842,0.8682112645980137,,2026-02,20501
1771362000.0,21,,12938,14015,0.8387903730675454,0.6554679311778958,0.7293856534582669,0.780730016649316,,,,,0.015306469848690654,0.010580030891896302,0.8178689329297527,,2026-02,20501
1771365600.0,22,,10003,10257,0.8056945430933141,0.661850027082658,0.6726246274956219,0.7084263789292781,,,,,0.016936288582164855,0.006086401375710255,0.753135435534346,,2026-02,20501
1771369200.0,23,,14608,13177,0.9156127656381028,0.6343091079563474,0.7229242188652908,0.7803638347199449,,,,,0.010318568744761947,0.011366573863508148,0.8168806534300921,,2026-02,20501
1771372800.0,0,,15902,13369,1.4199096945769956,0.8005657328333281,0.5894301392178327,0.7329787343569651,,,,,0.010893451069318221,0.016922034414382597,0.7733416493024181,,2026-02,20502
1771376400.0,1,,22263,21511,1.606756700279169,0.9002019706858276,0.6931819930672439,0.8157473279186803,,,,,0.012925119866143938,0.019306180392621133,0.8388309403820597,,2026-02,20502
1771380000.0,2,,17057,13453,1.3478702873355983,0.8738398844763245,0.6677815671508968,0.7153466100762934,,,,,0.01399005999096435,0.008220769125423513,0.7459793650231261,,2026-02,20502
1771383600.0,3,,14064,12311,1.1547983620225772,0.9558912005111411,0.6595221984064272,0.6636714421891221,,,,,0.025396169853715914,0.007146447136944652,0.7085880259388303,,2026-02,20502
1771387200.0,4,,13126,12714,1.0199317889920265,0.917652012918402,0.6690582870915418,0.677929008754869,,,,,0.022758371210538864,0.0128844818312506,0.7291998837868181,,2026-02,20502
1771390800.0,5,,11885,14597,0.9377446683996256,0.9215190051008376,0.6761599572842703,0.7323963811258056,,,,,0.017973675436781883,0.00829846225345478,0.7591964081310318,,2026-02,20502
1771394400.0,6,,11619,11622,1.054625412155465,1.0740055983974273,0.6357963313981493,0.5889673025119361,,,,,0.03246413679526071,0.009282479886893923,0.671218792353851,,2026-02,20502
1771398000.0,7,,18647,14566,1.4315945617866412,1.0764734940089444,0.6875559527522099,0.678304829733401,,,,,0.022044719710042737,0.016002811465671448,0.7288351253129629,,2026-02,20502
1771401600.0,8,,22696,18972,1.4488856763787215,1.1919458559549048,0.7219021784579255,0.7168529624952409,,,,,0.019692802074585562,0.007180268684322596,0.7710382186131424,,2026-02,20502
1771405200.0,9,,17237,12963,1.5656888603983738,1.160972932381742,0.6024655464119146,0.6298298996943076,,,,,0.014119359358972277,0.008403569479827603,0.6738375007811719,,2026-02,20502
1771408800.0,10,,19650,16568,1.282313670211661,1.022686757372041,0.7243439084683994,0.7438549272653833,,,,,0.009771075216135947,0.01597849708329355,0.7732643301169736,,2026-02,20502
1771412400.0,11,,31278,34888,1.455183296921906,1.1670565884226525,0.7549550587511756,0.839587933286699,,,,,0.019499875945473557,0.02919597392159145,0.8668682438462081,,2026-02,20502
1771416000.0,12,,24114,22875,1.462846212409728,1.1555593637572383,0.7415866324992955,0.7791669920718748,,,,,0.015855933111286774,0.012441268760161375,0.8063318339905673,,2026-02,20502
1771419600.0,13,,24944,21397,1.5346604282671745,1.1109091352989462,0.7265671045522575,0.7768634227450643,,,,,0.013694424225018355,0.017387275881426318,0.8025760774236744,,2026-02,20502
1771423200.0,14,,61423,54508,1.6527912170999872,1.2539555384515162,0.8460887883414369,0.8668780374409334,,,,,0.023617073029172177,0.02978935996957463,0.9140963166382121,,2026-02,20502
1771426800.0,15,,67628,61237,2.2808792291819,2.118502805612697,0.8220696795650214,0.7999901734923445,,,,,0.02642092189000797,0.022759180400150337,0.8795786441354401,,2026-02,20502
1771430400.0,16,,48568,50499,1.898553754350509,1.354169741748934,0.806206092084449,0.8618530634556985,,,,,0.016236697691137343,0.018160523885568238,0.8905064515320821,,2026-02,20502
1771434000.0,17,,35037,28139,1.3702294207308396,0.9944980219757801,0.8185446670996224,0.8278969639067956,,,,,0.016467283807951816,0.020858901149396897,0.8679652495245728,,2026-02,20502
1771437600.0,18,,47297,48772,1.7556241262997394,0.9184142863434693,0.789073151479639,0.8819547416900757,,,,,0.014717963103195527,0.030379918671864237,0.9229467906246128,,2026-02,20502
1771441200.0,19,,50854,59932,1.6982852824243497,1.0859119539270337,0.8015616280014026,0.9136318818598633,,,,,0.0032827255761037188,0.02516317366975008,0.9336632866444804,,2026-02,20502
1771444800.0,20,,28776,38925,1.3314395635391012,1.7512861148176146,0.799317020152689,0.8253432471591453,,,,,0.005849214817570509,0.00841511782298246,0.8373556857246944,,2026-02,20502
1771448400.0,21,,19279,23629,1.0733170758422592,0.6672918789906667,0.7506417760083295,0.8715776308616553,,,,,0.014001037975609008,0.012858954883896311,0.8867982961078891,,2026-02,20502
1771452000.0,22,,12774,12383,1.0695898339123888,0.7595311853068016,0.6472144188959399,0.7330671781468513,,,,,0.013807856052820653,0.013395823124141967,0.7688036838681708,,2026-02,20502
1771455600.0,23,,13423,13131,1.060937248034275,0.6692796339840946,0.6604668625638126,0.7719507981998387,,,,,0.018858190712419353,0.0121639964257525,0.7980834214911136,,2026-02,20502
1771459200.0,0,,13981,12010,1.332237784484167,0.7477373165791911,0.6116563097541442,0.7237358307960597,,,,,0.007618849041721115,0.009501879644010948,0.7689356942135547,,2026-02,20503
1771462800.0,1,,18573,15795,1.3200668099214001,0.8903890578333,0.7140341197656577,0.7262021967734025,,,,,0.009169527634314972,0.005497064660060954,0.7627830394673812,,2026-02,20503
1771466400.0,2,,14516,17072,1.2106484280214873,0.8945173245695146,0.6640782622143055,0.7716726049044488,,,,,0.016358162185171374,0.01014674317425862,0.7994034937563921,,2026-02,20503
1771470000.0,3,,12625,12462,1.3496819985079793,1.0790427737127406,0.5665551689849938,0.6462389116688827,,,,,0.017735286478373653,0.012884609778613247,0.6724948831612554,,2026-02,20503
1771473600.0,4,,20410,14417,1.7145403980700833,1.2292455635818997,0.6618003357521516,0.6514721534047756,,,,,0.010881097941749,0.02333357296009074,0.696102469382487,,2026-02,20503
1771477200.0,5,,18831,14628,1.5575651858354087,1.3114831408783016,0.6716450580037636,0.6119327373277199,,,,,0.018307012449290363,0.009564348410752339,0.6984976375612947,,2026-02,20503
1771480800.0,6,,24638,16477,1.553130107706891,1.267086195485433,0.7513945169129569,0.6709939285050781,,,,,0.015114565491446566,0.012363366299420154,0.7675380799606171,,2026-02,20503
1771484400.0,7,,18143,17101,1.5924790872019157,1.4209522100792744,0.6562352065237375,0.6563414548760601,,,,,0.016616943813693903,0.01321132246874725,0.6927485123933568,,2026-02,20503
1771488000.0,8,,26134,21953,1.5137426611294302,1.236836280278748,0.7657215437575658,0.7654720023287718,,,,,0.007432994103787536,0.011343790283797695,0.795076456982069,,2026-02,20503
1771491600.0,9,,24043,20847,1.4235232169154004,1.1870611601356063,0.7463761763447192,0.7449995350839761,,,,,0.011849524580609637,0.007936766883496437,0.7881592832012697,,2026-02,20503
1771495200.0,10,,21047,19390,1.6995829000591414,1.3735779082535677,0.6690114737288702,0.704844194901761,,,,,0.016456574504749452,0.014039097909440985,0.7330732822519025,,2026-02,20503
1771498800.0,11,,16887,19944,1.4577688643866238,0.9432026361706121,0.6264752863784867,0.7900481111394945,,,,,0.022266797123819654,0.021716317043820762,0.8147809419494191,,2026-02,20503
1771502400.0,12,,22803,23030,1.6697273768544774,1.1545404340307377,0.6926900641907322,0.7804978568174001,,,,,0.013785785359060231,0.014079390161796544,0.8068383525654161,,2026-02,20503
1771506000.0,13,,40662,64087,2.2247982723804367,1.3089386004340304,0.742649172601344,0.8898549025145157,,,,,0.02061723154319914,0.018945374611600164,0.9207140803249908,,2026-02,20503
1771509600.0,14,,65229,74081,2.186403985773411,1.4242785649792418,0.8350450173662896,0.8877326831936111,,,,,0.017606029506099765,0.018247110611114163,0.9231833976577362,,2026-02,20503
1771513200.0,15,,53906,66028,1.8470305490218029,1.497111473416739,0.8475993422520305,0.8848938006358807,,,,,0.022513586019359072,0.011283432631509122,0.9100640443168158,,2026-02,20503
1771516800.0,16,,44950,49163,1.9246061363897928,1.3847908417697192,0.8127389967686627,0.8740126345279706,,,,,0.00965784084098399,0.00804971268632757,0.8912574391283948,,2026-02,20503
1771520400.0,17,,45779,53419,1.7662384170488636,1.3127360543057354,0.8425099738064219,0.871476611626713,,,,,0.01941508443911346,0.011822791488515833,0.9027715179229557,,2026-02,20503
1771524000.0,18,,43633,44754,1.5413474413949377,1.3392579192950735,0.8557843311134228,0.868065789983732,,,,,0.009812926186170244,0.008536446305465989,0.8872372147493502,,2026-02,20503
1771527600.0,19,,31492,37488,1.3803352957126684,0.98220643203401,0.8177372908656726,0.8798627355083504,,,,,0.01410983025293398,0.0076399769050815155,0.8966672902501062,,2026-02,20503
1771531200.0,20,,23055,25263,1.1032367975233321,0.8153036532232948,0.798966464204382,0.8546344877050864,,,,,0.009857652835226504,0.008599034150352314,0.8759172669317635,,2026-02,20503
1771534800.0,21,,14769,14848,0.9233270279719802,0.6826592632387385,0.7501438644523541,0.7978836526329774,,,,,0.008758938189479986,0.009500228496440367,0.8257915915357302,,2026-02,20503
1771538400.0,22,,22803,18956,1.1558779017467984,0.6649425338481553,0.7811220999074638,0.8468417720036634,,,,,0.008054512170046439,0.009041844719976523,0.8620757536719559,,2026-02,20503
1771542000.0,23,,14382,14728,1.0523047369753988,0.5655408112469671,0.6803652811040841,0.8187182924371329,,,,,0.010658147095435373,0.003192293922003397,0.850544025944067,,2026-02,20503
1771545600.0,0,,22909,26162,1.2951165379528304,0.8855670710883826,0.7626294092135761,0.8254734654180973,,,,,0.024717857796382282,0.008663285011041286,0.859016609820411,,2026-02,20504
1771549200.0,1,,13655,17837,1.2464355900423973,0.9043873837729143,0.6377944149740188,0.7791969938110475,,,,,0.01678028607902186,0.010340171792105564,0.8037843107924958,,2026-02,20504
1771552800.0,2,,9033,11740,1.083539068003526,0.8239414437747207,0.5086134533549749,0.7169279445876015,,,,,0.013653162611037486,0.0075606295183263655,0.737269877094227,,2026-02,20504
1771556400.0,3,,12386,13767,1.1972205653145283,0.9049954749382069,0.6160697409549183,0.7281384895850388,,,,,0.016791966752121024,0.006899778402804096,0.7465952864532466,,2026-02,20504
1771560000.0,4,,13053,17701,1.3268718983931127,1.053360158723324,0.5863495852006042,0.7518858915319617,,,,,0.014080864357004756,0.01054812501309164,0.7752002396740684,,2026-02,20504
1771563600.0,5,,24681,27472,1.3860309861715048,1.7124393487694702,0.7589057146337378,0.7194761145453064,,,,,0.04001942493863816,0.014104048893460704,0.7919703923655299,,2026-02,20504
1771567200.0,6,,15207,20722,1.481857276994341,1.424489961795227,0.6196244210068597,0.7158554661730723,,,,,0.03191418060509078,0.013452838912376041,0.7327073082066101,,2026-02,20504
1771570800.0,7,,14265,15492,1.544297114323441,1.1500392888378546,0.5695147499283695,0.6815023046222949,,,,,0.02309609929891068,0.013961317719591937,0.712802328831571,,2026-02,20504
1771574400.0,8,,11071,14652,1.2704287679691717,1.1159928473395595,0.5533675511479361,0.6839072884715204,,,,,0.018940203171947667,0.0037429940727123786,0.7121355189925436,,2026-02,20504
1771578000.0,9,,22275,40274,1.3238128828808646,1.3314431476992292,0.767925643425694,0.8505243509985547,,,,,0.03612645227024783,0.0033711676312401227,0.8697752049177757,,2026-02,20504
1771581600.0,10,,18930,40195,1.332906933390996,1.3149062651476469,0.7062113396181374,0.8599663261413152,,,,,0.0264276262904716,0.008195648593551002,0.8692922132755676,,2026-02,20504
1771585200.0,11,,26120,33945,1.6069445483262161,1.3442522110993553,0.7324965080844754,0.823638210894008,,,,,0.022789662803055003,0.015230966753924201,0.8415296810615822,,2026-02,20504
1771588800.0,12,,22604,20247,1.5283353599740124,1.0870737740326593,0.7282519638797602,0.7649745744190918,,,,,0.015925086201247284,0.01775680468854688,0.7909720266943763,,2026-02,20504
1771592400.0,13,,78796,79327,1.7944092726716396,1.5799473413427947,0.8555318948919505,0.9032845502087038,,,,,0.019815079338443745,0.021290544354255144,0.9303425078470787,,2026-02,20504
1771596000.0,14,,74886,55795,1.6439320277575462,1.608142704633631,0.8750377069927986,0.8678805846898254,,,,,0.007439662076498389,0.02501544386402444,0.9145145523375869,,2026-02,20504
1771599600.0,15,,111419,112621,1.7056684486500748,1.1246341594992126,0.8543044620180283,0.8854307168506586,,,,,0.01859856963850568,0.016046414631112,0.934926830561607,,2026-02,20504
1771603200.0,16,,55646,59897,1.8002417370998995,1.7948068207313608,0.8414320913877674,0.8504167159416609,,,,,0.015542753662106504,0.013291219924410671,0.884632078620792,,2026-02,20504
1771606800.0,17,,81408,75409,1.8083131478632173,1.57975237169478,0.8809145125023865,0.8905073348051505,,,,,0.00996285935364213,0.019309911527060953,0.9225076062891653,,2026-02,20504
1771610400.0,18,,59523,51158,1.4898023780613197,1.131672083761279,0.8777484350379645,0.8843912056512596,,,,,0.01742124875195945,0.016698101264167813,0.9206953933943466,,2026-02,20504
1771614000.0,19,,32984,28573,1.417043978423747,1.0580717300815028,0.8035298199725834,0.8155267684624341,,,,,0.011483078350908511,0.018520864891001437,0.8547556826939963,,2026-02,20504
1771617600.0,20,,19764,19935,1.1296338473710734,0.926849710390231,0.7752533250654707,0.7842952447905259,,,,,0.006388322909185238,0.004124503604643162,0.8253422905855788,,2026-02,20504
1771621200.0,21,,13602,13530,1.0460306489436293,0.9204983044425272,0.6908400310753341,0.6938459866529582,,,,,0.030920260375005903,0.004768774589476819,0.7333427429689164,,2026-02,20504
1771624800.0,22,,22450,20194,1.2905215447030756,0.7853086668708839,0.7565665536052171,0.8052894516854998,,,,,0.017724471961299587,0.008169057222992535,0.8442133025633934,,2026-02,20504
1771628400.0,23,,14258,16122,1.0405366089872912,0.7982021451230608,0.7053323324516745,0.7695764293718403,,,,,0.022815944899029186,0.00811689850382518,0.802943696798858,,2026-02,20504
1771632000.0,0,,14300,14372,1.6421834986300912,1.2362161321353742,0.5631473677963728,0.6783999910739351,,,,,0.0061513576712508644,0.005187410215368066,0.6831290244574425,,2026-02,20505
1771635600.0,1,,9117,9092,1.2161253215854562,1.107443780914782,0.48257758464573847,0.49798226845741156,,,,,0.024822770475643508,0.004026707607770763,0.5388698918607591,,2026-02,20505
1771639200.0,2,,10740,8308,1.2696785163885902,1.0680891982015404,0.5435671666251753,0.5053806175060864,,,,,0.003364615595032259,0.0014615398439630624,0.5727233836344627,,2026-02,20505
1771642800.0,3,,15697,19359,1.4924632069767325,1.4026869894928136,0.5927278853495007,0.7112352717923168,,,,,0.01530705209687936,0.022386881127498193,0.7284070010692134,,2026-02,20505
1771646400.0,4,,11345,10444,1.5296715167236836,1.195250612736994,0.4642822475169512,0.5498271578365892,,,,,0.015005356570341737,0.008744427574970865,0.5725090679045669,,2026-02,20505
1771650000.0,5,,9031,8097,1.5073984338823423,1.0816848174939417,0.3482484694372473,0.46661347337467574,,,,,0.019787517311109133,0.01786925906913059,0.49874966505627055,,2026-02,20505
1771653600.0,6,,8859,10002,1.4880507957548903,1.308909268535438,0.339422106765137,0.49521390081066413,,,,,0.01665670799215528,0.010436550360939642,0.5159214928910241,,2026-02,20505
1771657200.0,7,,7351,7642,1.361325380142601,1.3572817241312294,0.262405890839273,0.30227443805526444,,,,,0.04260401993785556,0.0015399716997170818,0.3388494507299571,,2026-02,20505
1771660800.0,8,,10594,10699,1.3838392707210305,1.419707586984968,0.49288479317528294,0.4661019800088392,,,,,0.019801926431328526,0.0028783756132259725,0.528473668627723,,2026-02,20505
1771664400.0,9,,15783,15683,1.4584742511598967,1.4633264680461249,0.6409427702605156,0.6045299911716832,,,,,0.03378234849884214,0.013015498973489525,0.6671928153027694,,2026-02,20505
1771668000.0,10,,11357,9287,1.425224319990622,1.2186706263696365,0.538007339406295,0.4825960988215618,,,,,0.01842033516867635,0.00344595342619954,0.5479448064465177,,2026-02,20505
1771671600.0,11,,11405,12136,1.3365819571563826,1.294830177582594,0.5453138004230399,0.5799080202976289,,,,,0.014000336554436893,0.007349386222189719,0.6050893845012191,,2026-02,20505
1771675200.0,12,,12230,11054,1.447175955089468,1.2483431793160251,0.5536405089084915,0.5487309613168797,,,,,0.019034060207734765,0.012601256074276562,0.5822126190582703,,2026-02,20505
1771678800.0,13,,11146,10807,1.5971633004185422,1.4724737113434665,0.4493490172693025,0.42297812435049,,,,,0.021398837074673945,0.018288250527068357,0.4993541121356364,,2026-02,20505
1771682400.0,14,,27505,26272,1.7019784182798454,1.6597568325317378,0.7363800538918747,0.7091009691808365,,,,,0.02646001000557515,0.0190049404782422,0.7762816022707851,,2026-02,20505
1771686000.0,15,,18420,16754,1.6364640527491328,1.5257192369506427,0.6531497990344605,0.6142110890659107,,,,,0.019948027431101426,0.013230629452159413,0.678852549307093,,2026-02,20505
1771689600.0,16,,24185,24789,1.7711821544245316,1.5559300305134667,0.6859195233472092,0.7389578579715106,,,,,0.018777671828424682,0.01867263291856718,0.764085152755773,,2026-02,20505
1771693200.0,17,,13734,14508,1.4301536976430091,1.334071618566779,0.5880511054478298,0.6039566440394958,,,,,0.024994022375946803,0.010467561739229652,0.651449670609447,,2026-02,20505
1771696800.0,18,,13069,12784,1.1422194154355516,1.1014396261946995,0.6626239669363394,0.6325890220408343,,,,,0.020693683002615773,0.010581521993845204,0.6848080756240028,,2026-02,20505
1771700400.0,19,,8238,10530,0.9486427431675017,1.0012677749897827,0.559202007246195,0.6165985932312021,,,,,0.012573705773523458,0.0029189725322353102,0.6438747531748794,,2026-02,20505
1771704000.0,20,,10622,13213,0.8621833429878659,0.8945312880251262,0.6557072355983616,0.7164028473675706,,,,,0.014874016091467927,0.02169090936309638,0.748779376132137,,2026-02,20505
1771707600.0,21,,10355,8678,0.9345483783634125,0.7228465185797449,0.6392426916188909,0.6439298214759307,,,,,0.027181585598828207,0.00915477088158837,0.68330940564237,,2026-02,20505
1771711200.0,22,,14980,17987,1.0665482434245654,0.841889279415324,0.6850985056263755,0.795700392458021,,,,,0.014776773721936153,0.01308369526209882,0.8191498652873048,,2026-02,20505
1771714800.0,23,,13335,12610,1.5758957348334766,1.2159541953705828,0.5372888563022705,0.5953090206253201,,,,,0.022682204707206163,0.011168593998812136,0.6322763711786566,,2026-02,20505
1771718400.0,0,,16559,14311,1.6884454409791747,1.064925639655638,0.5747714622716095,0.6816634760242658,,,,,0.020513887320399757,0.013522180088672136,0.7070569909907398,,2026-02,20506
1771722000.0,1,,12827,9331,1.3235353156732041,0.7967792679774731,0.6010477901222537,0.6353921631496867,,,,,0.025127075534449046,0.0002530573665228391,0.6520202582524713,,2026-02,20506
1771725600.0,2,,10275,11367,1.0833583373365654,0.8184036675562625,0.5552801796634842,0.6953939063471759,,,,,0.025620528454574746,0.018411757972618573,0.7211575868466704,,2026-02,20506
1771729200.0,3,,11944,11055,1.0053964626025538,0.9029107941061124,0.6659685015528312,0.6621913058695944,,,,,0.019402250287276795,0.011120296486632339,0.7011217495747952,,2026-02,20506
1771732800.0,4,,9001,9323,1.292894656157089,0.86313716842622,0.3672427547567297,0.4537045573731921,,,,,0.02322049058072637,0.006216487657785583,0.5111960298748277,,2026-02,20506
1771736400.0,5,,7041,6152,1.095186382364568,0.8653170072024897,0.40582351309257364,0.44752326595771696,,,,,0.01795695476124436,0.012755113483449614,0.47800648404346957,,2026-02,20506
1771740000.0,6,,9487,8489,1.1239095431663455,1.0372364603052646,0.5186671433928615,0.5113811044982962,,,,,0.020598921953283254,0.012951738543559032,0.5712567722642514,,2026-02,20506
1771743600.0,7,,8880,8593,1.169771357257399,1.2758566351232645,0.44624217838432934,0.4333216993661636,,,,,0.011139259858637635,0.024444820590706712,0.5072375121951544,,2026-02,20506
1771747200.0,8,,8356,7969,1.2199692778118365,1.0541454944978148,0.39284210647375045,0.48275569394642726,,,,,0.01896231950576956,0.020644409774069672,0.5111558068149572,,2026-02,20506
1771750800.0,9,,9456,11325,1.1417256690670345,1.0642685479018965,0.5264800165814979,0.3166838736438171,,,,,0.0057636098934628266,0.018647223708131096,0.6567404757230457,,2026-02,20506
1771754400.0,10,,7750,6813,1.1509267958446867,1.0154408261943777,0.4194445808407351,0.4210353263177978,,,,,0.0224602032232165,0.013648090092191771,0.46367704725513564,,2026-02,20506
1771758000.0,11,,7949,6452,1.2590374577682664,1.0010425840870536,0.37826764120903156,0.3609305560383846,,,,,0.02001749887717748,0.0004664892537268537,0.4319749837207222,,2026-02,20506
1771761600.0,12,,13545,16409,1.4674272579771432,1.2323904305676165,0.5744544076998288,0.6771714773486697,,,,,0.014404698441926028,0.012286264969275184,0.7187245270343914,,2026-02,20506
1771765200.0,13,,20919,23423,1.5365767941992374,1.2529249025239193,0.6830937140871136,0.7474990335662759,,,,,0.019391396072721678,0.023396092153026144,0.7961114310165378,,2026-02,20506
1771768800.0,14,,25281,25948,1.6332609004028849,1.3691702469488427,0.7253636987422979,0.7631393475397271,,,,,0.009502518299230272,0.011623876687193044,0.801444769705678,,2026-02,20506
1771772400.0,15,,31155,21483,1.6136174242451748,1.2113188363311729,0.7922829066970385,0.7415962535654441,,,,,0.01218911629588491,0.009684955833099968,0.8120328146131528,,2026-02,20506
1771776000.0,16,,20661,12419,1.718088588074314,1.2651813210606728,0.6589635425041923,0.5823801824239463,,,,,0.006984250926981234,0.006526054252730512,0.6955942027816031,,2026-02,20506
1771779600.0,17,,24895,20381,1.6176292240486547,0.9890280588620176,0.7284431816532679,0.7978393420418528,,,,,0.012258766636173462,0.019770458207679236,0.8154372518584221,,2026-02,20506
1771783200.0,18,,18100,11175,1.3797406944560242,0.9942778634819679,0.7108085695213779,0.6123523857657791,,,,,0.0077883353774094366,0.007455860444808399,0.7217208488829024,,2026-02,20506
1771786800.0,19,,9605,8084,1.103050536981575,0.7709879011299113,0.5607688823377924,0.589702470312091,,,,,0.016183814094549404,0.004854572388362344,0.6360351598944706,,2026-02,20506
1771790400.0,20,,11531,10164,0.965188678039477,0.7285559777058753,0.6687688082531884,0.7033568746787673,,,,,0.009110161960733967,0.003723875372586475,0.7315982092177816,,2026-02,20506
1771794000.0,21,,9807,6948,1.03455892061562,0.681787099491656,0.5922122955486784,0.5492209739523515,,,,,0.021865620459576216,0.0032242812321528185,0.6248077979025031,,2026-02,20506
1771797600.0,22,,13254,12892,1.0515341878789553,0.7457723037571268,0.68849953573202,0.7384884172156743,,,,,0.01557392121619128,0.0022417977894012967,0.774442345194839,,2026-02,20506
1771801200.0,23,,17583,17506,1.2590022994367722,0.9186996004005566,0.7089470911713482,0.7758274159009017,,,,,0.01076604260399144,0.004099195544272174,0.7986223672693316,,2026-02,20506
1771804800.0,0,,23921,28838,1.4745600893280177,0.977722325871163,0.7025507163171736,0.8504612080043674,,,,,0.01422898641732901,0.02778727836945964,0.8654444954325247,,2026-02,20507
1771808400.0,1,,156023,288590,1.6984460218842918,0.0018416920715396525,0.7948359928655288,0.9511107463687298,,,,,0.023425097702888985,0.02140860326952813,0.9882722738170674,,2026-02,20507
1771812000.0,2,,54181,100838,3.4036392249939964,1.30123291873533,0.7004256063613625,0.9293505208271157,,,,,0.025770204478380517,0.01949088950093926,0.9374624808151039,,2026-02,20507
1771815600.0,3,,28474,39557,2.6605681198200495,1.1601131410835632,0.6356796291656335,0.8700893117392333,,,,,0.01935741120734677,0.017761930832632774,0.8841191099169315,,2026-02,20507
1771819200.0,4,,19144,19652,2.267331506737219,1.059302201390677,0.5377839008893305,0.7719547449056479,,,,,0.018797737302231245,0.02284729210569744,0.7883967785607076,,2026-02,20507
1771822800.0,5,,26153,23769,2.1658574497479512,1.099198497551843,0.6769409304817977,0.7976584160593494,,,,,0.016396143053042586,0.010861355914555526,0.8152657759248036,,2026-02,20507
1771826400.0,6,,30531,30092,2.075824605640259,1.5333027510801565,0.7250586989762533,0.7723495082815028,,,,,0.02128817162270264,0.017923865720893353,0.7954936805593675,,2026-02,20507
1771830000.0,7,,26972,27921,2.430245716037162,1.4908438371745065,0.6587007530382034,0.7707997334905915,,,,,0.022228676911667668,0.0012199221595032208,0.7881038630095725,,2026-02,20507
1771833600.0,8,,21982,25048,1.7538754612279412,1.448237770808279,0.67244466807817,0.7659608178867431,,,,,0.01513442010484052,0.017530469265626767,0.7820166888043416,,2026-02,20507
1771837200.0,9,,34413,29505,1.8289207640147598,1.5795372615304353,0.7777267704178891,0.7584120707342056,,,,,0.02909058406645292,0.014836775498907832,0.8093320318598419,,2026-02,20507
1771840800.0,10,,25994,25956,1.6953433114398957,1.6637510357167171,0.7282153877782994,0.7417831521366041,,,,,0.011747444686478968,0.00979766139989397,0.7635983552257055,,2026-02,20507
1771844400.0,11,,19803,19304,1.7138473967072636,1.4284503606829315,0.6524512024607868,0.7091219070878597,,,,,0.012020819594559102,0.013152244734516474,0.7244151966911458,,2026-02,20507
1771848000.0,12,,32047,29947,1.7852881706990393,1.4936830671575068,0.7662744103218243,0.7872691454651676,,,,,0.016837253111969337,0.014874634238943345,0.8117463660594478,,2026-02,20507
1771851600.0,13,,29351,34511,1.7893076913225554,1.8080382787213694,0.7477687170108951,0.7869506386205949,,,,,0.010642853922370016,0.008751446776780279,0.8050246177503091,,2026-02,20507
1771855200.0,14,,66661,74988,1.7531774779368972,1.7383118736654106,0.8452439687815168,0.8853568320942452,,,,,0.02879542611751008,0.021587437802679528,0.9157251353980042,,2026-02,20507
1771858800.0,15,,67741,65055,2.558165212963564,1.543068197150595,0.8258481075504431,0.8673015638095976,,,,,0.024566924969023643,0.022070256552716046,0.9046403900414577,,2026-02,20507
1771862400.0,16,,66062,63580,2.2329818386267997,1.7610036999367553,0.8356322200176106,0.8657384279929582,,,,,0.01010142080422468,0.01836656028324414,0.893155767189284,,2026-02,20507
1771866000.0,17,,82696,78827,2.6321469680934877,1.4463121993084105,0.8209184454567025,0.9070475279919472,,,,,0.016286306088769915,0.029803701566590887,0.9276085078905942,,2026-02,20507
1771869600.0,18,,47014,48906,2.116289111830338,1.3173921518607714,0.806995288768529,0.869487385225192,,,,,0.02007008226303603,0.01128885451415505,0.8881504330390508,,2026-02,20507
1771873200.0,19,,52674,53427,1.994100404846263,0.9838030804935294,0.8340620272765392,0.898459669274242,,,,,0.016938279575849535,0.014260131338727704,0.9168914735240562,,2026-02,20507
1771876800.0,20,,55308,44866,2.0241975613167766,1.1278694746796132,0.8222059450578436,0.8851287133452054,,,,,0.006959272539081534,0.016284230062482957,0.8997418064694349,,2026-02,20507
1771880400.0,21,,23591,22703,1.4585676927113076,1.0193348640373368,0.7371176622827682,0.7797063207027205,,,,,0.01705941378344716,0.015646200220286996,0.8233578422280069,,2026-02,20507
1771884000.0,22,,26421,32125,1.3109612466562481,1.0160745041301922,0.8001326194603665,0.806350841813301,,,,,0.014282170445201942,0.0063264653956790935,0.8720769589556213,,2026-02,20507
1771887600.0,23,,16982,17481,1.4423541046654178,0.7110319867505296,0.6737488126926575,0.8191392564674083,,,,,0.0127846195916639,0.004595572057042243,0.8415204980976771,,2026-02,20507
1771891200.0,0,,23334,18343,1.4984127326600407,0.9533930411443649,0.749650010420552,0.7827971919237032,,,,,0.008751658054920291,0.008927968221383628,0.8042656324398075,,2026-02,20508
1771894800.0,1,,91986,93004,1.9033676205736112,1.030118479247458,0.8656599831488583,0.9096882952503867,,,,,0.02554187552319817,0.026063275420907504,0.9451145037740202,,2026-02,20508
1771898400.0,2,,42401,39466,1.8103063345105492,1.014308950711531,0.816761439326645,0.8845381173677457,,,,,0.00845037081473159,0.013715231266023883,0.900753290378419,,2026-02,20508
1771902000.0,3,,64027,57631,2.526503299023532,1.0890023638503632,0.8342433552026517,0.9027084379024812,,,,,0.014146801902509084,0.01818292044283317,0.9209171989882209,,2026-02,20508
1771905600.0,4,,56905,73462,2.7159094317684414,1.3294267714958614,0.7559709748926913,0.9142019247350442,,,,,0.02280608994476998,0.023825862143110534,0.9282119365216253,,2026-02,20508
1771909200.0,5,,39978,66287,2.2701372980724117,1.5709814685432777,0.6944614473974546,0.8726780861628707,,,,,0.028263017228171018,0.024081478705244116,0.8944484355692601,,2026-02,20508
1771912800.0,6,,27582,42844,2.044641826985359,1.442827516707064,0.6966811805763712,0.8644210720752344,,,,,0.01750514856229003,0.0119991200944585,0.8695077184707141,,2026-02,20508
1771916400.0,7,,30275,30487,2.5470711604192653,1.6498015570317777,0.6649141984748499,0.7797750644046882,,,,,0.01581106023551769,0.016669914356023868,0.792118222177702,,2026-02,20508
1771920000.0,8,,29926,25655,2.0685740461823356,1.3201715380673542,0.7222491900158008,0.7852515316659628,,,,,0.016459187387304414,0.018856543483683028,0.8000382665159307,,2026-02,20508
1771923600.0,9,,26114,28880,1.8387824634124068,1.2129608921206405,0.71242892521279,0.8164238962946969,,,,,0.02459592174719212,0.019562840462972488,0.8401698247128336,,2026-02,20508
1771927200.0,10,,20587,20701,1.8645993013726296,1.2979922350590642,0.6469336350843463,0.7486591042805775,,,,,0.015864769502942373,0.013669321091277999,0.7605062607425721,,2026-02,20508
1771930800.0,11,,20733,19932,1.8250292873474245,1.2210113457628589,0.6546870230361762,0.7513419066946463,,,,,0.013883677702303577,0.01501276387483372,0.7682526754061128,,2026-02,20508
1771934400.0,12,,22942,23822,2.0890727061587433,1.388156438531171,0.6298093070002045,0.7631832776388056,,,,,0.017474558987957304,0.02560116236600648,0.7784777313769649,,2026-02,20508
1771938000.0,13,,58760,50560,2.666294452895631,1.5433526610072863,0.7831830735294681,0.8493062092449537,,,,,0.021210575122103333,0.01953626342269682,0.873130204257865,,2026-02,20508
1771941600.0,14,,86365,74830,2.7797745786503745,1.8052159498726816,0.8444665879054729,0.8800719328737919,,,,,0.01881036078524589,0.017650412498143656,0.9107351367587379,,2026-02,20508
1771945200.0,15,,69087,81676,2.0110298041953167,1.6768210032803743,0.848865899252889,0.8922329460751941,,,,,0.01351272703343969,0.02210907523539721,0.9209473207968344,,2026-02,20508
1771948800.0,16,,61755,93285,2.065986631158361,1.8514024078590037,0.8503118221599588,0.9078580599761907,,,,,0.028025793122122767,0.018490938852696974,0.9306329715018482,,2026-02,20508
1771952400.0,17,,38249,43705,1.6269476999346293,1.5280556456917305,0.8128628603667301,0.8440501660190687,,,,,0.015645232093525648,0.010284138333192923,0.8700500835609402,,2026-02,20508
1771956000.0,18,,33089,32719,1.4924966297387587,1.2960926366662637,0.8031637316546137,0.8392401030742619,,,,,0.008362714954319606,0.013221872157833197,0.8574344600112259,,2026-02,20508
1771959600.0,19,,29391,31746,1.3210309134733902,1.2320720804552334,0.8059918999797426,0.8315124437099292,,,,,0.01600066729543726,0.009379623124844602,0.853112587616716,,2026-02,20508
1771963200.0,20,,20274,21228,1.2001269793056664,0.9169977915878327,0.7523016752831354,0.8205610614361271,,,,,0.014102832450924212,0.011354464211920493,0.8360036725892707,,2026-02,20508
1771966800.0,21,,22657,25780,0.9933214942041947,0.870773006185933,0.8064442703753888,0.8537496047854428,,,,,0.008365482635726385,0.014212819020398861,0.872251406452055,,2026-02,20508
1771970400.0,22,,15867,15389,0.9319124112929118,0.7875843190504588,0.735493414415209,0.7841463910392237,,,,,0.013824720239819155,0.006237437499725866,0.8046960826959508,,2026-02,20508
1771974000.0,23,,18302,20064,1.0548180277042685,0.9367423602902731,0.7590678714960255,0.8115512473606533,,,,,0.015994726370275516,0.010509769393105071,0.8258632854056547,,2026-02,20508
1771977600.0,0,,18328,17658,1.2246933158430193,0.898634147591967,0.7273944432510453,0.7885202628578581,,,,,0.0211776794825827,0.006822147294896137,0.8003447884168503,,2026-02,20509
1771981200.0,1,,108997,102994,0.7466007414593642,0.7646201213192922,0.9138589078902873,0.8854792923229592,,,,,0.03289395967856025,0.03068230703061525,0.962641875621171,,2026-02,20509
1771984800.0,2,,42293,47155,1.4065833007493878,1.5976236150038665,0.8425254590562258,0.8438602012232304,,,,,0.021867941398042396,0.018391914153717565,0.8769538831565081,,2026-02,20509
1771988400.0,3,,34135,41513,1.5613224209420888,1.6979496033331156,0.7949214496864971,0.8322028716277243,,,,,0.014348362569753652,0.017133220991083446,0.8476529316405221,,2026-02,20509
1771992000.0,4,,26750,30383,1.4035769217552403,1.3532243100680625,0.7680965144945798,0.8012907475556011,,,,,0.028877635437800427,0.019464729460190178,0.8244128639351765,,2026-02,20509
1771995600.0,5,,28821,37203,1.8751348525254767,1.535071041940407,0.7294137418094757,0.8206327759948399,,,,,0.019341474600685086,0.01739710115506731,0.8429527682989382,,2026-02,20509
1771999200.0,6,,17396,20735,1.5225833301170095,1.3908427567370856,0.6457668036839108,0.7380858896631409,,,,,0.018430054563299283,0.015332733958006464,0.751233995864337,,2026-02,20509
1772002800.0,7,,23341,26859,1.6147037934834976,1.8899307043139948,0.7012082780877336,0.7150247264436455,,,,,0.02223672501427574,0.0216292246945335,0.7472928679550764,,2026-02,20509
1772006400.0,8,,29733,28957,1.6763769982913013,1.3625578942449255,0.7712839264240674,0.798889309755422,,,,,0.012175042507600486,0.015200831884506773,0.819883635441651,,2026-02,20509
1772010000.0,9,,22458,24963,1.5576602868923906,1.4614743498953437,0.7236946642022026,0.7706155243252758,,,,,0.010727409897075003,0.010907904476980855,0.7824354339751933,,2026-02,20509
1772013600.0,10,,15515,18568,1.5916222429352305,1.3931413622954498,0.5813953403612578,0.7049627522943932,,,,,0.009287800661059253,0.009160743898849468,0.7198216288589416,,2026-02,20509
1772017200.0,11,,16891,21217,1.5768946011618814,1.3796392603263603,0.591129987350049,0.7239016798686022,,,,,0.01653700961432278,0.010103112429814504,0.7492560049643846,,2026-02,20509
1772020800.0,12,,34109,43133,1.9282496038938253,1.7333205883939948,0.7591255538251924,0.811409052169372,,,,,0.030300801393230936,0.00990359321844212,0.8342335553024061,,2026-02,20509
1772024400.0,13,,36211,49688,2.3593553532873925,2.1393226929561617,0.7230170355756073,0.7933906022971285,,,,,0.041552052011687976,0.013844440550370641,0.8248837094438264,,2026-02,20509
1772028000.0,14,,59071,72182,2.469913612460822,2.134848225043114,0.796800641042655,0.8376313073278971,,,,,0.039263111761194396,0.025205189306119265,0.8818836390439053,,2026-02,20509
1772031600.0,15,,61682,97602,2.536486083850765,3.014026513178792,0.7788930779794672,0.8378087550374704,,,,,0.03697572497422553,0.016380046301760043,0.8648105214524117,,2026-02,20509
1772035200.0,16,,53498,75453,2.5959161080483275,3.181784599994416,0.7771710675036183,0.8189223295154403,,,,,0.04808662495110974,0.018164633140651535,0.8439924248222906,,2026-02,20509
1772038800.0,17,,61121,80138,2.5989656217484955,2.5355304199013156,0.8217483114134687,0.8243315454435282,,,,,0.03810364410402085,0.004804629238886969,0.8697218674766223,,2026-02,20509
1772042400.0,18,,51727,69975,1.9216549917745886,1.9007262806577951,0.7998063183538658,0.8350091446985892,,,,,0.055381418569698616,0.01843602704802986,0.8826720992479613,,2026-02,20509
1772046000.0,19,,38766,52527,1.5185047567119085,1.7395357704107162,0.8009596747512817,0.8390609539306929,,,,,0.02397695685098332,0.01911889074070844,0.8730931606109108,,2026-02,20509
1772049600.0,20,,32087,42194,1.6077686310441701,1.6033108359130737,0.770113589310331,0.8472807893193978,,,,,0.015409028461505369,0.013131068301493354,0.8521584308700902,,2026-02,20509
1772053200.0,21,,54601,72434,1.24085571284037,1.2976825750904395,0.8292683459595167,0.8941584176454808,,,,,0.02594620520107808,0.014558489808273322,0.9250337340974731,,2026-02,20509
1772056800.0,22,,32779,48061,1.5686561091641258,1.2816015017557583,0.7627670036426804,0.8688995710437959,,,,,0.020633675366814666,0.017957683048764512,0.8996604920017854,,2026-02,20509
1772060400.0,23,,33627,45714,1.34754707031274,1.3602287769088974,0.7954409213877773,0.8518939238985446,,,,,0.01669325851255934,0.017783179667022864,0.8855708115768952,,2026-02,20509
1772064000.0,0,,33415,44228,1.5451079553498168,1.3644684438764523,0.7979431043695366,0.8549255805559766,,,,,0.015201923870846708,0.010572375788181237,0.87833950562977,,2026-02,20510
1772067600.0,1,,23627,32831,1.201747271443333,1.2044994298400074,0.7736638713433192,0.8300561143040405,,,,,0.019265160998194156,0.008973032973882768,0.8590068717338033,,2026-02,20510
1772071200.0,2,,26418,33859,1.4362729299170005,1.5697675706794487,0.7588498995266714,0.8004553786324109,,,,,0.0182934953423302,0.016163878281983398,0.8255003554400424,,2026-02,20510
1772074800.0,3,,19428,23756,1.4723472143575735,1.3667103425678369,0.6810689277797318,0.7565803691503558,,,,,0.014119694146452788,0.011747008596581112,0.7821205265985163,,2026-02,20510
1772078400.0,4,,25517,29051,1.5768308854848954,1.698098382897059,0.7364339528960892,0.7465169083647942,,,,,0.02826077368547938,0.009430796723466523,0.7807030094615304,,2026-02,20510
1772082000.0,5,,21057,30641,1.494345216869271,1.6881222449743285,0.6985163940675778,0.7595988725738662,,,,,0.03100689734646723,0.015081197801721565,0.7864661915107743,,2026-02,20510
1772085600.0,6,,17094,24550,1.5713694970892411,1.8579935432846866,0.6338816751503838,0.6965080662727873,,,,,0.013182992667868113,0.01562581390400688,0.7174002174937085,,2026-02,20510
1772089200.0,7,,19355,28690,1.5831539479771042,1.9656230316989778,0.6482083008604301,0.7035280731336839,,,,,0.03623145980512697,0.01787025410386937,0.7392010282976965,,2026-02,20510
1772092800.0,8,,23963,29518,1.6618716233524045,1.8360697357595865,0.7011386893941066,0.7456175685362755,,,,,0.018666179392267584,0.010599326946243517,0.7682129729698811,,2026-02,20510
1772096400.0,9,,27060,28247,1.6464598212144743,1.7147890866803643,0.763390427089309,0.7475961620415197,,,,,0.02391468087133126,0.010266847957298712,0.7863541288580312,,2026-02,20510
1772100000.0,10,,19120,26588,1.58524566453092,1.495667390240653,0.660048703369366,0.7587450760716143,,,,,0.030982460050994344,0.013550638343290268,0.7793961679903076,,2026-02,20510
1772103600.0,11,,16332,24894,1.5619225087129756,1.5598917892418722,0.6144126684793413,0.7502146717220569,,,,,0.028433927374017714,0.011904873918589126,0.7573003177971572,,2026-02,20510
1772107200.0,12,,20125,26248,1.5622790781129638,1.5120165539708295,0.682322802488561,0.7663651578702018,,,,,0.022355360873298837,0.013189398588091684,0.7802702036627907,,2026-02,20510
1772110800.0,13,,20493,32514,1.759199171008736,1.8524736695237094,0.643218282805266,0.7586445774632733,,,,,0.02981680094600035,0.015897910539289618,0.7813959510417777,,2026-02,20510
1772114400.0,14,,66605,84367,2.0176912708260857,2.380299144676933,0.8198881991053129,0.8676580202474099,,,,,0.034501130168906775,0.025507000521240178,0.895382696088615,,2026-02,20510
1772118000.0,15,,73842,99431,2.2787241976958152,2.101253793527959,0.8170632205287274,0.8705946308463075,,,,,0.03025928839007609,0.016749706655358573,0.909301090614263,,2026-02,20510
1772121600.0,16,,55781,77324,2.5429684783373685,2.0821129985820943,0.7846125523719164,0.8592915983614999,,,,,0.02527410496498936,0.012060681652934769,0.8889272407303412,,2026-02,20510
1772125200.0,17,,35478,44399,1.8501487805260564,1.634008861584518,0.7605302509507983,0.8355514109652655,,,,,0.019508472541461683,0.011584601858115858,0.8536614841165077,,2026-02,20510
1772128800.0,18,,34953,38160,1.3196488965249928,1.2221367440718711,0.825438076685286,0.8468095814039238,,,,,0.01380814456453678,0.012144414777780286,0.878490366377244,,2026-02,20510
1772132400.0,19,,33574,34325,1.0519839766009362,1.0012056113956238,0.844307902372224,0.8583797109808325,,,,,0.020432178740465722,0.015424865375839435,0.893106509006661,,2026-02,20510
1772136000.0,20,,17770,20445,0.933810910413821,0.9037608551018291,0.772098619939602,0.8141612531116356,,,,,0.011825464250001761,0.009285720556212684,0.8289892440617399,,2026-02,20510
1772139600.0,21,,14583,14794,0.8415198281098255,0.8025731282698478,0.7574911442928592,0.7621276833641921,,,,,0.0077565263795870715,0.013181448145535828,0.800935866733999,,2026-02,20510
1772143200.0,22,,10483,12129,0.8362561799392941,0.6640804166330874,0.68519877572854,0.7677182425224103,,,,,0.009190462555637262,0.007976653955991573,0.7897100439305392,,2026-02,20510
1772146800.0,23,,11877,19290,0.8976078693045246,0.7665208073379428,0.6716467037706473,0.8378019954238735,,,,,0.009244759544753057,0.0057129966831669585,0.8525138096768565,,2026-02,20510
1772150400.0,0,,17691,26008,1.1711823621349597,0.8720323846980261,0.7149350742628809,0.8617140181910428,,,,,0.0025614387289855677,0.006798060378720442,0.8751312875681402,,2026-02,20511
1772154000.0,1,,26302,31232,1.1879117228912766,0.872600714462681,0.8025403994540785,0.8646732746495834,,,,,0.014440285464713865,0.011448424341699494,0.8918345573085601,,2026-02,20511
1772157600.0,2,,19347,21640,1.4054593040399785,1.1757005461415748,0.7076180661723619,0.7851362393274188,,,,,0.01358444988276016,0.010748894189700691,0.793755581257662,,2026-02,20511
1772161200.0,3,,20183,19011,1.4276584024886305,1.2291880992368653,0.7178392655957327,0.7348982440261304,,,,,0.01783140542123155,0.014308170312518556,0.7578769282311426,,2026-02,20511
1772164800.0,4,,33718,37724,1.7178197709722107,1.5500412314487404,0.787915833960018,0.8045094177969712,,,,,0.03272988280582057,0.019886381750674312,0.8391951522526198,,2026-02,20511
1772168400.0,5,,13373,17762,1.3297756531575395,1.4602334048934658,0.6086757734111378,0.6694584717653186,,,,,0.02402349424419638,0.010343150702601172,0.6891289573299445,,2026-02,20511
1772172000.0,6,,13095,19842,1.4491120159788347,1.4658092960232536,0.5677288642575672,0.6777907979688461,,,,,0.022713530029712634,0.007702646842862879,0.7139023120227257,,2026-02,20511
1772175600.0,7,,18500,25531,1.9829467735962738,1.6326471950156844,0.5883334159131908,0.6663158454347372,,,,,0.049570506682895046,0.006974536920372384,0.7337133005666524,,2026-02,20511
1772179200.0,8,,21794,28506,1.3757142324231688,1.9763777202118251,0.7216851571420897,0.6448895409351125,,,,,0.0454666563574048,0.01625595391701497,0.7676119852138302,,2026-02,20511
1772182800.0,9,,28301,34426,1.6915626720554484,1.7184918433685474,0.7294498297205267,0.7730672021611942,,,,,0.0228415586215327,0.025797463727463534,0.8095984969187997,,2026-02,20511
1772186400.0,10,,37540,42762,2.0026721533625786,1.5284101035229616,0.7418079157477929,0.8263662072850023,,,,,0.01571052616392878,0.04008544742691062,0.8661038768073662,,2026-02,20511
1772190000.0,11,,40260,41766,2.150805266843065,1.5266005288372013,0.7295775329816385,0.8242048279745824,,,,,0.016182484596186243,0.03705804194714414,0.8583953693789185,,2026-02,20511
1772193600.0,12,,43629,31410,2.4500778598581885,1.8036818783667476,0.7256221914267234,0.7459716815680505,,,,,0.014254272536719638,0.043983040644024696,0.7961126350320085,,2026-02,20511
1772197200.0,13,,40962,37429,2.105501623183353,1.7473387114439591,0.7609665514889646,0.7781661083202287,,,,,0.022465375773478624,0.029336651532851674,0.8270701807576375,,2026-02,20511
1772200800.0,14,,47226,59378,2.0410975399252083,1.578632975760689,0.7826147188214404,0.8562467277745088,,,,,0.025605639030484902,0.020854316962727947,0.8913063154663349,,2026-02,20511
1772204400.0,15,,43089,42420,1.7453203585217847,1.5292646280405322,0.8035939425815292,0.8243096693555718,,,,,0.02013594448586796,0.025472695527921738,0.8657550394217748,,2026-02,20511
1772208000.0,16,,38356,41060,1.9833888542997034,1.4784323504955974,0.7495780017481084,0.8301226344579864,,,,,0.013599833524937238,0.023916480313938664,0.8594675552847061,,2026-02,20511
1772211600.0,17,,44656,38323,2.056476644744212,1.5444195231123046,0.7883412358751174,0.8236670247477644,,,,,0.012797382352916052,0.02085986035074393,0.8494896820211727,,2026-02,20511
1772215200.0,18,,27055,26241,1.4627400016020535,1.135475419077462,0.7653835362347117,0.8058805288942075,,,,,0.01263465466389089,0.014855951469220065,0.8374868081164766,,2026-02,20511
1772218800.0,19,,20684,18259,1.2202226211157738,0.9730270214794571,0.7506136328396665,0.7602808262597996,,,,,0.010002438408408655,0.010276967376973015,0.8015587511113043,,2026-02,20511
1772222400.0,20,,18439,17389,1.0941554049078581,0.912342830690119,0.7544520171950845,0.7667721730682294,,,,,0.015351517748197796,0.008399144316217319,0.798386011243011,,2026-02,20511
1772226000.0,21,,12894,13689,0.9716860486983322,0.7830413183474333,0.6838696102216208,0.7439112627318155,,,,,0.01102208013447185,0.012632689300668853,0.7872125185275216,,2026-02,20511
1772229600.0,22,,23007,22926,1.0560104167044284,0.8284062741430612,0.7664520594475421,0.7849284541200021,,,,,0.032690454679086524,0.02521594458853339,0.855782773703268,,2026-02,20511
1772233200.0,23,,15481,12118,1.05890971717236,0.7687009767068137,0.7188114355439701,0.6925177855821626,,,,,0.027960676335075596,0.009477748318288272,0.7596214834209717,,2026-02,20511
1772236800.0,0,,12800,14115,1.072124805850045,0.879500252734724,0.6285094556705874,0.725477129605966,,,,,0.03484117190807724,0.015422835151546506,0.7514539011460274,,2026-02,20512
1772240400.0,1,,10377,15031,1.035076197174346,0.8873959012241999,0.5943274763354116,0.7415117205535549,,,,,0.029555315437870575,0.006809104349380596,0.7671078686312365,,2026-02,20512
1772244000.0,2,,9464,10092,1.0310363806652034,0.8216704984043972,0.573896045694164,0.6565595121390642,,,,,0.023738684195336493,0.008057089244306813,0.6864941371410053,,2026-02,20512
1772247600.0,3,,8876,12258,1.036372459268738,1.0462713868319142,0.5114097717861283,0.6714158047339249,,,,,0.002518255262190721,0.01586327802117668,0.6891346334264652,,2026-02,20512
1772251200.0,4,,10868,14816,1.138972040347003,0.9461977966537958,0.5658884501564327,0.7346261884888566,,,,,0.022560309103022345,0.01366197423649456,0.7542002896581409,,2026-02,20512
1772254800.0,5,,9294,12023,1.036984654892003,0.8322993046127313,0.5470451066517836,0.7117028713961133,,,,,0.02302385480736746,0.003834214710069399,0.7324923354298576,,2026-02,20512
1772258400.0,6,,94721,138302,1.9372200736549927,1.7513046479897183,0.8118897134849071,0.9172764227424731,,,,,0.03250916041593577,0.06881452961365944,0.9493038203638193,,2026-02,20512
1772262000.0,7,,69526,63765,3.2233076829760177,2.0413137321240646,0.7612789489940152,0.8284750350258989,,,,,0.031008992652619347,0.03852668890187873,0.8633263224764042,,2026-02,20512
1772265600.0,8,,34861,42527,2.4033095574721344,1.5070128912135867,0.6956469743896718,0.8299976045860713,,,,,0.022725542413309215,0.021671861807094083,0.8550947415175715,,2026-02,20512
1772269200.0,9,,29370,36057,2.1075038673101436,1.5485242931621774,0.7077517373770865,0.8064495655920335,,,,,0.021379018002518395,0.013757555299388508,0.8286373418444083,,2026-02,20512
1772272800.0,10,,28319,36873,1.7810011795045086,1.5564042122901018,0.7511524391471619,0.8080240952877992,,,,,0.029617293667373135,0.013964339302913327,0.8347175647599896,,2026-02,20512
1772276400.0,11,,21752,29645,1.6459753335780802,1.3583462829245334,0.6914025479927663,0.7920112150629225,,,,,0.01885300058241583,0.012412305387910242,0.8218686539659187,,2026-02,20512
1772280000.0,12,,16214,15558,1.7003713475277755,1.1087387253282284,0.5971462767590645,0.7035650527516927,,,,,0.0028805302308570558,0.004893035947396471,0.7350199784423972,,2026-02,20512
1772283600.0,13,,48269,39656,1.7018507654205601,1.0818807521414318,0.8182401014275308,0.8092377562715929,,,,,0.036554975141898274,0.026572463938799234,0.8840649890786759,,2026-02,20512
1772287200.0,14,,45715,65455,1.4987903843065722,1.707481567884076,0.8075098974340501,0.8591669855961461,,,,,0.03252049274744277,0.030213506895950912,0.9039578152554792,,2026-02,20512
1772290800.0,15,,31256,33951,1.5498656179059176,1.6620180372924012,0.7736804404186095,0.7683013582973801,,,,,0.01999041611042932,0.019867963474462253,0.8211989635361772,,2026-02,20512
1772294400.0,16,,27709,30481,1.5592741948318978,1.6704162708010841,0.7651945844463133,0.7582828304629392,,,,,0.01978140787007192,0.011029479840961547,0.7999784532873145,,2026-02,20512
1772298000.0,17,,27374,27148,1.4045481500018213,1.4903249637242622,0.7712802065409455,0.7422305706565433,,,,,0.028632324351152417,0.015974975743023756,0.8117410490816411,,2026-02,20512
1772301600.0,18,,38933,42294,1.4098525009396523,1.3826329088715748,0.8192532498278011,0.8279066084607316,,,,,0.02602000689459709,0.015415269982470805,0.8817827958840765,,2026-02,20512
1772305200.0,19,,45722,53568,1.3820717100444038,1.3059776348153906,0.844117899386075,0.8551598358850373,,,,,0.03198576079868259,0.019692561777831002,0.9055191389425363,,2026-02,20512
1772308800.0,20,,40640,53286,1.2715374868887537,1.3552596169087907,0.8510979650616237,0.8489465151644289,,,,,0.0340685261714683,0.011510557648589914,0.8981282862301906,,2026-02,20512
1772312400.0,21,,29873,45035,0.9971818383502131,1.2240297121400259,0.8370368656109375,0.8639474584547143,,,,,0.018932594264376903,0.01085176077404474,0.8920972935450124,,2026-02,20512
1772316000.0,22,,46833,66871,1.2397176771183216,1.4872379715010982,0.8661283380863449,0.8663336748218172,,,,,0.027280014131187996,0.010485582592478365,0.9150602026754819,,2026-02,20512
