window_start,utc_hour,phi_SB2,phi_BS2,phi_BB1,phi_SS1,eta,mu_B,mu_S,n_B,n_S,month
1769904000.0,0,0.028882075472660883,0.023260463369229743,0.7605399588889844,0.7749506397479238,0.8286332801063305,2.6327362431172814,2.008437752948514,49499,44730,2026-02
1769907600.0,1,0.02178572953178125,0.014050672180552884,0.7148435123177385,0.798391087269126,0.8573272912618511,2.4462198199744427,1.2927047726478278,38808,35264,2026-02
1769911200.0,2,0.02200566840912437,0.014900914889603576,0.7316322473695213,0.7964706988041614,0.8387219871963412,2.182817917731447,1.038011614287796,35659,26003,2026-02
1769914800.0,3,0.010548369399261922,0.0050189802278967416,0.5906701555968203,0.7419143731434683,0.8147226075884262,1.9290050837373935,1.1553768714465156,22358,22502,2026-02
1769918400.0,4,0.013903541477180169,0.010650940845946916,0.5776867206057993,0.685660751124512,0.7651066061655174,1.6613854449058927,1.0246861596164363,19038,16546,2026-02
1769922000.0,5,0.014412461135258094,0.006577825808606232,0.6209714820710702,0.7380998478445775,0.793171412048815,1.5643799697686405,1.1553039425166098,21202,20856,2026-02
1769925600.0,6,0.007320045134792778,0.007491459698094411,0.6511980769388582,0.7557744840970755,0.81578013395577,1.7095317309294682,1.0174500242387527,23899,21134,2026-02
1769929200.0,7,0.017522289120379838,0.01416804899419237,0.7399501980698382,0.8012517614968192,0.8342489023288229,1.8497062683124121,1.1214208891354218,33121,28883,2026-02
1769932800.0,8,0.009420614462923867,0.009113827761032806,0.7334835071833122,0.8005935641426752,0.8409498994052754,1.6737389344845106,0.9581618097170843,27350,22705,2026-02
1769936400.0,9,0.009563284230634973,0.01666562133277516,0.6921272697328306,0.762086714969923,0.8134036200807221,1.6006364019315007,0.8639098061501013,21109,18337,2026-02
1769940000.0,10,0.005958490344116852,0.006278652656251105,0.7250263068183671,0.8271521652438055,0.8620609396709098,1.8203940614927816,1.318682867458056,30190,36378,2026-02
1769943600.0,11,0.009982288976632253,0.009947076728004399,0.7189634447274758,0.7241640968860181,0.7753419187491667,1.687757518317591,1.196480376043459,24824,19949,2026-02
1769947200.0,12,0.017720081229395047,0.014060749581015816,0.7006988301256812,0.7700986259279986,0.8194609236073225,1.801525047687334,1.0087139280431103,24704,21776,2026-02
1769950800.0,13,0.018584082185749237,0.015233492762565366,0.624286605437528,0.7233237975843929,0.7695550095817896,2.0039849747552343,1.3353067199188033,22504,22159,2026-02
1769954400.0,14,0.018583201964513643,0.03390850369393586,0.7813605836968196,0.8556315407053084,0.894025421163309,2.487311085572755,1.8754099520907077,59816,66487,2026-02
1769958000.0,15,0.01706295476871735,0.021773114926391505,0.816216335369834,0.855086799286936,0.8998485442623069,2.6296810758711535,2.00154286245097,80368,78922,2026-02
1769961600.0,16,0.024561346319396656,0.01364708618056628,0.804447472115791,0.8524976567696867,0.886318859845518,2.2679900333802716,1.704270091293217,60164,55313,2026-02
1769965200.0,17,0.017223065786146203,0.010876486468032347,0.7883646926057571,0.8354006712126426,0.8721532909703602,1.7275332924997648,1.0977834957133306,37829,32879,2026-02
1769968800.0,18,0.012757207744102357,0.014281381934896628,0.8280401043983816,0.8483424782051309,0.8887294601727467,1.534975176287322,1.0742848523951565,42404,38584,2026-02
1769972400.0,19,0.014130400636201147,0.008366898973363792,0.7832624024574919,0.847597714206592,0.8871080438622284,1.3080419464852862,0.9313150615230855,28172,31822,2026-02
1769976000.0,20,0.01772521872069194,0.014451593828409123,0.8185502828559076,0.8585693062556625,0.903245019183164,1.584474640820316,0.9719331190415527,43848,41599,2026-02
1769979600.0,21,0.020147758247949017,0.011649388956620208,0.8031814331947015,0.8830596609517446,0.915982148702543,1.9324533157223254,0.9552135199417492,50861,46756,2026-02
1769983200.0,22,0.011242473802032686,0.01607653586873693,0.8306460774845291,0.8591756030692078,0.9029994998112741,1.774930548606082,1.004623079319231,52677,45402,2026-02
1769986800.0,23,0.04637140494992259,0.036566076425691894,0.8378064171301167,0.886609303244514,0.9374137692443186,1.731158178804073,1.100332040320998,119059,109814,2026-02
1769990400.0,0,0.020196074683546106,0.009775036636606418,0.8342925352887977,0.8903409347733148,0.9111563388549028,2.2186830844110967,1.5415973474028215,76707,67799,2026-02
1769994000.0,1,0.03107965387865081,0.01863432283868637,0.8374911459704262,0.8800911914609211,0.929999079919195,1.8560892783398473,1.2058390470542601,66680,67675,2026-02
1769997600.0,2,0.01899350404065504,0.007102881860173288,0.8151607588248588,0.8750129464059614,0.8971973854666843,2.0556751723348192,1.4440523008219714,51906,54258,2026-02
1770001200.0,3,0.0132951588872305,0.0023921696184023996,0.8458780243505806,0.8597356333337791,0.9659890966610305,3.1083306948570986,2.3281567060507236,145050,162670,2026-02
1770004800.0,4,0.01541917216034537,0.01731059635424305,0.8354198676452818,0.8349895791398546,0.8955398764402206,2.056988873498644,2.2861471844141636,69781,72146,2026-02
1770008400.0,5,0.037729199149320644,0.02199347732723273,0.8440559771702125,0.8069941922265292,0.9115742864603749,1.5573690383921939,2.5685357649565352,73670,87096,2026-02
1770012000.0,6,0.014596862840172682,0.019426651187542807,0.8691437014844818,0.8161800287947716,0.9212006711859286,1.8804081705392262,2.684716099597672,97151,110059,2026-02
1770015600.0,7,0.022539189053965354,0.02968373682501591,0.8371114155570564,0.8017918003333712,0.9013792800118477,1.8423100008246593,1.8832602434143895,60717,68720,2026-02
1770019200.0,8,0.012749309151226774,0.025704033828098754,0.805595374538478,0.7179669669041628,0.8636126286652186,2.0262761258159023,2.019959486737176,47891,56219,2026-02
1770022800.0,9,0.012223355018540678,0.040644197483064456,0.8383723982364395,0.7338200848656875,0.8795790306819956,1.8817386039159099,1.9862126661927026,54651,62453,2026-02
1770026400.0,10,0.012111506744710392,0.014599663801520979,0.7290172677014187,0.7571220097690585,0.8193791855615055,1.8377794368709428,1.3517250664496507,28233,29307,2026-02
1770030000.0,11,0.011712375019803396,0.010819281380437043,0.7278149543495721,0.7790184674809963,0.8175916653626598,1.9093144878335488,1.1626909825796625,29177,24342,2026-02
1770033600.0,12,0.018666575437341827,0.014547908864348065,0.7404898923007402,0.7638901160202878,0.8164793812441649,2.044172556534775,1.617874837075165,36778,32373,2026-02
1770037200.0,13,0.009588934401486199,0.0049862484374402875,0.7408910678718134,0.765663499450361,0.8021922585771994,1.9526401738509498,1.7050957710043544,34409,31900,2026-02
1770040800.0,14,0.024853209822529778,0.026945709562492415,0.8267231991738195,0.8564531699132327,0.9217808275219572,2.5527598555412063,1.4120830491661918,80588,76709,2026-02
1770044400.0,15,0.02417955868869744,0.022151909192731935,0.8381352300439413,0.8270673068154831,0.8839620064637806,2.828623217772132,2.6778417373011627,93393,82753,2026-02
1770048000.0,16,0.026710964685011225,0.020304351442169313,0.7474198696901255,0.723838559146545,0.8301787273764643,2.3787754092731377,2.5879588952192765,48729,56064,2026-02
1770051600.0,17,0.016301608218305636,0.021546363734277634,0.7232801329123133,0.7706829169529767,0.8194874375234272,1.993437209930827,1.4818949343802499,34921,32735,2026-02
1770055200.0,18,0.02194473328935433,0.009685303664276253,0.7050203007011173,0.7329308598273676,0.8046304985760799,1.7608711081809143,1.5992466723312015,27838,30031,2026-02
1770058800.0,19,0.016993478407208013,0.009917762497911025,0.6794679837445337,0.7372826177367529,0.818925177882177,1.7702894676279033,1.3227268783898265,26214,27174,2026-02
1770062400.0,20,0.022706836595870236,0.014962521227260233,0.7632263310809323,0.8192082010874527,0.8648024219436317,1.4239894825621642,1.0890666768927428,29974,31244,2026-02
1770066000.0,21,0.0171051041840012,0.013284772183031325,0.748153798400698,0.7272692980044911,0.796556214585159,1.2341325921191788,0.9118118223187396,22217,15696,2026-02
1770069600.0,22,0.010131792158013655,0.008989160970925886,0.6469879157905541,0.6750159964064033,0.7214131494355025,1.2635634120041712,0.8687812781942442,15098,11509,2026-02
1770073200.0,23,0.01942726940899105,0.013556161521862054,0.6766218371898515,0.7731314837579992,0.805115585403594,1.399060789158728,0.8282394880575987,19118,16383,2026-02
1770076800.0,0,0.014678492959485586,0.010826470291976208,0.7332646740630266,0.8038794046136927,0.8370775449441248,1.7207298112505192,0.9541866315806967,27097,22699,2026-02
1770080400.0,1,0.022263732740426596,0.010772181289280787,0.7422276075778355,0.8517975354871811,0.8746202833621439,1.5679813296710776,0.8633354187545033,27582,26866,2026-02
1770084000.0,2,0.02092495375135238,0.018497890940945175,0.738243100063508,0.8361642766117281,0.875485024707372,1.4600786070937875,1.1240927273908143,26852,35160,2026-02
1770087600.0,3,0.020539797464727113,0.013856574146848205,0.8145033417608276,0.8290980142125706,0.8787676620987722,1.5453724238622946,0.9901361354827944,39961,29690,2026-02
1770091200.0,4,0.015304800964572794,0.013956983495572775,0.7276189916447109,0.7386289400383187,0.7727320254894043,1.3310591297998404,1.3401572913364868,21588,20207,2026-02
1770094800.0,5,0.01245280698886852,0.0057618634584904686,0.6659619285811718,0.7777379701340743,0.7875949361050231,1.483064227113494,1.1907107367771184,18989,20853,2026-02
1770098400.0,6,0.017154672245459423,0.011291218355930523,0.7636847188797142,0.7535707123959142,0.8005497768975155,1.37611549899722,1.3383474597334923,25834,22887,2026-02
1770102000.0,7,0.010310956316839504,0.008767061859710734,0.7093511405757187,0.7397025261093653,0.7674599259562122,1.696200685499734,1.5583006366393495,24588,24674,2026-02
1770105600.0,8,0.02018741957645897,0.019370368254658942,0.7536454961446699,0.8040587894516322,0.8312233494063357,1.3384361492532344,1.0864162893863394,24696,24560,2026-02
1770109200.0,9,0.020050124580733873,0.01906617455791894,0.7674448440346078,0.8678934706336,0.8945922655149592,1.451739593796064,1.2523353978851235,31181,45663,2026-02
1770112800.0,10,0.0035541567872910437,0.010610177339864175,0.665994515664714,0.8097917755900155,0.835903722736284,1.4078400828718702,1.0998357407886963,16645,24958,2026-02
1770116400.0,11,0.010593400581303546,0.011518528336756357,0.6916128770134836,0.7934112091317777,0.8246538900573606,1.3878892893470018,1.0492811942728542,18582,22410,2026-02
1770120000.0,12,0.013308762321312952,0.020515692435438868,0.6613686054902301,0.7358827389818269,0.7654521139772688,1.6916982751813499,1.4693625485936705,22148,23990,2026-02
1770123600.0,13,0.011193766501399676,0.008167084496353295,0.710865038889376,0.7782104061214373,0.8012539113805971,1.296798658397017,1.1326834550466445,18980,21197,2026-02
1770127200.0,14,0.03200229279110599,0.0386610888276103,0.8495038335775026,0.8799854860195101,0.932838851384294,1.4914848928981495,1.2501343993930354,59389,78989,2026-02
1770130800.0,15,0.021410907029782513,0.028742030925177096,0.8618465120626911,0.8780362722845009,0.9320140341862303,2.133399503785024,1.4707778306607315,91302,86146,2026-02
1770134400.0,16,0.03102683386059202,0.02959225371216652,0.8347104566143009,0.8874875023111222,0.9359032902670507,2.3668167346470215,1.3486628196302748,81032,81005,2026-02
1770138000.0,17,0.03432589067298296,0.02076567458999865,0.7969634602266882,0.8750893819377723,0.9054941027587211,3.2754971189699638,2.1327708792103404,87453,89226,2026-02
1770141600.0,18,0.06482336988011911,0.02014555431770639,0.8032198145893523,0.8752987947451828,0.9293416043857631,3.9185751607213595,2.5310012351935267,145959,133964,2026-02
1770145200.0,19,0.05418435045847082,0.02903681570963171,0.7832603316895486,0.8237082717262304,0.9138177192256629,1.9778540406901228,0.8470241445171743,123908,99166,2026-02
1770148800.0,20,0.02476442270310471,0.028790610380505396,0.849962272607706,0.8604274088934263,0.9317988844771982,1.9174483868880725,1.0619201043524849,94931,76944,2026-02
1770152400.0,21,0.015306801469969563,0.016929528867557792,0.8156791889196215,0.8392665166485398,0.8903899453640195,1.438934702409114,1.2967773542637895,39235,45706,2026-02
1770156000.0,22,0.018159497305221307,0.010405960066728804,0.8043402532198668,0.853120018825131,0.8866322139488954,1.4500250345740693,1.0924773156831022,37649,37331,2026-02
1770159600.0,23,0.025512287363459066,0.026011227676345214,0.7843395975670774,0.8011569790006271,0.8679279794554852,1.3129942428054493,0.9334982048473786,30375,29167,2026-02
1770163200.0,0,0.01630069951129952,0.014789324679609934,0.7777532090187274,0.8071388289795607,0.8536993719329419,1.582109797523387,1.1289348421753833,30055,28153,2026-02
1770166800.0,1,0.02600954361072477,0.014432325601419401,0.8085909047064928,0.7974088854641895,0.8729320442824742,1.3962541733156537,1.0729144723893964,35370,32510,2026-02
1770170400.0,2,0.037592297783816175,0.011346979765434655,0.7514306301598266,0.8194596679501016,0.8581562922667118,1.3956448277666622,1.1849541990154815,29753,31521,2026-02
1770174000.0,3,0.04823585529201167,0.024813628766404465,0.778241563589036,0.7599832868575104,0.8686985512297777,1.1547023129740317,1.1739201316916283,35260,26421,2026-02
1770177600.0,4,0.02909859054012878,0.010246230952548611,0.6514425475080665,0.6891766963897997,0.7616130731955859,1.101264447944367,1.2529912010496167,16892,18751,2026-02
1770181200.0,5,0.052249194759853526,0.0037351038577127073,0.6746405796032647,0.7011629599442718,0.7554081203630343,1.3100965008733911,1.3305514176782955,22261,18621,2026-02
1770184800.0,6,0.029067387067399236,0.01702058544547496,0.6908206792194197,0.5671343317257895,0.7640576159686188,1.079216347792891,2.0927288350583377,18522,20126,2026-02
1770188400.0,7,0.01857493469974195,0.013226097860660662,0.6816483422065016,0.7534943722799038,0.7827650444103603,1.3696999135604107,1.1944598828868613,21040,20471,2026-02
1770192000.0,8,0.007242349123232311,0.010480733725965414,0.7516305146700354,0.7631094192651986,0.8092753622922509,1.2873569531158167,1.4990726558173324,24665,26596,2026-02
1770195600.0,9,0.010419545802720982,0.013677625116203705,0.7043706364861145,0.7837606747215318,0.8216677833023479,1.2558567444463618,1.1628473543826954,18335,24569,2026-02
1770199200.0,10,0.007674077933906622,0.009950122080563516,0.694718728485702,0.7364823772324133,0.7768355072607036,1.1187593494470864,1.0089338339548362,15043,16821,2026-02
1770202800.0,11,0.016874085510227142,0.015145174172450579,0.744370256119161,0.7968562671887492,0.8439991492718949,1.567775509214068,1.2798821727015806,29686,32672,2026-02
1770206400.0,12,0.010721709393883484,0.014658143185296891,0.7069393203643005,0.7780713829677546,0.8334465558169094,1.494801485566564,0.9545290703014695,22348,22514,2026-02
1770210000.0,13,0.020229611529071156,0.0167484704040241,0.7239220755195456,0.8470652683603679,0.8843692747554636,1.6288194219048888,1.286976958157204,31782,43951,2026-02
1770213600.0,14,0.03867953382770282,0.014571976308494923,0.8221217619363457,0.8781052581098276,0.9263792096575879,2.510871603717101,1.8346016953042263,81208,87301,2026-02
1770217200.0,15,0.011723284624289123,0.03695015010806479,0.8119822569113637,0.8656653002303045,0.9400264111278094,2.477231356532059,1.1764733412929402,117820,119208,2026-02
1770220800.0,16,0.03170815903612492,0.010728493125791518,0.8245094829183486,0.8724412870022175,0.909161451186599,3.2234970440331323,2.202239891718864,101888,96418,2026-02
1770224400.0,17,0.03306738979842003,0.04107859448068992,0.8164745213798877,0.8409711797783775,0.9570314894771994,1.5022688711616403,0.3445193849667558,122136,130764,2026-02
1770228000.0,18,0.016081723281426683,0.05161447878269796,0.8397235484482084,0.8542194004082169,0.9337479207821561,2.354022373593505,1.492186293070839,103154,119532,2026-02
1770231600.0,19,0.024177319047184606,0.025928840550881932,0.833096760419199,0.8620854495854502,0.9228107716380173,1.915361951012472,1.064422049695397,59564,60454,2026-02
1770235200.0,20,0.008841581123180453,0.011004716209883103,0.7892373998246314,0.8318702548268712,0.8885014677264632,1.5868983938085552,1.1849303615657607,31467,40731,2026-02
1770238800.0,21,0.029133050867958758,0.020233560156422362,0.7581009750753813,0.8379958052642332,0.8988650513449332,1.7415027090188415,1.1152791438850191,37406,45143,2026-02
1770242400.0,22,0.018176445093527147,0.011273488634971818,0.8209319214816475,0.8360681730750206,0.9071461290135244,2.1969166838888925,1.684781021709883,66373,72166,2026-02
1770246000.0,23,0.017364837784884266,0.013844067781680729,0.8174060077718291,0.8405567215744602,0.8966312476033039,1.5859451467531036,1.1150938142894353,45158,41818,2026-02
1770249600.0,0,0.010924969593325867,0.015913957746020873,0.7887776507386441,0.8517897677437167,0.8873002706969927,1.6407524924723784,1.0356954520637784,36007,37477,2026-02
1770253200.0,1,0.02050163572842929,0.02724676005964282,0.8420216655996791,0.8807802273256965,0.9353987260695652,1.9335213512699854,0.9752548294363744,70064,71254,2026-02
1770256800.0,2,0.03163009068111718,0.025685733178039117,0.8331149409357781,0.8769110502804023,0.9306890849651434,2.034216771503936,1.386867338657472,89944,88520,2026-02
1770260400.0,3,0.026237873954017155,0.017742915365142452,0.8230934906120361,0.8639296739069635,0.9184502663039164,2.6419751161046916,1.558499622720579,76882,75374,2026-02
1770264000.0,4,0.030356306343234173,0.03111238815829768,0.8131083071050097,0.84093382472065,0.9028060550481379,2.696363151901344,1.9027361304221955,80486,84893,2026-02
1770267600.0,5,0.04450824843977236,0.035792911806133886,0.7876034244124959,0.8403191704459936,0.9008183995636746,2.794202551007375,1.9372962846522293,77050,81839,2026-02
1770271200.0,6,0.02833328823252944,0.028182591887163586,0.7846805269951106,0.8100886586299885,0.869142940278548,2.5973798555975183,1.9463396249608753,56205,56720,2026-02
1770274800.0,7,0.026210565557839585,0.018640544395038764,0.7873194672029343,0.8102460187194528,0.8607249520771569,2.2790268088620387,1.8483508948223195,53627,55321,2026-02
1770278400.0,8,0.01971081918989054,0.01254475938451694,0.7877611260649598,0.8236367635930884,0.8594198232779364,2.099051838541948,1.7058901943104883,47110,46112,2026-02
1770282000.0,9,0.01929712901545826,0.02145020949244188,0.7981270008180704,0.8103050680159576,0.8661243925793006,1.9970519718529776,1.5968488770331304,48362,46662,2026-02
1770285600.0,10,0.018741399347646345,0.01466285730371168,0.7293696711564079,0.789778366382641,0.8395420792161126,2.0567164875055965,1.5912981266147361,36749,39707,2026-02
1770289200.0,11,0.04048758155668749,0.03770472713427674,0.7859008437625958,0.8329593443281594,0.8968442363219602,2.7234160902033855,1.9518248552138635,77956,84081,2026-02
1770292800.0,12,0.051233576085329476,0.0164023314943389,0.7755765222324115,0.8284434932361623,0.908218858998918,3.3415819408658036,2.743910515499126,103972,113757,2026-02
1770296400.0,13,0.019364857236957096,0.031045201685045862,0.737593911535599,0.8202552830035402,0.8697853538157699,3.9125604380401917,1.9755482761275267,65922,65916,2026-02
1770300000.0,14,0.035360425362239684,0.01601992006904051,0.8147707214059404,0.8518844538381698,0.9076014167414043,3.6306279529194665,2.3526985992092273,107194,101027,2026-02
1770303600.0,15,0.040680650381096785,0.011647848841645481,0.7768697172721052,0.8165453383141535,0.9923971941797267,2.0091991248722607,0.06225637320634396,208900,218463,2026-02
1770307200.0,16,0.0284616275439432,0.05545211532220172,0.7843978724324981,0.8393747033499603,0.9370078131685321,4.74099746031238,0.7329279214286768,123109,119032,2026-02
1770310800.0,17,0.029251823837563296,0.010332283056200776,0.8014959633380119,0.8556432270085855,0.9963567646407581,1.609379998815615,0.04308849018569623,137826,143968,2026-02
1770314400.0,18,0.04342168573287808,0.012779458269272879,0.7857331171108051,0.7975946988440191,0.9004814859592745,5.114291650625665,3.3265911434413855,126616,122786,2026-02
1770318000.0,19,0.00017472602387725273,0.061424691547369986,0.7746591031461143,0.8317019066249194,0.8890668765181685,5.966735263180092,1.011794606714528,100348,87859,2026-02
1770321600.0,20,0.0619929466764117,0.0508523892639757,0.781448724119838,0.8404113643711263,0.9828938820884854,0.3475374763326042,0.0707376690771203,203218,228880,2026-02
1770325200.0,21,0.12694843304542916,0.03081098991034528,0.8030527171131112,0.8478230196336672,0.9622295311411418,0.007974915551753394,2.2030150290087205,173369,171910,2026-02
1770328800.0,22,0.057108178713260675,0.04078577365028251,0.7910355451711791,0.828440346049713,0.9179972843932677,3.806723240128248,2.1215754943302354,121475,108684,2026-02
1770332400.0,23,0.028698707918294472,0.03754312689380621,0.7783359310520975,0.8529012190023038,0.9050984936863153,4.925876068512204,1.940869702024658,99183,96950,2026-02
1770336000.0,0,0.05398169926857895,0.06524972344545286,0.8196665826789055,0.7868044338282882,0.981028446821246,1.7065581737351292,1.5988923005373714,330202,307684,2026-02
1770339600.0,1,0.035268536703460786,0.032297262433423464,0.8095883155069258,0.8104910926543202,0.9698260919571391,0.9802832968104515,0.7374057567215887,154273,141916,2026-02
1770343200.0,2,0.0378597091724372,0.0184185480341465,0.7854986331674196,0.8174713821290609,0.8915063944241173,3.5432235741940423,2.8618702637876714,101004,103547,2026-02
1770346800.0,3,0.04614273352813513,0.01518827290810513,0.8205563150397411,0.8250385340985074,0.8664119361335273,3.453870318772745,2.817747430212446,99773,75009,2026-02
1770350400.0,4,0.02967429863540437,0.016593781342143402,0.7617783156680477,0.8093597428952255,0.8429887611042987,2.8054595633388146,2.263030647789045,58154,55026,2026-02
1770354000.0,5,0.024130286790517378,0.03721861429838333,0.7903119780985861,0.7974991216672939,0.876718400520184,3.034513967080987,1.93301272008945,74610,62878,2026-02
1770357600.0,6,0.021404770177639615,0.042768777170290984,0.7970069564476786,0.8387883315012579,0.9035720823898611,3.191607204333766,1.531880743513083,83545,79712,2026-02
1770361200.0,7,0.032826157384165916,0.03621521243806741,0.8018333130970501,0.788208706834223,0.8723929575500327,3.1378505628921705,2.07950359258536,80353,67059,2026-02
1770364800.0,8,0.03578611656567969,0.02463288276249148,0.7945934626723702,0.8230458604471153,0.8866142788383733,2.7040722055776762,1.7934751555068877,71587,65327,2026-02
1770368400.0,9,0.033226354834324255,0.023947249153222983,0.7776789559505485,0.806078771221718,0.8641461072861014,2.9559556157712987,1.9267949177006858,65918,53484,2026-02
1770372000.0,10,0.023508772521647105,0.017376578693835926,0.7575462134892236,0.7804040399514472,0.8208711005586665,2.8140430171414805,2.465647669261636,53955,51231,2026-02
1770375600.0,11,0.026123787718241184,0.03644053897144556,0.7521802733537357,0.7614671047453655,0.8260041761693517,3.0568857899273425,1.9213556509743606,56517,44913,2026-02
1770379200.0,12,0.026845115886490026,0.01917224588099464,0.7368625068875869,0.7651896507001994,0.812825982152144,3.0910781320418628,2.366130340673883,54185,47290,2026-02
1770382800.0,13,0.011734837622904554,0.051473241309499,0.7597867772360891,0.8683237251727383,0.9172831590674073,4.583574654304286,2.308234491234058,96644,173384,2026-02
1770386400.0,14,0.013352507045901688,0.03840260465265729,0.8856532329447959,0.8941024259581662,1.0179719149090658,1.5660664761245489,0.944950985891175,153517,298051,2026-02
1770390000.0,15,0.033197748898091316,0.08330368512306305,0.7994049156932114,0.8774491463137172,0.9307937630613532,3.6907220430726206,0.8602869550857732,155556,164729,2026-02
1770393600.0,16,0.03465294513896772,0.042856088984867285,0.7837203646693301,0.8249926226227962,0.9062952261908919,4.773633346464863,2.0607641240994106,124801,101981,2026-02
1770397200.0,17,0.040996520033364695,0.02781343698910811,0.7529541678367272,0.7916592110551228,0.8540825700053399,4.809074546131812,3.141456241591569,103268,87607,2026-02
1770400800.0,18,0.05649079394126336,0.03961430233817592,0.7855750618345944,0.8235539375450671,0.8862525229327041,2.4324170083454573,3.0500985245548864,77581,90223,2026-02
1770404400.0,19,0.027734562043813697,0.028880848476564868,0.7758305757542274,0.7717321737345486,0.8397088221051572,2.492174663076918,2.0302635769492086,54931,47189,2026-02
1770408000.0,20,0.032037811117553675,0.030226397477039566,0.7734092358995983,0.8173353194908691,0.8983839566189672,2.0794407030749804,1.8144098259570378,55302,65597,2026-02
1770411600.0,21,0.012548856994255748,0.015065147420742627,0.7502241587219111,0.7638454833461913,0.8480482244687046,1.9144557074680213,1.3962331769343885,36121,35788,2026-02
1770415200.0,22,0.022342652926123405,0.023893384097362656,0.7904308341790178,0.7558157865490975,0.8425677393535119,2.416036004566181,1.4827919318416178,53634,38330,2026-02
1770418800.0,23,0.03506815516209717,0.02913306847206465,0.7538824222665739,0.755545057084988,0.8457373192402445,2.317924079512981,1.6853893717075985,45235,43609,2026-02
1770422400.0,0,0.02541128081726683,0.04468106741958796,0.800597219147486,0.8431590199550882,0.8962131440494518,1.9130811462345478,1.9827455581099593,57935,75347,2026-02
1770426000.0,1,0.01698350310047642,0.025646150264220235,0.781908083136699,0.7955352771458973,0.8647115316862782,1.7558742516834356,1.2246569727050192,38180,36321,2026-02
1770429600.0,2,0.012634447611007842,0.01573364369654828,0.7517220749356605,0.7885680520853345,0.8482319688131688,1.4414102621247473,1.106837374908063,27166,28488,2026-02
1770433200.0,3,0.016799069616778208,0.011057972604168652,0.7812100833786508,0.8035869190532772,0.8636137744568876,1.6146577684225705,1.0982829112657297,34518,30668,2026-02
1770436800.0,4,0.013971612955164643,0.024238795929386856,0.8172364314837032,0.830405723799192,0.886475991370715,2.0373462788747663,1.4779481062454205,52801,52596,2026-02
1770440400.0,5,0.02313822238138099,0.01773378090908147,0.8203505651378183,0.8715655315747942,0.9091172444389514,1.6666852104108318,1.1187300256581658,49583,49365,2026-02
1770444000.0,6,0.03630674399602341,0.024542193402899502,0.8298873527215241,0.8905903782418634,0.937198416227954,1.4664573495631246,0.928080140561399,64943,63339,2026-02
1770447600.0,7,0.026093677880443884,0.04344376338151026,0.8540695418375254,0.8700528829125851,0.9473475211250285,2.700157512544997,1.6536407267151523,142412,147344,2026-02
1770451200.0,8,0.021063160920503855,0.014743916949941387,0.821875771527913,0.8890881839667709,0.9149254722168645,2.170296206277013,1.267575204261246,67814,65095,2026-02
1770454800.0,9,0.00017621740265701474,0.00787358251256204,0.8078641363139818,0.8748767688372909,0.8855827015305674,2.443364572003461,1.4890407782496358,50962,46703,2026-02
1770458400.0,10,0.015198334278987207,0.013433772156158595,0.7842883048084827,0.8614800963339947,0.8749313302190423,2.075271045573031,1.2521122592023908,43591,40384,2026-02
1770462000.0,11,0.027448730768554086,0.007240428058715655,0.7615781867608327,0.8539005721926126,0.8863518297909958,1.6117475510666226,0.9921965958748035,31705,31745,2026-02
1770465600.0,12,0.02609412175458003,0.030137597697741682,0.873172899971884,0.8896505316065735,0.9529778544134088,2.0918770182730704,0.8906918563515127,104461,108361,2026-02
1770469200.0,13,0.015419536734830354,0.017878306913521647,0.7994403386660419,0.8652489681828756,0.8897297908309418,1.7354540984970466,1.1726668489807313,40316,44463,2026-02
1770472800.0,14,0.02500637556589892,0.0209242673623548,0.786612966656547,0.8487104935453245,0.8863125654499849,1.6885688734000623,1.4190793206501726,41895,49424,2026-02
1770476400.0,15,0.02111708337322249,0.0248304661339047,0.8625936240328521,0.8610389879957563,0.9219183899898291,1.7093298571787563,1.5789445697788007,70327,64518,2026-02
1770480000.0,16,0.05925764023950931,0.019863646227701055,0.8526714201773783,0.8450716398483493,0.9824863468180853,1.4468998497915349,0.8228816291377256,136126,136768,2026-02
1770483600.0,17,0.021908707807167773,0.01656451662481508,0.8287357779732413,0.8490666189220909,0.888037846202593,1.6304255657529956,1.1895740949078895,46596,41700,2026-02
1770487200.0,18,0.02523850455140458,0.014509973306598103,0.8226694910688203,0.7941288087024064,0.85630442742609,1.4571909106140235,1.0615082386051897,38433,24785,2026-02
1770490800.0,19,0.0092034740262773,0.007586951754745943,0.7442551637255364,0.771653125071973,0.8102948228479966,1.2233426369317415,1.0108953850454008,20403,18785,2026-02
1770494400.0,20,0.003143315485553693,0.017203078080438337,0.7342724919641738,0.7411014586042599,0.7838831535610028,1.0736532307166766,0.8932874142006023,17242,15774,2026-02
1770498000.0,21,0.014620381420686447,0.012576692822745383,0.7178849981830144,0.7680453386970858,0.8081263439836277,0.9715096417043342,0.8362500336659839,14936,16313,2026-02
1770501600.0,22,0.0010136030200973785,0.004774483251235937,0.7288187977198999,0.7588386025791629,0.8089855599053968,0.9734525176535198,0.8844656522288499,14456,17694,2026-02
1770505200.0,23,0.012974553481952334,0.022415396803124155,0.7715177747938711,0.8586291017916196,0.8768959264866021,1.1018052598366606,1.0774228241413761,22172,34625,2026-02
1770508800.0,0,0.014295977841851623,0.013648669904535065,0.7862912911217168,0.8089342464028296,0.8379202623975675,1.2088160291220345,1.028417418349703,24635,23830,2026-02
1770512400.0,1,0.012024640168486764,0.013356381255820834,0.8095155405525464,0.8063320843014342,0.8447098793202698,1.0617652329892948,0.80226682922987,23762,19570,2026-02
1770516000.0,2,0.00961130976464545,0.02093183013804492,0.7719603318647372,0.8066198929161432,0.8310228612355621,1.063368511717966,0.9106898054417838,19530,21493,2026-02
1770519600.0,3,0.010886987375801651,0.01533997443950704,0.7648701190235401,0.81265001229496,0.843592058966035,1.0357372384956747,0.8209383726807591,17761,20339,2026-02
1770523200.0,4,0.016183482025370805,0.01610760029997053,0.7300093802768021,0.7431047788065632,0.790120923916146,1.006669183422,0.714053015337126,14896,13081,2026-02
1770526800.0,5,0.00907632335422061,0.01552719750925506,0.7279117627957503,0.7534685218203806,0.7922734576607389,0.8693878024635567,0.7797767403555723,12844,14666,2026-02
1770530400.0,6,0.010687018443376018,0.02479025854310272,0.8045953441629362,0.8573027686078336,0.8803725003973165,1.0681246052326594,0.8979745376783433,22783,30639,2026-02
1770534000.0,7,0.013801454528409399,0.026224346641999276,0.7544649889142073,0.7933342390997066,0.8389076712832988,1.333192559361227,0.9812386631416993,21922,24833,2026-02
1770537600.0,8,0.022814502381631845,0.04055189518290224,0.8401018111273748,0.8282373184651552,0.9003208727878269,1.6670687128757493,1.2945854713024194,51643,51281,2026-02
1770541200.0,9,0.010556791060384294,0.025938141796900276,0.7919126084487399,0.8181509248444698,0.8514005683491396,1.5117133643819987,1.2845108162808903,30943,34793,2026-02
1770544800.0,10,0.019576491599629195,0.01859092421195473,0.8065710418905294,0.8410342536729196,0.8769421439675957,1.4921301121386288,0.9237433087729536,35001,31656,2026-02
1770548400.0,11,0.01938904217917075,0.02943447359617006,0.8093449576410915,0.8355957734308255,0.8664825262355776,1.8688175771310525,1.2893820822537203,43029,36682,2026-02
1770552000.0,12,0.013411137824661091,0.028174742816435065,0.7679613938151284,0.7819933976541796,0.8200932335424719,1.662232694724956,1.2093986869788054,28753,27719,2026-02
1770555600.0,13,0.016650524197172334,0.032212464758277215,0.7640450509970483,0.7623259884161758,0.8225343833958735,1.7772270423194105,1.3965959549356133,31482,30781,2026-02
1770559200.0,14,0.016293259212062823,0.0169123791545725,0.7501692662644354,0.7978519105822136,0.8219729146527246,1.6116575937091822,1.2945988543826354,27561,27637,2026-02
1770562800.0,15,0.01860943965309958,0.01333478650627345,0.8117124135611621,0.7920899983989217,0.8448765079207676,1.6499123409511725,1.4799774709556417,37374,34156,2026-02
1770566400.0,16,0.03451066692881974,0.02798306375182875,0.7882865386825777,0.8277815851895415,0.8731717124722544,1.5222633261639176,1.43703398738807,37742,42276,2026-02
1770570000.0,17,0.013196081564807201,0.012113685044513397,0.8015149782058395,0.8188657034071265,0.8437813468897715,1.4482269340527687,1.143582310975438,30380,27685,2026-02
1770573600.0,18,0.019809829141290633,0.02546503858914709,0.793466193128051,0.8355591223808497,0.86907617309861,1.3341500894310019,1.0983517484488046,29908,33512,2026-02
1770577200.0,19,0.01146607451187956,0.016658744356628213,0.7455879551876957,0.8099417276490842,0.8369789935191272,1.236153082086627,0.9475141249066719,19783,22907,2026-02
1770580800.0,20,0.025103185955187297,0.012596946531094753,0.7586939017875186,0.8419891430526892,0.8644493058905607,1.1888915636608004,0.905708270690954,23416,25344,2026-02
1770584400.0,21,0.01894113984775218,0.01945447580421358,0.7601186376495888,0.8026556078679363,0.8267789580328182,1.1202791089364657,0.9519671804233707,20870,21695,2026-02
1770588000.0,22,0.016504321386072326,0.015229136685088308,0.7623670562832313,0.7457788817596332,0.7980531953599972,1.3961724767074324,0.8926508750856701,24591,16287,2026-02
1770591600.0,23,0.04232090906830595,0.034619980309458,0.8611381011014053,0.8724025112908375,0.9444322018432982,1.4515094873883512,1.4194796951483728,91840,100178,2026-02
1770595200.0,0,0.013682572279812904,0.025766160953859744,0.856144924533833,0.8634369261690393,0.9044986065357079,1.4008369724067802,1.0606192613839094,45547,48270,2026-02
1770598800.0,1,0.019631692676452477,0.028521609152632254,0.8552063090427137,0.8713145859551732,0.9167860574100606,1.2576378750527049,1.1595904693955392,48150,52674,2026-02
1770602400.0,2,0.026258368248007417,0.015447339522034165,0.8358720428768455,0.838229398487671,0.880965966129211,1.3723803336616016,1.3277429772193317,42676,37111,2026-02
1770606000.0,3,0.019454427565418243,0.02185100669324641,0.8666460295459986,0.805469380123058,0.8876597019760886,1.2479890414675316,1.2941231870129148,42348,32561,2026-02
1770609600.0,4,0.017126882359419945,0.012671906630043663,0.7916545485318547,0.7933586235060052,0.8313020199930814,1.0710171309310537,1.0628634119264004,22452,23063,2026-02
1770613200.0,5,0.01078134618870816,0.006896890780452916,0.808802757631386,0.7793353465505928,0.8227657060231295,1.187167050761425,1.1311732144824922,25570,20400,2026-02
1770616800.0,6,0.014993711240964097,0.023040836509720882,0.773902717984725,0.8181759337789508,0.8464442503975353,1.232066191421567,1.3116132582121465,25467,32841,2026-02
1770620400.0,7,0.01692060758643237,0.023875260413772182,0.7781403208022444,0.7802641269276422,0.8187394907971803,1.3905720190448825,1.5908077695968386,27572,31108,2026-02
1770624000.0,8,0.030129985918503313,0.02557048875672507,0.7733172067606957,0.8680577530438661,0.8967821359765878,1.859277302211406,1.2521046080948182,45876,50616,2026-02
1770627600.0,9,0.009561300870969578,0.01623744281923651,0.7862302591671562,0.8532586129032265,0.865553487625174,1.53864409099062,1.532496840867467,30725,44213,2026-02
1770631200.0,10,0.02798702706676783,0.01961841932807648,0.8003775628885847,0.8817489645079057,0.9192647099857626,1.9988294648605518,1.6976433291114983,54886,73686,2026-02
1770634800.0,11,0.019905596943354528,0.021255246422265197,0.7925054098020772,0.8373949241521514,0.8604550483497247,1.8148904200182367,1.2118972987085581,37599,34912,2026-02
1770638400.0,12,0.023054956019371815,0.017183344592092968,0.7819406559748715,0.8080640822659326,0.8432467673150493,1.7325239224211784,1.1968340052778559,33337,28953,2026-02
1770642000.0,13,0.022816567182108775,0.02160917611368614,0.7771826564929131,0.8345937117245138,0.8599793789714308,1.5068433434725084,1.3639509289478902,30688,36144,2026-02
1770645600.0,14,0.026098458572857912,0.030472428109695436,0.8657907335878334,0.8855660076812374,0.9267057164216831,2.0549086311001363,1.8190636738669366,94551,98074,2026-02
1770649200.0,15,0.02466597906717057,0.03507264738850355,0.8565910722992949,0.8543980389999107,0.9106627546159533,1.859674509374493,1.5964358486452497,67186,66429,2026-02
1770652800.0,16,0.023588006975981315,0.038718806232834004,0.8537102495642651,0.8503360383594583,0.9104349487444184,1.6819301612013915,1.3478146480597044,65219,62894,2026-02
1770656400.0,17,0.023813085831862372,0.03395504688928512,0.8613996385911803,0.8381798534252226,0.9089525246710832,1.5738563791370546,1.4607540355887918,64230,59215,2026-02
1770660000.0,18,0.026989241112474582,0.024942459376553993,0.8471084744317677,0.8436092802158943,0.9117747115354063,1.2786758554369257,1.3754858025754118,54001,51642,2026-02
1770663600.0,19,0.013616442170594054,0.020337772897850895,0.8543723305654365,0.8267691894992008,0.8836184711736774,1.3852068598250633,1.178965690952343,43161,34946,2026-02
1770667200.0,20,0.020534961063620644,0.018655176757066117,0.8475295568496485,0.8564010173054855,0.8950723300965157,1.118554883197948,1.0822928964899892,36700,38188,2026-02
1770670800.0,21,0.024335534061887414,0.012119490130423856,0.8037150723341173,0.8334405409022757,0.8628245099796737,1.2490651881667147,1.2063191475599797,32934,31248,2026-02
1770674400.0,22,0.018824266166158045,0.009797672557971194,0.7796370716398912,0.7680629290745616,0.8204358423870852,1.0539805142347034,0.9751684228424987,22114,19376,2026-02
1770678000.0,23,0.019263676279519283,0.005843064951215271,0.7115575459867775,0.7465287311331206,0.8009521261069344,1.0443602451877285,0.897133229988521,15642,16476,2026-02
1770681600.0,0,0.016277207731505063,0.007576200951684865,0.7430551838009469,0.7920911055375511,0.837211578003244,1.2364150961927625,0.8287662330473616,21575,19294,2026-02
1770685200.0,1,0.016787888450270926,0.019101944400072967,0.8272448947919143,0.7505041328383304,0.8457892398137001,1.1239055106600868,1.0270387820391844,28046,20315,2026-02
1770688800.0,2,0.015632387876394583,0.02042980708378132,0.7558536226633915,0.7554142188322231,0.7993121760277118,1.0097214740542892,1.0359894282110667,18062,18891,2026-02
1770692400.0,3,0.031373022938669226,0.014918749932668769,0.7873513039025368,0.838348704119403,0.8650121605343888,1.2984890760982208,1.1951618085144093,34422,33495,2026-02
1770696000.0,4,0.012902872149840839,0.011372485408962633,0.764721416278974,0.7203411862942691,0.7893081807574023,1.1041833034348574,1.1776979813421773,19761,16871,2026-02
1770699600.0,5,0.025671098508382412,0.030381510924270872,0.7418983403591828,0.7879904586071633,0.8218437336680481,1.1416649876252019,1.023160491030333,20686,22247,2026-02
1770703200.0,6,0.041892108066789745,0.023088901003897936,0.7804546795899288,0.8373742002471054,0.8747113595691276,1.5094412122987964,1.2449450520559808,38063,38092,2026-02
1770706800.0,7,0.01666916878388038,0.019341682799125445,0.7083278186025338,0.7372322568781197,0.7646076774601741,1.689848836515411,1.413576298820837,23488,22697,2026-02
1770710400.0,8,0.014852152651387054,0.027694534272723982,0.7300806679087606,0.7327006070416258,0.7679573213741302,1.461865056882678,1.6272470548610134,22884,24634,2026-02
1770714000.0,9,0.01817336554494539,0.019245869485572418,0.7083502107649696,0.7399414768789612,0.7660560192030892,1.3823280011262593,1.3573975238999059,19676,21702,2026-02
1770717600.0,10,0.011092036822725847,0.008758136273605782,0.6167037813039531,0.7123332955689473,0.7361422334954895,1.4635883312185622,1.1441623262139664,15437,16114,2026-02
1770721200.0,11,0.03398489246900988,0.02472689197005792,0.6948863800034644,0.8135228589750468,0.8481907366758705,1.6101503059033249,1.0131471928081197,24953,27015,2026-02
1770724800.0,12,0.022811023276032537,0.01968036728981162,0.7047185693691717,0.7665993024579255,0.796931655640842,1.8262890358647148,1.2442737932605255,24895,23010,2026-02
1770728400.0,13,0.020837389429052215,0.02051767090603302,0.7685640299126973,0.7650025643369129,0.8103983410086898,1.7072443245534175,1.3199375614836222,31847,26659,2026-02
1770732000.0,14,0.03948646843301592,0.030121922458268658,0.8329041914779477,0.8726983734545749,0.9332430512006039,1.6151450344357778,1.559152381408258,72114,76776,2026-02
1770735600.0,15,0.029706252759181272,0.03868419758624167,0.8660377423630731,0.8517993961116842,0.9189468654830373,1.5422943253272638,1.4460185694379568,69126,66197,2026-02
1770739200.0,16,0.01671563001407047,0.024287447831291612,0.8521765719098737,0.8236765129977691,0.8847163147171363,1.643432650117851,1.4658596529661692,50635,45402,2026-02
1770742800.0,17,0.016919323249385932,0.02175628130054872,0.8277453888332391,0.7696855539157172,0.8539602668070225,1.311834502266895,1.641894700994343,34407,32326,2026-02
1770746400.0,18,0.031184656643435064,0.024831424521099116,0.7998217328735088,0.8181884013626406,0.8621075121252593,1.3312064813941267,1.667613008167613,35124,42565,2026-02
1770750000.0,19,0.016338381130150802,0.017511329487740607,0.794891412639568,0.7782928563764523,0.8376138628142535,1.2570944230976238,1.4126158985760602,29147,28604,2026-02
1770753600.0,20,0.01960545860398159,0.010544228608206386,0.77988451781606,0.8133355111150361,0.8395449136232689,1.1210432200117562,0.8601414543213023,22207,20448,2026-02
1770757200.0,21,0.026557134023843226,0.017309764912812508,0.7274434308681259,0.8049807331410954,0.8418844220864984,1.0639236710941957,0.7343831698502771,18121,17996,2026-02
1770760800.0,22,0.013277631755882991,0.02192879662880807,0.6882937009114124,0.7597138993278031,0.7937025726560966,0.9918114916489353,0.690189452115458,13241,13185,2026-02
1770764400.0,23,0.01280184399808112,0.016113335121137825,0.6567563113193877,0.7447530687345221,0.7828345538017109,1.0198498526280646,0.6388320732130033,12494,11344,2026-02
1770768000.0,0,0.006013005123342536,0.017024064604846588,0.7566313893217576,0.7865428165319983,0.8169672173588723,1.0782072223757864,0.8714619409749208,18585,18515,2026-02
1770771600.0,1,0.007518978303909939,0.01867640904645676,0.6821268119667129,0.8256333559812228,0.8538321490026477,1.166852475717059,0.675241883018613,14660,18645,2026-02
1770775200.0,2,0.011200910420805643,0.01828510281167423,0.7043681001554741,0.832791908634411,0.8537158220096378,1.164807583467959,0.8059473377904255,17171,21789,2026-02
1770778800.0,3,0.038065160048212594,0.02062031121891561,0.7317521401114546,0.8404751437598753,0.8697869284368204,1.349752234850365,0.8481267239115732,25581,26141,2026-02
1770782400.0,4,0.035767928316661146,0.030868792723499412,0.7953762304865023,0.8556121875028662,0.8850698906181804,1.7192419117743172,1.2862449081771976,44610,45027,2026-02
1770786000.0,5,0.027748999302397753,0.01575060977362596,0.7366742275215462,0.7773607512994668,0.793267744043241,1.669944127426792,1.4643716128509077,26805,26153,2026-02
1770789600.0,6,0.039595830233389244,0.020709924350476656,0.777684561145594,0.8702493455555413,0.8953727185249224,2.1393280612885963,1.2925902609659758,50054,49597,2026-02
1770793200.0,7,0.020260930303482104,0.02014357490540992,0.7360827486722172,0.7964922506735568,0.8362375435627873,2.3841025923152124,1.080498542426413,36874,27369,2026-02
1770796800.0,8,0.01926769685390568,0.021117898961676266,0.7205108990500199,0.7899301304327294,0.8105554154676133,1.9188584918924951,1.3986741544588384,28896,28755,2026-02
1770800400.0,9,0.025217024257018057,0.019736470455393566,0.6769805279401422,0.774614222505856,0.7972425528312108,1.9570366263221246,1.2122374636585072,25259,23380,2026-02
1770804000.0,10,0.03429720347844493,0.013691932324993014,0.7132707066140379,0.8402289233652119,0.8615008775513139,2.3473962952150424,1.2407867224913183,35338,34427,2026-02
1770807600.0,11,0.03345388251887626,0.01891173275333483,0.7153010407637113,0.7534338208778195,0.7920041508473197,2.4618962925533547,1.228403878547476,36342,23143,2026-02
1770811200.0,12,0.027362278323136844,0.0215108198591616,0.7333564564523786,0.7775128868679585,0.8123174569490015,2.1441105621254497,1.2907619278865088,34712,27316,2026-02
1770814800.0,13,0.03537025871542413,0.03888164786443857,0.8335807084496157,0.8532153684715396,0.9009347226066485,2.0155689400961077,1.4529423258732779,61313,59088,2026-02
1770818400.0,14,0.019010309423188158,0.046247330179017956,0.8531339321037802,0.8760551366403453,0.9550394087607497,2.3483135170037968,1.0429993090607999,120791,124567,2026-02
1770822000.0,15,0.036386077663842914,0.027955275294903936,0.8609247628797344,0.8937885873186413,0.9567513289654266,2.3897036314550912,1.516285075724732,114502,120884,2026-02
1770825600.0,16,0.020342975258091308,0.028903808024116587,0.830548637171034,0.8632775486564411,0.8955423313360193,2.4922825943753324,1.8963904432011576,76465,71817,2026-02
1770829200.0,17,0.018309501096164256,0.014310740726689485,0.8377281708893506,0.8440473590004123,0.8739514992917621,2.4033068085985367,1.7822680185993989,64130,52867,2026-02
1770832800.0,18,0.01606949247679205,0.018466061235157472,0.8364070126961439,0.8458646898669007,0.8845621569855754,1.8645755272964795,1.2687907838245414,50424,44604,2026-02
1770836400.0,19,0.015345671234733958,0.03438932701276446,0.8295211100035452,0.8711906326584168,0.906840494114348,1.6435406688902716,1.231697804859472,48048,59035,2026-02
1770840000.0,20,0.008893515550572152,0.015463135339641774,0.7725507203518454,0.7952960607937632,0.8320802605161202,1.364675583821961,1.8843679154544304,29260,39870,2026-02
1770843600.0,21,0.001609542900676836,0.01897982229932203,0.8458697853655717,0.8632782696980695,0.9029207808498915,1.7326878729442574,1.102267070996818,42850,49210,2026-02
1770847200.0,22,0.010009192294165623,0.022166432564098327,0.7649891830638924,0.8071019286603734,0.8451932427193161,1.1220809625213868,1.0474910838207867,21755,26691,2026-02
1770850800.0,23,0.02337982742034765,0.02161503799790194,0.7724197237391677,0.8437029777188211,0.878974875213752,1.2204515909951144,0.8899698612085488,26153,29604,2026-02
1770854400.0,0,0.01175002426178591,0.020866577252504,0.7887824596900456,0.828824638655096,0.8548604059811957,1.3006089528111477,0.9234306758688429,26119,25761,2026-02
1770858000.0,1,0.012539350188796103,0.020604985986505585,0.8081217473901774,0.8320668191561836,0.8588505443463103,1.2910900415629905,0.9547455612527054,28377,27399,2026-02
1770861600.0,2,0.012569240814509093,0.012679295202502123,0.7535227691278924,0.8130418634102723,0.8335521451540995,1.4185913681430606,1.0727169198669584,24048,24718,2026-02
1770865200.0,3,0.021616476377866803,0.017905888868936803,0.7088414855541001,0.7152960674922055,0.7491785075611632,1.5046761947106502,1.441161408992186,21893,20522,2026-02
1770868800.0,4,0.02252179468851393,0.012310777014811964,0.738068766906127,0.7863927197152313,0.802808234313784,1.8252321526618658,1.4231792053690964,28742,27086,2026-02
1770872400.0,5,0.027192207852365768,0.01559348270485718,0.7357384173920734,0.7575460281201276,0.7878585575084197,2.0761399149295987,1.6253183798382964,34578,27243,2026-02
1770876000.0,6,0.01869814314753638,0.014564786526005263,0.6511974657217269,0.6927656173432791,0.7271107060457163,2.0769336872618394,1.8592157737615642,27797,24469,2026-02
1770879600.0,7,0.005582111052533724,0.008176314936956008,0.5726549081764134,0.6490604319567445,0.6900802508638468,2.1792320048271328,2.1469479716031,25852,23522,2026-02
1770883200.0,8,0.01829404459428001,0.0230137486491224,0.6214996355559411,0.7200401931340247,0.7403775080793625,2.032022344770473,1.7555033189399416,25971,25660,2026-02
1770886800.0,9,0.01885781940439734,0.03084207403058277,0.6788569583579259,0.7071291664594636,0.7383550336391713,2.0878108941419877,1.6788114593056416,26819,24586,2026-02
1770890400.0,10,0.013815826257337625,0.026451923660091383,0.7043462699454125,0.6946167703710853,0.7389702857711673,2.3719477931139705,1.669566820753259,32080,24028,2026-02
1770894000.0,11,0.03231260355048211,0.0258787812885567,0.6478170108053599,0.6329153913217751,0.6876445729217823,4.055042028163698,3.4066239627857415,47383,38449,2026-02
1770897600.0,12,0.023472914676406987,0.03243901934988764,0.52212034951625,0.5874638062393539,0.6120886757603212,4.0141313512046555,3.653399979888974,35856,34928,2026-02
1770901200.0,13,0.01944221139269871,0.031203227142796133,0.7070931310246183,0.7273221480750894,0.7706210636401085,2.332141386175188,2.260851345730263,35414,36817,2026-02
1770904800.0,14,0.020178310850877335,0.021740708685207725,0.7965044635830537,0.8293775538092529,0.8703377647642437,2.4737878136512754,2.125771810207046,60187,59824,2026-02
1770908400.0,15,0.03882550673360635,0.014699252426064398,0.8066083266786812,0.836489602374771,0.8889727356246508,2.5395104630624585,2.3389522966717156,70188,73299,2026-02
1770912000.0,16,0.03657393754762472,0.013416246996629666,0.7938173901200244,0.8680229885136664,0.9280497251386791,3.129965246529334,2.5463302545659237,108028,120060,2026-02
1770915600.0,17,0.034848864989054686,0.01713212635966706,0.788221888229089,0.8545170978610847,0.8772635318158606,2.939707796756924,2.113517724191113,68534,67627,2026-02
1770919200.0,18,0.03459525716600317,0.018288454305037866,0.8075309568000378,0.8464699163522228,0.8938389965454018,2.0507154612856064,1.5776489759262802,60293,55424,2026-02
1770922800.0,19,0.020121012171944598,0.02450828837938135,0.7967389859879126,0.8339223048841978,0.8746331857228546,1.840482565167015,1.2815687839375638,40582,40778,2026-02
1770926400.0,20,0.012554009504190094,0.006517125036223783,0.8269134187781273,0.8771544500665303,0.8977628739921891,1.546602251782556,1.0732739210301336,39945,39993,2026-02
1770930000.0,21,0.006730560751767625,0.016310202653248628,0.7868172664369811,0.7969725086286226,0.8287019181330249,1.4141974505650003,0.8522484538616968,27632,19817,2026-02
1770933600.0,22,0.013266070636389909,0.021555688867115296,0.8038577013489983,0.7880453038829911,0.8408323327603874,1.3108535764717884,0.7961829932241437,28626,19665,2026-02
1770937200.0,23,0.014886396813375698,0.01220770007508734,0.7781138753908202,0.8415599749117206,0.8622781323703242,1.3918485606760025,0.8820053710825707,27749,25086,2026-02
1770940800.0,0,0.00957421267982083,0.01041900096447408,0.7458893486316965,0.8121927812969645,0.8329776392647263,1.927799263891601,1.234968219699558,31213,29764,2026-02
1770944400.0,1,0.013508135190166136,0.014760133775025955,0.7279584402368401,0.8058881034549578,0.8447971532067454,1.9319057913131006,1.0520331565227241,37637,27238,2026-02
1770948000.0,2,0.010169921250407377,0.013299796839531815,0.674031312025745,0.7311240768741532,0.75460766179524,1.7462624724351825,1.5003277791821572,25189,22505,2026-02
1770951600.0,3,0.010596681645753362,0.011005860482702306,0.6693995048975839,0.7564175210164688,0.7724481540788737,1.746233952798631,1.5477978487114419,22341,25429,2026-02
1770955200.0,4,0.015622821421912842,0.016094972247115806,0.5860696006167494,0.6771666046081795,0.704320086912872,1.7675655731016975,1.6723102706004012,19332,21243,2026-02
1770958800.0,5,0.00982054829113019,0.009738202058303417,0.6101572596028987,0.6580608881379579,0.6749994441976358,1.8167606367114295,1.8192988307076372,20076,20306,2026-02
1770962400.0,6,0.010286131106178474,0.008888523038928535,0.7189698055571059,0.679085815253051,0.7487985524600484,1.9087746761197408,1.7073790655788617,28321,21133,2026-02
1770966000.0,7,0.021006043837295388,0.01699039736025996,0.6710736514864121,0.6782535052809965,0.7078290396529461,2.248237766420926,1.9977175868307602,28297,24438,2026-02
1770969600.0,8,0.024893051897968376,0.01628542249648791,0.729231189757148,0.688725866703297,0.756998010297774,1.7846662560273843,1.8187416910242928,27935,24220,2026-02
1770973200.0,9,0.014451712901174732,0.019060820435459414,0.7368685282027283,0.7094798986115408,0.761891639588768,1.8299444343337763,1.6924645811605967,28004,24460,2026-02
1770976800.0,10,0.018184217975805095,0.026469157117778162,0.680819799712814,0.7294514376876507,0.7621771748781129,1.9341152497423952,1.555300800637116,26856,25378,2026-02
1770980400.0,11,0.010388181856659216,0.017849682053550028,0.6640623459096869,0.718955590469411,0.7449538896915473,1.7529804500722455,1.6088188563412886,22917,23880,2026-02
1770984000.0,12,0.00661408222341111,0.022118187710830472,0.6311770610630385,0.6882899275261346,0.7219018377763047,1.7135302928778724,1.5763847746873259,20329,21743,2026-02
1770987600.0,13,0.022922843442280356,0.02823694869357867,0.7094830944689505,0.7095373867410583,0.7783381487210741,3.293055841030326,3.032495774592765,53106,50810,2026-02
1770991200.0,14,0.03028083796085145,0.029530851799774757,0.8424046606965143,0.8442339365106207,0.9103420253839549,1.896675891711587,1.740317786675662,72177,74054,2026-02
1770994800.0,15,0.0333820906624829,0.03230100010390859,0.8687043643364285,0.8610875241457131,0.9330580190168447,2.4909690120056966,2.411180736985027,109388,118604,2026-02
1770998400.0,16,0.0304232917989726,0.024174787576837328,0.8153107359040689,0.8358614446250514,0.8947024535528003,2.01872146257208,2.042897569884447,66249,69346,2026-02
1771002000.0,17,0.011344862352005915,0.014492743393859642,0.7803237649525723,0.777317002599444,0.8191952189370998,2.2361342953824606,1.8484067820868773,42678,38614,2026-02
1771005600.0,18,0.015499722000417352,0.012965463475674238,0.7773131357320829,0.7962978117943968,0.8269153530216637,1.948941479597855,1.7130195646137731,38006,36153,2026-02
1771009200.0,19,0.010754025505458264,0.01655720205068771,0.7511305026437519,0.7543262964444181,0.8027278990129798,1.2523869143859399,1.3323102668833395,22927,23805,2026-02
1771012800.0,20,0.013241584621725165,0.01530300942550328,0.7730641236870319,0.7819953016264233,0.8249669530853136,1.1882340812814223,1.2910603369479179,24671,25726,2026-02
1771016400.0,21,0.007356073776401975,0.018321573523141135,0.7051958853817735,0.7095244207167087,0.7530254053649308,1.092617825215825,0.96477555631839,16096,14153,2026-02
1771020000.0,22,0.010574749971769215,0.005817649308444575,0.7507015907930479,0.7198085308602329,0.7784373281828986,1.038996982886722,0.9967806712806951,17502,15040,2026-02
1771023600.0,23,0.012660967711009148,0.0114379172319246,0.6739922573001473,0.7256767451717596,0.7620348992389133,0.9312022442765713,0.6769679148806433,12127,10739,2026-02
1771027200.0,0,0.008625108587943929,0.01564636534058722,0.7196920164535311,0.7018259315009197,0.7600288694325724,1.2392577713223856,0.905113090197605,18673,12865,2026-02
1771030800.0,1,0.006451930181701528,0.012223855543620843,0.6514844507521785,0.724700195081117,0.7521046750562571,1.164630832796739,0.8569409961570251,13628,13143,2026-02
1771034400.0,2,0.014981924091279946,0.0031572627874280946,0.6502773979090629,0.6603577643218804,0.6886677319048355,1.2709229215350522,0.8447435459481755,14730,9822,2026-02
1771038000.0,3,0.009828299118933535,0.016872273600740003,0.4930154810489659,0.49435982657021343,0.5839630485782809,1.2436085866081725,0.9620834049234502,10794,8182,2026-02
1771041600.0,4,0.004645287108924843,0.004403585883120779,0.5181539966836326,0.45609132066421604,0.5742589730644392,1.6619262982359881,1.2702952258461029,14149,8587,2026-02
1771045200.0,5,0.000506691095312695,0.0007052133847745237,0.45459266497950906,0.4667487936639624,0.5390119591115513,1.4131749132764881,1.3670499622724435,11153,9593,2026-02
1771048800.0,6,0.0014979094182899907,0.011983344188042745,0.46918357483852463,0.46678747374496743,0.5568469360925491,1.6021548320177568,1.410970101469593,13065,10134,2026-02
1771052400.0,7,0.012130904179613001,0.02358315038138042,0.5945408501101199,0.569816677386109,0.6501685605584431,1.7307835629442985,1.7517117088456182,18099,16139,2026-02
1771056000.0,8,0.024488102452671114,0.0336625481409995,0.732386940088928,0.7737942956351185,0.813435146671724,2.1112861948026715,1.5395913387236122,36448,33148,2026-02
1771059600.0,9,0.012121299224309427,0.015017632946965636,0.6163958204509277,0.6906772339056984,0.7245458517652618,1.8033655216095466,1.4059480328027245,18097,19190,2026-02
1771063200.0,10,0.005741229692480265,0.010326092836452376,0.4734333386009033,0.5290945333407756,0.5676937278483228,1.5436121729705141,1.3436124950812438,10958,11491,2026-02
1771066800.0,11,0.026955289270218816,0.03370089732451211,0.7878254037953052,0.7343509577356948,0.8224680630362845,2.0579857719241055,1.8587097937179817,42907,34595,2026-02
1771070400.0,12,0.022557285575000727,0.011336136858368612,0.7226180254635577,0.8012529184659322,0.818799062959003,2.00783716194159,2.106438896111784,33165,43424,2026-02
1771074000.0,13,0.026087227545257854,0.01695013665367793,0.8064282005686796,0.8460388411104975,0.8792322646680915,1.969484052035912,1.6668213298575116,52273,51098,2026-02
1771077600.0,14,0.020972253335876444,0.01416758279706612,0.7555772667328139,0.7630309868373142,0.792567608951787,2.1250198414889327,1.537994052623227,36229,27038,2026-02
1771081200.0,15,0.01530510596734605,0.012652943576818027,0.6819606367497082,0.6813805825992378,0.7199501987209299,1.9546973118534914,1.8222847728406824,24875,23467,2026-02
1771084800.0,16,0.020866009443131578,0.01332764392166042,0.7611880280728549,0.7582423435030229,0.7928610485874865,2.1045159850635335,1.7421572934961471,37444,29657,2026-02
1771088400.0,17,0.009767746141780317,0.008080745452335416,0.767025516657262,0.7444076050417421,0.7973468685852385,1.6015508227078943,1.4157010394796172,29266,21812,2026-02
1771092000.0,18,0.00793741186841335,0.008163259005718992,0.6514982016181556,0.7100005803902362,0.7316763919560124,1.2259104570804094,0.9078346046132919,14356,12629,2026-02
1771095600.0,19,0.00618480910082222,0.023378071275512446,0.6582027435209293,0.7722543788649676,0.8194281986187371,1.1325253174202754,0.8810991341428736,15288,19568,2026-02
1771099200.0,20,0.007779298402454615,0.01439868280891228,0.6859800479862689,0.7088521418470077,0.7607775548637558,0.9999141700006041,0.8308378153938949,13499,13116,2026-02
1771102800.0,21,0.014174045292017904,0.01939017793366108,0.7332865344808398,0.805566345999337,0.838692701230834,1.0052347936893244,0.9506792164008125,18016,22489,2026-02
1771106400.0,22,0.010050029902096167,0.014709703854737417,0.7034353737572155,0.7909949398999889,0.8248876411094389,0.8819503346052296,0.7211629558556008,13415,15798,2026-02
1771110000.0,23,0.011985787418544358,0.011650863804145135,0.6691138065930197,0.7580714403172485,0.7898685996166149,0.8810460430756389,0.8190303845448917,11961,14594,2026-02
1771113600.0,0,0.008858843553305629,0.009753591211201843,0.6502965761774494,0.752140218515155,0.7722996223718979,1.0663584879169148,0.9474185110293131,13183,15450,2026-02
1771117200.0,1,0.025574228938155905,0.010259504117283508,0.6906462897327752,0.801243539624535,0.8310730844156576,1.1477477377610386,0.9036669098440855,16993,19681,2026-02
1771120800.0,2,0.0066235737505124116,0.006869753113645481,0.6486384603998054,0.7419673417535744,0.7749706109704134,1.2168084061177251,1.0638110504602714,14607,17584,2026-02
1771124400.0,3,0.018730125960228185,0.021398296991808896,0.7865775226459979,0.7760111304997005,0.8395436205540234,1.3445412715758795,1.2384135731537678,30751,25983,2026-02
1771128000.0,4,0.01606644543475778,0.02034316690866742,0.8237300211397475,0.8122176573616356,0.8660519501842375,1.6477206405971885,1.4557232879405917,44600,40301,2026-02
1771131600.0,5,0.00788261890463482,0.015336186912930998,0.7156464708057283,0.720620270089158,0.7535165487915937,1.3139200500466395,1.1441212223631592,18870,16923,2026-02
1771135200.0,6,0.008376322461702949,0.021715203633613955,0.649272131023196,0.6840674122413827,0.7079631246950098,1.3452625217180487,1.2979117325263352,15138,16941,2026-02
1771138800.0,7,0.01534899979398298,0.020268432246660147,0.8114460931820231,0.8099099736274301,0.8592521627244715,1.6347296339693163,1.7989530275932692,43039,44090,2026-02
1771142400.0,8,0.012018891993808643,0.021081297889170566,0.7420931126882266,0.8218595809815917,0.8521565789587601,1.7172173502790686,1.5420394815884728,29933,42067,2026-02
1771146000.0,9,0.011845110505609213,0.01339813434635488,0.6577837607657742,0.7344338704900936,0.7533531227767695,1.3840044979004582,1.3783709586617452,16065,20324,2026-02
1771149600.0,10,0.008584526111552403,0.019567525799308837,0.6188959087576286,0.687105883568504,0.7196631681902075,1.393719236593222,1.3895442865242182,16268,19031,2026-02
1771153200.0,11,0.006669016520862876,0.009242771397107873,0.541373212330779,0.6001087659166608,0.6136735991007497,1.4481442988678992,1.4536701980937683,13096,13705,2026-02
1771156800.0,12,0.03175917451538826,0.03217357372208063,0.7032784107913749,0.8031045591266947,0.8402798564828007,1.640032323854825,1.6136552786326614,27269,38740,2026-02
1771160400.0,13,0.03431213346161038,0.013169354768040077,0.7819292058280971,0.8301536537554074,0.8627835894207676,2.161877470794355,1.707224512015672,48071,46512,2026-02
1771164000.0,14,0.01287851770051924,0.011943309642388496,0.7291583350132949,0.7575887150156181,0.7832164016786767,1.6565581190349812,1.3800777172977607,26565,23429,2026-02
1771167600.0,15,0.012791198025665067,0.013503470261486286,0.6717713193848072,0.7687444741381364,0.7908727364563248,1.5244093231711406,1.2762117577750676,20076,22914,2026-02
1771171200.0,16,0.01378670532590628,0.010717584288242751,0.7350162059308138,0.8028901939157639,0.8309642726575716,1.594947874439903,1.023585232581638,28696,23673,2026-02
1771174800.0,17,0.03471543788691307,0.0260846399965716,0.7611452317074386,0.842819115691456,0.8912924206234082,1.3427481963849537,1.0452249604733423,35497,37641,2026-02
1771178400.0,18,0.01266460522065902,0.014005494043984268,0.8242482395697714,0.872194975575432,0.8911654053461743,1.6251795573315262,1.1024862990088993,41646,37384,2026-02
1771182000.0,19,0.03418961982252382,0.01243967702782986,0.8178964564569172,0.8724431559265611,0.9087673925920124,1.3794370074287445,1.0136424405644826,52219,40930,2026-02
1771185600.0,20,0.012073017996667096,0.012959214516478112,0.7861564317037575,0.8027759439898549,0.8317613534934968,0.9321762860994899,0.69438064151786,18874,15445,2026-02
1771189200.0,21,0.00515496923086322,0.021813550300221973,0.7519947555863747,0.771886430204454,0.805903326596884,1.0315007098381155,0.6861147995097578,16941,14548,2026-02
1771192800.0,22,0.0025228514841951627,0.0196611826533644,0.6873568860451428,0.778852006317571,0.8067898863500232,0.9933215312542134,0.7626920152068707,13749,15581,2026-02
1771196400.0,23,0.011381746096990324,0.006862584836407873,0.739953228128526,0.8585422965931626,0.8824413938053454,1.2066037877899038,0.7597864276301971,24200,24695,2026-02
1771200000.0,0,0.005881710299076772,0.010106606536630048,0.7051041448372891,0.8183983709144093,0.8504998343342316,1.1571326295025126,0.8021898939488306,17982,20288,2026-02
1771203600.0,1,0.005190260256739231,0.017000460411803538,0.6733636492827091,0.8275715569451194,0.8502662600198373,1.1070518078936202,0.7893456317671663,14329,20353,2026-02
1771207200.0,2,0.009055154813684432,0.011297515089602243,0.7051945956827568,0.7793738852409713,0.797185239783585,1.3997009807601066,1.1627691445452195,20901,21198,2026-02
1771210800.0,3,0.011641525978707568,0.010339623367304762,0.6675355811596636,0.7004768546090646,0.7215743427223682,1.3883615211231066,1.1311964018278726,17318,14924,2026-02
1771214400.0,4,0.006527270665921809,0.017222561054241626,0.6626359991003257,0.629867716304728,0.6937039430186523,1.3753495668847013,1.101519240445797,16277,11842,2026-02
1771218000.0,5,0.014978586054017596,0.02172042695054497,0.5513037455476367,0.6848464927717566,0.713119165924614,1.4535952329314934,1.2107867468128772,13271,16065,2026-02
1771221600.0,6,0.011393978707037856,0.012654536747019081,0.5396188502430759,0.6155276893147508,0.6582758127041927,1.5202999725238995,0.8723026918603503,13318,9665,2026-02
1771225200.0,7,0.014648471371729517,0.015432562869505817,0.5796982501630904,0.6482169906208378,0.6804874162345996,1.8757909980589091,1.1486721394603414,17739,13733,2026-02
1771228800.0,8,0.0012041113937677028,0.008578099867285171,0.5694102217982878,0.6055114465779671,0.6875635611083397,1.4313021233830565,0.8958676745868254,14179,12034,2026-02
1771232400.0,9,0.008643292873367254,0.006109358898524892,0.6477053728749778,0.6528585193660658,0.7364283403993807,1.4472376545433727,1.0850805174924185,18437,15997,2026-02
1771236000.0,10,0.0008501724287862245,0.0010850173603063422,0.5869107596389282,0.6622645190771885,0.7045816922159573,1.4363284232845015,1.058717870818002,14826,14332,2026-02
1771239600.0,11,7.300608552248369e-05,0.0010316189432079774,0.6841585632546789,0.6849129580147312,0.7513914849703609,1.8372508584156202,1.3812287722447947,24725,22425,2026-02
1771243200.0,12,0.021691851034844,0.03177144015647552,0.7847631403237834,0.7250159377518852,0.8196614163905296,2.9375594579770223,2.830418525508351,60877,50137,2026-02
1771246800.0,13,0.026950588496809785,0.022385845351765188,0.8251722747629002,0.8967698890695867,0.9078641642145701,1.9327618700329554,2.1834633033648205,63542,90788,2026-02
1771250400.0,14,0.010809366176692441,0.015343477213213145,0.8189851186611606,0.8989235257495595,0.9123769865438119,1.7093008504978628,1.5244042981661685,42602,64703,2026-02
1771254000.0,15,0.03252074068328681,0.030140439504122374,0.8190431368276084,0.8895770481661842,0.9412903628394548,1.5613889244783816,1.2302385624341987,66749,83439,2026-02
1771257600.0,16,0.010951443354946267,0.015431918635950358,0.7646562764135731,0.8547727584333097,0.8833239388694525,2.039404244275594,1.3190296207836314,38038,44594,2026-02
1771261200.0,17,0.013264711701361086,0.010116918453470023,0.7169823382450653,0.810582882803153,0.8357818045428644,1.6925515311594554,1.1435100089242296,24181,25087,2026-02
1771264800.0,18,0.004956857409733164,0.01485791568438031,0.7367105855300846,0.803841840421983,0.8359149369616466,1.273738450085932,0.9582234101533087,18643,22509,2026-02
1771268400.0,19,0.0038845594904965805,0.0067046145762875275,0.7156974961031424,0.7365525161322577,0.7662228688877991,1.1770477040253136,0.7430838560508606,16536,11837,2026-02
1771272000.0,20,0.01346953260704809,0.014790226455017166,0.8251337804512607,0.7624881807571257,0.843039240189079,1.1613106104016757,0.7390479840160955,27001,14849,2026-02
1771275600.0,21,0.011229442514166712,0.01542826265104378,0.831175118708119,0.8195382889460491,0.8658209632268821,1.0760103931794431,0.7282000157643155,27940,21327,2026-02
1771279200.0,22,0.011289140469613542,0.008247752542890154,0.7886150928245879,0.8233411371714019,0.8600713979332568,1.1155195970692602,0.8346503544160762,22329,22397,2026-02
1771282800.0,23,0.004997699170489154,0.01262998835551167,0.7786997170060808,0.7842643224350486,0.8259619083793874,1.005111587846987,0.6922431639320762,18562,15505,2026-02
1771286400.0,0,0.015148892496647012,0.005080120546521428,0.6779821598427026,0.8151825193627268,0.850088146981431,1.737208207914231,0.7622409687569517,28734,19169,2026-02
1771290000.0,1,0.02024436384536002,0.011108055543681288,0.6477713819372526,0.8082766644273727,0.8472917622910328,1.4301652026819551,0.7940962213750714,20481,19975,2026-02
1771293600.0,2,0.020075684505138254,0.02417452690818737,0.7676803953847995,0.8239572351110865,0.8718350451195344,1.4140367910046596,0.8303590649871955,30358,27220,2026-02
1771297200.0,3,0.007601357362569732,0.007687442802643308,0.7026818709407274,0.7985226375153112,0.8230320016283148,1.4630496378352866,0.8495221415561254,19245,18162,2026-02
1771300800.0,4,0.0097965452828205,0.01089319737311456,0.6725291679419605,0.7420381583042429,0.7692082784175589,1.405726900598475,0.9041821813079151,17541,14744,2026-02
1771304400.0,5,0.018396450968988648,0.02067903766226785,0.7459478092823059,0.821782940670019,0.857005129351936,1.36758571047069,0.9993823721922438,24975,27718,2026-02
1771308000.0,6,0.007937204666771912,0.01365745010446848,0.6352659198901174,0.7331755781241003,0.7571260121459712,1.2405869781949919,0.8370190214561916,13626,13188,2026-02
1771311600.0,7,0.004514770879418333,0.016591981996067366,0.6226621604476713,0.8174065362083682,0.8402995711832902,1.6135933905073567,0.7859205789204461,17270,19425,2026-02
1771315200.0,8,0.009465082911380023,0.009228804461415847,0.6264392405167765,0.7558235493849966,0.7937581369066447,1.2873776372522483,0.7870742198172039,14383,14492,2026-02
1771318800.0,9,0.0011676655989725584,0.022267057208472017,0.6846443373926501,0.7403712708554567,0.7695093851127957,1.3217089607934314,0.9313601996995056,16196,15789,2026-02
1771322400.0,10,0.01537618991464243,0.015548132370235786,0.7317438068747202,0.7984453768277423,0.8223321759985285,1.376726549981984,1.006001730751602,22057,22285,2026-02
1771326000.0,11,0.015743020967170826,0.011898552577443483,0.7344402850729749,0.7188757023780442,0.7620233547983193,1.4661578092942893,1.0559134724514982,22395,15857,2026-02
1771329600.0,12,0.017461317951812518,0.009618987413917396,0.7641128120126216,0.7182221663858438,0.7752818622732938,1.5562505505101378,1.3563652444226917,26030,20116,2026-02
1771333200.0,13,0.023261712780453317,0.017249130563459374,0.7992311379138086,0.7901447586082755,0.8314596965066541,1.4854616037562376,1.329867061863352,32609,28639,2026-02
1771336800.0,14,0.04753289938928926,0.030526714731686697,0.8070448363951271,0.8645608242156964,0.9176593714323482,1.535957263377917,1.3484786071793606,72230,78309,2026-02
1771340400.0,15,0.04152739028375423,0.012536546863341934,0.7913386267995124,0.8141941759975191,0.8676739717705327,3.0094906717666823,2.7137989494316423,81623,73270,2026-02
1771344000.0,16,0.019074627721445185,0.025192017108815006,0.8586244821403703,0.8553564218204083,0.91976300963489,1.5638638916201428,1.2856573999396639,60020,59102,2026-02
1771347600.0,17,0.009096765982881944,0.019875271723154418,0.8214125742800903,0.8644515361021814,0.8975020105655956,1.5499459617712184,1.1476089559661378,40385,46719,2026-02
1771351200.0,18,0.007734869914606282,0.01945474993326475,0.8611701853562406,0.8281229566759041,0.8823762802074814,1.2627146855914102,1.1167425401237447,40741,34652,2026-02
1771354800.0,19,0.007612974352160647,0.008165731700862284,0.8481424823094791,0.8422330190393297,0.8781843118702722,1.0356169897271463,0.962164706568406,30466,28976,2026-02
1771358400.0,20,0.008986073138588842,0.007372112432727646,0.8205240334450425,0.8445761498508917,0.8682112645980137,1.018791837579518,0.8566895589229625,24173,25036,2026-02
1771362000.0,21,0.010580030891896302,0.015306469848690654,0.7293856534582669,0.780730016649316,0.8178689329297527,0.8387903730675454,0.6554679311778958,12938,14015,2026-02
1771365600.0,22,0.006086401375710255,0.016936288582164855,0.6726246274956219,0.7084263789292781,0.753135435534346,0.8056945430933141,0.661850027082658,10003,10257,2026-02
1771369200.0,23,0.011366573863508148,0.010318568744761947,0.7229242188652908,0.7803638347199449,0.8168806534300921,0.9156127656381028,0.6343091079563474,14608,13177,2026-02
1771372800.0,0,0.016922034414382597,0.010893451069318221,0.5894301392178327,0.7329787343569651,0.7733416493024181,1.4199096945769956,0.8005657328333281,15902,13369,2026-02
1771376400.0,1,0.019306180392621133,0.012925119866143938,0.6931819930672439,0.8157473279186803,0.8388309403820597,1.606756700279169,0.9002019706858276,22263,21511,2026-02
1771380000.0,2,0.008220769125423513,0.01399005999096435,0.6677815671508968,0.7153466100762934,0.7459793650231261,1.3478702873355983,0.8738398844763245,17057,13453,2026-02
1771383600.0,3,0.007146447136944652,0.025396169853715914,0.6595221984064272,0.6636714421891221,0.7085880259388303,1.1547983620225772,0.9558912005111411,14064,12311,2026-02
1771387200.0,4,0.0128844818312506,0.022758371210538864,0.6690582870915418,0.677929008754869,0.7291998837868181,1.0199317889920265,0.917652012918402,13126,12714,2026-02
1771390800.0,5,0.00829846225345478,0.017973675436781883,0.6761599572842703,0.7323963811258056,0.7591964081310318,0.9377446683996256,0.9215190051008376,11885,14597,2026-02
1771394400.0,6,0.009282479886893923,0.03246413679526071,0.6357963313981493,0.5889673025119361,0.671218792353851,1.054625412155465,1.0740055983974273,11619,11622,2026-02
1771398000.0,7,0.016002811465671448,0.022044719710042737,0.6875559527522099,0.678304829733401,0.7288351253129629,1.4315945617866412,1.0764734940089444,18647,14566,2026-02
1771401600.0,8,0.007180268684322596,0.019692802074585562,0.7219021784579255,0.7168529624952409,0.7710382186131424,1.4488856763787215,1.1919458559549048,22696,18972,2026-02
1771405200.0,9,0.008403569479827603,0.014119359358972277,0.6024655464119146,0.6298298996943076,0.6738375007811719,1.5656888603983738,1.160972932381742,17237,12963,2026-02
1771408800.0,10,0.01597849708329355,0.009771075216135947,0.7243439084683994,0.7438549272653833,0.7732643301169736,1.282313670211661,1.022686757372041,19650,16568,2026-02
1771412400.0,11,0.02919597392159145,0.019499875945473557,0.7549550587511756,0.839587933286699,0.8668682438462081,1.455183296921906,1.1670565884226525,31278,34888,2026-02
1771416000.0,12,0.012441268760161375,0.015855933111286774,0.7415866324992955,0.7791669920718748,0.8063318339905673,1.462846212409728,1.1555593637572383,24114,22875,2026-02
1771419600.0,13,0.017387275881426318,0.013694424225018355,0.7265671045522575,0.7768634227450643,0.8025760774236744,1.5346604282671745,1.1109091352989462,24944,21397,2026-02
1771423200.0,14,0.02978935996957463,0.023617073029172177,0.8460887883414369,0.8668780374409334,0.9140963166382121,1.6527912170999872,1.2539555384515162,61423,54508,2026-02
1771426800.0,15,0.022759180400150337,0.02642092189000797,0.8220696795650214,0.7999901734923445,0.8795786441354401,2.2808792291819,2.118502805612697,67628,61237,2026-02
1771430400.0,16,0.018160523885568238,0.016236697691137343,0.806206092084449,0.8618530634556985,0.8905064515320821,1.898553754350509,1.354169741748934,48568,50499,2026-02
1771434000.0,17,0.020858901149396897,0.016467283807951816,0.8185446670996224,0.8278969639067956,0.8679652495245728,1.3702294207308396,0.9944980219757801,35037,28139,2026-02
1771437600.0,18,0.030379918671864237,0.014717963103195527,0.789073151479639,0.8819547416900757,0.9229467906246128,1.7556241262997394,0.9184142863434693,47297,48772,2026-02
1771441200.0,19,0.02516317366975008,0.0032827255761037188,0.8015616280014026,0.9136318818598633,0.9336632866444804,1.6982852824243497,1.0859119539270337,50854,59932,2026-02
1771444800.0,20,0.00841511782298246,0.005849214817570509,0.799317020152689,0.8253432471591453,0.8373556857246944,1.3314395635391012,1.7512861148176146,28776,38925,2026-02
1771448400.0,21,0.012858954883896311,0.014001037975609008,0.7506417760083295,0.8715776308616553,0.8867982961078891,1.0733170758422592,0.6672918789906667,19279,23629,2026-02
1771452000.0,22,0.013395823124141967,0.013807856052820653,0.6472144188959399,0.7330671781468513,0.7688036838681708,1.0695898339123888,0.7595311853068016,12774,12383,2026-02
1771455600.0,23,0.0121639964257525,0.018858190712419353,0.6604668625638126,0.7719507981998387,0.7980834214911136,1.060937248034275,0.6692796339840946,13423,13131,2026-02
1771459200.0,0,0.009501879644010948,0.007618849041721115,0.6116563097541442,0.7237358307960597,0.7689356942135547,1.332237784484167,0.7477373165791911,13981,12010,2026-02
1771462800.0,1,0.005497064660060954,0.009169527634314972,0.7140341197656577,0.7262021967734025,0.7627830394673812,1.3200668099214001,0.8903890578333,18573,15795,2026-02
1771466400.0,2,0.01014674317425862,0.016358162185171374,0.6640782622143055,0.7716726049044488,0.7994034937563921,1.2106484280214873,0.8945173245695146,14516,17072,2026-02
1771470000.0,3,0.012884609778613247,0.017735286478373653,0.5665551689849938,0.6462389116688827,0.6724948831612554,1.3496819985079793,1.0790427737127406,12625,12462,2026-02
1771473600.0,4,0.02333357296009074,0.010881097941749,0.6618003357521516,0.6514721534047756,0.696102469382487,1.7145403980700833,1.2292455635818997,20410,14417,2026-02
1771477200.0,5,0.009564348410752339,0.018307012449290363,0.6716450580037636,0.6119327373277199,0.6984976375612947,1.5575651858354087,1.3114831408783016,18831,14628,2026-02
1771480800.0,6,0.012363366299420154,0.015114565491446566,0.7513945169129569,0.6709939285050781,0.7675380799606171,1.553130107706891,1.267086195485433,24638,16477,2026-02
1771484400.0,7,0.01321132246874725,0.016616943813693903,0.6562352065237375,0.6563414548760601,0.6927485123933568,1.5924790872019157,1.4209522100792744,18143,17101,2026-02
1771488000.0,8,0.011343790283797695,0.007432994103787536,0.7657215437575658,0.7654720023287718,0.795076456982069,1.5137426611294302,1.236836280278748,26134,21953,2026-02
1771491600.0,9,0.007936766883496437,0.011849524580609637,0.7463761763447192,0.7449995350839761,0.7881592832012697,1.4235232169154004,1.1870611601356063,24043,20847,2026-02
1771495200.0,10,0.014039097909440985,0.016456574504749452,0.6690114737288702,0.704844194901761,0.7330732822519025,1.6995829000591414,1.3735779082535677,21047,19390,2026-02
1771498800.0,11,0.021716317043820762,0.022266797123819654,0.6264752863784867,0.7900481111394945,0.8147809419494191,1.4577688643866238,0.9432026361706121,16887,19944,2026-02
1771502400.0,12,0.014079390161796544,0.013785785359060231,0.6926900641907322,0.7804978568174001,0.8068383525654161,1.6697273768544774,1.1545404340307377,22803,23030,2026-02
1771506000.0,13,0.018945374611600164,0.02061723154319914,0.742649172601344,0.8898549025145157,0.9207140803249908,2.2247982723804367,1.3089386004340304,40662,64087,2026-02
1771509600.0,14,0.018247110611114163,0.017606029506099765,0.8350450173662896,0.8877326831936111,0.9231833976577362,2.186403985773411,1.4242785649792418,65229,74081,2026-02
1771513200.0,15,0.011283432631509122,0.022513586019359072,0.8475993422520305,0.8848938006358807,0.9100640443168158,1.8470305490218029,1.497111473416739,53906,66028,2026-02
1771516800.0,16,0.00804971268632757,0.00965784084098399,0.8127389967686627,0.8740126345279706,0.8912574391283948,1.9246061363897928,1.3847908417697192,44950,49163,2026-02
1771520400.0,17,0.011822791488515833,0.01941508443911346,0.8425099738064219,0.871476611626713,0.9027715179229557,1.7662384170488636,1.3127360543057354,45779,53419,2026-02
1771524000.0,18,0.008536446305465989,0.009812926186170244,0.8557843311134228,0.868065789983732,0.8872372147493502,1.5413474413949377,1.3392579192950735,43633,44754,2026-02
1771527600.0,19,0.0076399769050815155,0.01410983025293398,0.8177372908656726,0.8798627355083504,0.8966672902501062,1.3803352957126684,0.98220643203401,31492,37488,2026-02
1771531200.0,20,0.008599034150352314,0.009857652835226504,0.798966464204382,0.8546344877050864,0.8759172669317635,1.1032367975233321,0.8153036532232948,23055,25263,2026-02
1771534800.0,21,0.009500228496440367,0.008758938189479986,0.7501438644523541,0.7978836526329774,0.8257915915357302,0.9233270279719802,0.6826592632387385,14769,14848,2026-02
1771538400.0,22,0.009041844719976523,0.008054512170046439,0.7811220999074638,0.8468417720036634,0.8620757536719559,1.1558779017467984,0.6649425338481553,22803,18956,2026-02
1771542000.0,23,0.003192293922003397,0.010658147095435373,0.6803652811040841,0.8187182924371329,0.850544025944067,1.0523047369753988,0.5655408112469671,14382,14728,2026-02
1771545600.0,0,0.008663285011041286,0.024717857796382282,0.7626294092135761,0.8254734654180973,0.859016609820411,1.2951165379528304,0.8855670710883826,22909,26162,2026-02
1771549200.0,1,0.010340171792105564,0.01678028607902186,0.6377944149740188,0.7791969938110475,0.8037843107924958,1.2464355900423973,0.9043873837729143,13655,17837,2026-02
1771552800.0,2,0.0075606295183263655,0.013653162611037486,0.5086134533549749,0.7169279445876015,0.737269877094227,1.083539068003526,0.8239414437747207,9033,11740,2026-02
1771556400.0,3,0.006899778402804096,0.016791966752121024,0.6160697409549183,0.7281384895850388,0.7465952864532466,1.1972205653145283,0.9049954749382069,12386,13767,2026-02
1771560000.0,4,0.01054812501309164,0.014080864357004756,0.5863495852006042,0.7518858915319617,0.7752002396740684,1.3268718983931127,1.053360158723324,13053,17701,2026-02
1771563600.0,5,0.014104048893460704,0.04001942493863816,0.7589057146337378,0.7194761145453064,0.7919703923655299,1.3860309861715048,1.7124393487694702,24681,27472,2026-02
1771567200.0,6,0.013452838912376041,0.03191418060509078,0.6196244210068597,0.7158554661730723,0.7327073082066101,1.481857276994341,1.424489961795227,15207,20722,2026-02
1771570800.0,7,0.013961317719591937,0.02309609929891068,0.5695147499283695,0.6815023046222949,0.712802328831571,1.544297114323441,1.1500392888378546,14265,15492,2026-02
1771574400.0,8,0.0037429940727123786,0.018940203171947667,0.5533675511479361,0.6839072884715204,0.7121355189925436,1.2704287679691717,1.1159928473395595,11071,14652,2026-02
1771578000.0,9,0.0033711676312401227,0.03612645227024783,0.767925643425694,0.8505243509985547,0.8697752049177757,1.3238128828808646,1.3314431476992292,22275,40274,2026-02
1771581600.0,10,0.008195648593551002,0.0264276262904716,0.7062113396181374,0.8599663261413152,0.8692922132755676,1.332906933390996,1.3149062651476469,18930,40195,2026-02
1771585200.0,11,0.015230966753924201,0.022789662803055003,0.7324965080844754,0.823638210894008,0.8415296810615822,1.6069445483262161,1.3442522110993553,26120,33945,2026-02
1771588800.0,12,0.01775680468854688,0.015925086201247284,0.7282519638797602,0.7649745744190918,0.7909720266943763,1.5283353599740124,1.0870737740326593,22604,20247,2026-02
1771592400.0,13,0.021290544354255144,0.019815079338443745,0.8555318948919505,0.9032845502087038,0.9303425078470787,1.7944092726716396,1.5799473413427947,78796,79327,2026-02
1771596000.0,14,0.02501544386402444,0.007439662076498389,0.8750377069927986,0.8678805846898254,0.9145145523375869,1.6439320277575462,1.608142704633631,74886,55795,2026-02
1771599600.0,15,0.016046414631112,0.01859856963850568,0.8543044620180283,0.8854307168506586,0.934926830561607,1.7056684486500748,1.1246341594992126,111419,112621,2026-02
1771603200.0,16,0.013291219924410671,0.015542753662106504,0.8414320913877674,0.8504167159416609,0.884632078620792,1.8002417370998995,1.7948068207313608,55646,59897,2026-02
1771606800.0,17,0.019309911527060953,0.00996285935364213,0.8809145125023865,0.8905073348051505,0.9225076062891653,1.8083131478632173,1.57975237169478,81408,75409,2026-02
1771610400.0,18,0.016698101264167813,0.01742124875195945,0.8777484350379645,0.8843912056512596,0.9206953933943466,1.4898023780613197,1.131672083761279,59523,51158,2026-02
1771614000.0,19,0.018520864891001437,0.011483078350908511,0.8035298199725834,0.8155267684624341,0.8547556826939963,1.417043978423747,1.0580717300815028,32984,28573,2026-02
1771617600.0,20,0.004124503604643162,0.006388322909185238,0.7752533250654707,0.7842952447905259,0.8253422905855788,1.1296338473710734,0.926849710390231,19764,19935,2026-02
1771621200.0,21,0.004768774589476819,0.030920260375005903,0.6908400310753341,0.6938459866529582,0.7333427429689164,1.0460306489436293,0.9204983044425272,13602,13530,2026-02
1771624800.0,22,0.008169057222992535,0.017724471961299587,0.7565665536052171,0.8052894516854998,0.8442133025633934,1.2905215447030756,0.7853086668708839,22450,20194,2026-02
1771628400.0,23,0.00811689850382518,0.022815944899029186,0.7053323324516745,0.7695764293718403,0.802943696798858,1.0405366089872912,0.7982021451230608,14258,16122,2026-02
1771632000.0,0,0.005187410215368066,0.0061513576712508644,0.5631473677963728,0.6783999910739351,0.6831290244574425,1.6421834986300912,1.2362161321353742,14300,14372,2026-02
1771635600.0,1,0.004026707607770763,0.024822770475643508,0.48257758464573847,0.49798226845741156,0.5388698918607591,1.2161253215854562,1.107443780914782,9117,9092,2026-02
1771639200.0,2,0.0014615398439630624,0.003364615595032259,0.5435671666251753,0.5053806175060864,0.5727233836344627,1.2696785163885902,1.0680891982015404,10740,8308,2026-02
1771642800.0,3,0.022386881127498193,0.01530705209687936,0.5927278853495007,0.7112352717923168,0.7284070010692134,1.4924632069767325,1.4026869894928136,15697,19359,2026-02
1771646400.0,4,0.008744427574970865,0.015005356570341737,0.4642822475169512,0.5498271578365892,0.5725090679045669,1.5296715167236836,1.195250612736994,11345,10444,2026-02
1771650000.0,5,0.01786925906913059,0.019787517311109133,0.3482484694372473,0.46661347337467574,0.49874966505627055,1.5073984338823423,1.0816848174939417,9031,8097,2026-02
1771653600.0,6,0.010436550360939642,0.01665670799215528,0.339422106765137,0.49521390081066413,0.5159214928910241,1.4880507957548903,1.308909268535438,8859,10002,2026-02
1771657200.0,7,0.0015399716997170818,0.04260401993785556,0.262405890839273,0.30227443805526444,0.3388494507299571,1.361325380142601,1.3572817241312294,7351,7642,2026-02
1771660800.0,8,0.0028783756132259725,0.019801926431328526,0.49288479317528294,0.4661019800088392,0.528473668627723,1.3838392707210305,1.419707586984968,10594,10699,2026-02
1771664400.0,9,0.013015498973489525,0.03378234849884214,0.6409427702605156,0.6045299911716832,0.6671928153027694,1.4584742511598967,1.4633264680461249,15783,15683,2026-02
1771668000.0,10,0.00344595342619954,0.01842033516867635,0.538007339406295,0.4825960988215618,0.5479448064465177,1.425224319990622,1.2186706263696365,11357,9287,2026-02
1771671600.0,11,0.007349386222189719,0.014000336554436893,0.5453138004230399,0.5799080202976289,0.6050893845012191,1.3365819571563826,1.294830177582594,11405,12136,2026-02
1771675200.0,12,0.012601256074276562,0.019034060207734765,0.5536405089084915,0.5487309613168797,0.5822126190582703,1.447175955089468,1.2483431793160251,12230,11054,2026-02
1771678800.0,13,0.018288250527068357,0.021398837074673945,0.4493490172693025,0.42297812435049,0.4993541121356364,1.5971633004185422,1.4724737113434665,11146,10807,2026-02
1771682400.0,14,0.0190049404782422,0.02646001000557515,0.7363800538918747,0.7091009691808365,0.7762816022707851,1.7019784182798454,1.6597568325317378,27505,26272,2026-02
1771686000.0,15,0.013230629452159413,0.019948027431101426,0.6531497990344605,0.6142110890659107,0.678852549307093,1.6364640527491328,1.5257192369506427,18420,16754,2026-02
1771689600.0,16,0.01867263291856718,0.018777671828424682,0.6859195233472092,0.7389578579715106,0.764085152755773,1.7711821544245316,1.5559300305134667,24185,24789,2026-02
1771693200.0,17,0.010467561739229652,0.024994022375946803,0.5880511054478298,0.6039566440394958,0.651449670609447,1.4301536976430091,1.334071618566779,13734,14508,2026-02
1771696800.0,18,0.010581521993845204,0.020693683002615773,0.6626239669363394,0.6325890220408343,0.6848080756240028,1.1422194154355516,1.1014396261946995,13069,12784,2026-02
1771700400.0,19,0.0029189725322353102,0.012573705773523458,0.559202007246195,0.6165985932312021,0.6438747531748794,0.9486427431675017,1.0012677749897827,8238,10530,2026-02
1771704000.0,20,0.02169090936309638,0.014874016091467927,0.6557072355983616,0.7164028473675706,0.748779376132137,0.8621833429878659,0.8945312880251262,10622,13213,2026-02
1771707600.0,21,0.00915477088158837,0.027181585598828207,0.6392426916188909,0.6439298214759307,0.68330940564237,0.9345483783634125,0.7228465185797449,10355,8678,2026-02
1771711200.0,22,0.01308369526209882,0.014776773721936153,0.6850985056263755,0.795700392458021,0.8191498652873048,1.0665482434245654,0.841889279415324,14980,17987,2026-02
1771714800.0,23,0.011168593998812136,0.022682204707206163,0.5372888563022705,0.5953090206253201,0.6322763711786566,1.5758957348334766,1.2159541953705828,13335,12610,2026-02
1771718400.0,0,0.013522180088672136,0.020513887320399757,0.5747714622716095,0.6816634760242658,0.7070569909907398,1.6884454409791747,1.064925639655638,16559,14311,2026-02
1771722000.0,1,0.0002530573665228391,0.025127075534449046,0.6010477901222537,0.6353921631496867,0.6520202582524713,1.3235353156732041,0.7967792679774731,12827,9331,2026-02
1771725600.0,2,0.018411757972618573,0.025620528454574746,0.5552801796634842,0.6953939063471759,0.7211575868466704,1.0833583373365654,0.8184036675562625,10275,11367,2026-02
1771729200.0,3,0.011120296486632339,0.019402250287276795,0.6659685015528312,0.6621913058695944,0.7011217495747952,1.0053964626025538,0.9029107941061124,11944,11055,2026-02
1771732800.0,4,0.006216487657785583,0.02322049058072637,0.3672427547567297,0.4537045573731921,0.5111960298748277,1.292894656157089,0.86313716842622,9001,9323,2026-02
1771736400.0,5,0.012755113483449614,0.01795695476124436,0.40582351309257364,0.44752326595771696,0.47800648404346957,1.095186382364568,0.8653170072024897,7041,6152,2026-02
1771740000.0,6,0.012951738543559032,0.020598921953283254,0.5186671433928615,0.5113811044982962,0.5712567722642514,1.1239095431663455,1.0372364603052646,9487,8489,2026-02
1771743600.0,7,0.024444820590706712,0.011139259858637635,0.44624217838432934,0.4333216993661636,0.5072375121951544,1.169771357257399,1.2758566351232645,8880,8593,2026-02
1771747200.0,8,0.020644409774069672,0.01896231950576956,0.39284210647375045,0.48275569394642726,0.5111558068149572,1.2199692778118365,1.0541454944978148,8356,7969,2026-02
1771750800.0,9,0.018647223708131096,0.0057636098934628266,0.5264800165814979,0.3166838736438171,0.6567404757230457,1.1417256690670345,1.0642685479018965,9456,11325,2026-02
1771754400.0,10,0.013648090092191771,0.0224602032232165,0.4194445808407351,0.4210353263177978,0.46367704725513564,1.1509267958446867,1.0154408261943777,7750,6813,2026-02
1771758000.0,11,0.0004664892537268537,0.02001749887717748,0.37826764120903156,0.3609305560383846,0.4319749837207222,1.2590374577682664,1.0010425840870536,7949,6452,2026-02
1771761600.0,12,0.012286264969275184,0.014404698441926028,0.5744544076998288,0.6771714773486697,0.7187245270343914,1.4674272579771432,1.2323904305676165,13545,16409,2026-02
1771765200.0,13,0.023396092153026144,0.019391396072721678,0.6830937140871136,0.7474990335662759,0.7961114310165378,1.5365767941992374,1.2529249025239193,20919,23423,2026-02
1771768800.0,14,0.011623876687193044,0.009502518299230272,0.7253636987422979,0.7631393475397271,0.801444769705678,1.6332609004028849,1.3691702469488427,25281,25948,2026-02
1771772400.0,15,0.009684955833099968,0.01218911629588491,0.7922829066970385,0.7415962535654441,0.8120328146131528,1.6136174242451748,1.2113188363311729,31155,21483,2026-02
1771776000.0,16,0.006526054252730512,0.006984250926981234,0.6589635425041923,0.5823801824239463,0.6955942027816031,1.718088588074314,1.2651813210606728,20661,12419,2026-02
1771779600.0,17,0.019770458207679236,0.012258766636173462,0.7284431816532679,0.7978393420418528,0.8154372518584221,1.6176292240486547,0.9890280588620176,24895,20381,2026-02
1771783200.0,18,0.007455860444808399,0.0077883353774094366,0.7108085695213779,0.6123523857657791,0.7217208488829024,1.3797406944560242,0.9942778634819679,18100,11175,2026-02
1771786800.0,19,0.004854572388362344,0.016183814094549404,0.5607688823377924,0.589702470312091,0.6360351598944706,1.103050536981575,0.7709879011299113,9605,8084,2026-02
1771790400.0,20,0.003723875372586475,0.009110161960733967,0.6687688082531884,0.7033568746787673,0.7315982092177816,0.965188678039477,0.7285559777058753,11531,10164,2026-02
1771794000.0,21,0.0032242812321528185,0.021865620459576216,0.5922122955486784,0.5492209739523515,0.6248077979025031,1.03455892061562,0.681787099491656,9807,6948,2026-02
1771797600.0,22,0.0022417977894012967,0.01557392121619128,0.68849953573202,0.7384884172156743,0.774442345194839,1.0515341878789553,0.7457723037571268,13254,12892,2026-02
1771801200.0,23,0.004099195544272174,0.01076604260399144,0.7089470911713482,0.7758274159009017,0.7986223672693316,1.2590022994367722,0.9186996004005566,17583,17506,2026-02
1771804800.0,0,0.02778727836945964,0.01422898641732901,0.7025507163171736,0.8504612080043674,0.8654444954325247,1.4745600893280177,0.977722325871163,23921,28838,2026-02
1771808400.0,1,0.02140860326952813,0.023425097702888985,0.7948359928655288,0.9511107463687298,0.9882722738170674,1.6984460218842918,0.0018416920715396525,156023,288590,2026-02
1771812000.0,2,0.01949088950093926,0.025770204478380517,0.7004256063613625,0.9293505208271157,0.9374624808151039,3.4036392249939964,1.30123291873533,54181,100838,2026-02
1771815600.0,3,0.017761930832632774,0.01935741120734677,0.6356796291656335,0.8700893117392333,0.8841191099169315,2.6605681198200495,1.1601131410835632,28474,39557,2026-02
1771819200.0,4,0.02284729210569744,0.018797737302231245,0.5377839008893305,0.7719547449056479,0.7883967785607076,2.267331506737219,1.059302201390677,19144,19652,2026-02
1771822800.0,5,0.010861355914555526,0.016396143053042586,0.6769409304817977,0.7976584160593494,0.8152657759248036,2.1658574497479512,1.099198497551843,26153,23769,2026-02
1771826400.0,6,0.017923865720893353,0.02128817162270264,0.7250586989762533,0.7723495082815028,0.7954936805593675,2.075824605640259,1.5333027510801565,30531,30092,2026-02
1771830000.0,7,0.0012199221595032208,0.022228676911667668,0.6587007530382034,0.7707997334905915,0.7881038630095725,2.430245716037162,1.4908438371745065,26972,27921,2026-02
1771833600.0,8,0.017530469265626767,0.01513442010484052,0.67244466807817,0.7659608178867431,0.7820166888043416,1.7538754612279412,1.448237770808279,21982,25048,2026-02
1771837200.0,9,0.014836775498907832,0.02909058406645292,0.7777267704178891,0.7584120707342056,0.8093320318598419,1.8289207640147598,1.5795372615304353,34413,29505,2026-02
1771840800.0,10,0.00979766139989397,0.011747444686478968,0.7282153877782994,0.7417831521366041,0.7635983552257055,1.6953433114398957,1.6637510357167171,25994,25956,2026-02
1771844400.0,11,0.013152244734516474,0.012020819594559102,0.6524512024607868,0.7091219070878597,0.7244151966911458,1.7138473967072636,1.4284503606829315,19803,19304,2026-02
1771848000.0,12,0.014874634238943345,0.016837253111969337,0.7662744103218243,0.7872691454651676,0.8117463660594478,1.7852881706990393,1.4936830671575068,32047,29947,2026-02
1771851600.0,13,0.008751446776780279,0.010642853922370016,0.7477687170108951,0.7869506386205949,0.8050246177503091,1.7893076913225554,1.8080382787213694,29351,34511,2026-02
1771855200.0,14,0.021587437802679528,0.02879542611751008,0.8452439687815168,0.8853568320942452,0.9157251353980042,1.7531774779368972,1.7383118736654106,66661,74988,2026-02
1771858800.0,15,0.022070256552716046,0.024566924969023643,0.8258481075504431,0.8673015638095976,0.9046403900414577,2.558165212963564,1.543068197150595,67741,65055,2026-02
1771862400.0,16,0.01836656028324414,0.01010142080422468,0.8356322200176106,0.8657384279929582,0.893155767189284,2.2329818386267997,1.7610036999367553,66062,63580,2026-02
1771866000.0,17,0.029803701566590887,0.016286306088769915,0.8209184454567025,0.9070475279919472,0.9276085078905942,2.6321469680934877,1.4463121993084105,82696,78827,2026-02
1771869600.0,18,0.01128885451415505,0.02007008226303603,0.806995288768529,0.869487385225192,0.8881504330390508,2.116289111830338,1.3173921518607714,47014,48906,2026-02
1771873200.0,19,0.014260131338727704,0.016938279575849535,0.8340620272765392,0.898459669274242,0.9168914735240562,1.994100404846263,0.9838030804935294,52674,53427,2026-02
1771876800.0,20,0.016284230062482957,0.006959272539081534,0.8222059450578436,0.8851287133452054,0.8997418064694349,2.0241975613167766,1.1278694746796132,55308,44866,2026-02
1771880400.0,21,0.015646200220286996,0.01705941378344716,0.7371176622827682,0.7797063207027205,0.8233578422280069,1.4585676927113076,1.0193348640373368,23591,22703,2026-02
1771884000.0,22,0.0063264653956790935,0.014282170445201942,0.8001326194603665,0.806350841813301,0.8720769589556213,1.3109612466562481,1.0160745041301922,26421,32125,2026-02
1771887600.0,23,0.004595572057042243,0.0127846195916639,0.6737488126926575,0.8191392564674083,0.8415204980976771,1.4423541046654178,0.7110319867505296,16982,17481,2026-02
1771891200.0,0,0.008927968221383628,0.008751658054920291,0.749650010420552,0.7827971919237032,0.8042656324398075,1.4984127326600407,0.9533930411443649,23334,18343,2026-02
1771894800.0,1,0.026063275420907504,0.02554187552319817,0.8656599831488583,0.9096882952503867,0.9451145037740202,1.9033676205736112,1.030118479247458,91986,93004,2026-02
1771898400.0,2,0.013715231266023883,0.00845037081473159,0.816761439326645,0.8845381173677457,0.900753290378419,1.8103063345105492,1.014308950711531,42401,39466,2026-02
1771902000.0,3,0.01818292044283317,0.014146801902509084,0.8342433552026517,0.9027084379024812,0.9209171989882209,2.526503299023532,1.0890023638503632,64027,57631,2026-02
1771905600.0,4,0.023825862143110534,0.02280608994476998,0.7559709748926913,0.9142019247350442,0.9282119365216253,2.7159094317684414,1.3294267714958614,56905,73462,2026-02
1771909200.0,5,0.024081478705244116,0.028263017228171018,0.6944614473974546,0.8726780861628707,0.8944484355692601,2.2701372980724117,1.5709814685432777,39978,66287,2026-02
1771912800.0,6,0.0119991200944585,0.01750514856229003,0.6966811805763712,0.8644210720752344,0.8695077184707141,2.044641826985359,1.442827516707064,27582,42844,2026-02
1771916400.0,7,0.016669914356023868,0.01581106023551769,0.6649141984748499,0.7797750644046882,0.792118222177702,2.5470711604192653,1.6498015570317777,30275,30487,2026-02
1771920000.0,8,0.018856543483683028,0.016459187387304414,0.7222491900158008,0.7852515316659628,0.8000382665159307,2.0685740461823356,1.3201715380673542,29926,25655,2026-02
1771923600.0,9,0.019562840462972488,0.02459592174719212,0.71242892521279,0.8164238962946969,0.8401698247128336,1.8387824634124068,1.2129608921206405,26114,28880,2026-02
1771927200.0,10,0.013669321091277999,0.015864769502942373,0.6469336350843463,0.7486591042805775,0.7605062607425721,1.8645993013726296,1.2979922350590642,20587,20701,2026-02
1771930800.0,11,0.01501276387483372,0.013883677702303577,0.6546870230361762,0.7513419066946463,0.7682526754061128,1.8250292873474245,1.2210113457628589,20733,19932,2026-02
1771934400.0,12,0.02560116236600648,0.017474558987957304,0.6298093070002045,0.7631832776388056,0.7784777313769649,2.0890727061587433,1.388156438531171,22942,23822,2026-02
1771938000.0,13,0.01953626342269682,0.021210575122103333,0.7831830735294681,0.8493062092449537,0.873130204257865,2.666294452895631,1.5433526610072863,58760,50560,2026-02
1771941600.0,14,0.017650412498143656,0.01881036078524589,0.8444665879054729,0.8800719328737919,0.9107351367587379,2.7797745786503745,1.8052159498726816,86365,74830,2026-02
1771945200.0,15,0.02210907523539721,0.01351272703343969,0.848865899252889,0.8922329460751941,0.9209473207968344,2.0110298041953167,1.6768210032803743,69087,81676,2026-02
1771948800.0,16,0.018490938852696974,0.028025793122122767,0.8503118221599588,0.9078580599761907,0.9306329715018482,2.065986631158361,1.8514024078590037,61755,93285,2026-02
1771952400.0,17,0.010284138333192923,0.015645232093525648,0.8128628603667301,0.8440501660190687,0.8700500835609402,1.6269476999346293,1.5280556456917305,38249,43705,2026-02
1771956000.0,18,0.013221872157833197,0.008362714954319606,0.8031637316546137,0.8392401030742619,0.8574344600112259,1.4924966297387587,1.2960926366662637,33089,32719,2026-02
1771959600.0,19,0.009379623124844602,0.01600066729543726,0.8059918999797426,0.8315124437099292,0.853112587616716,1.3210309134733902,1.2320720804552334,29391,31746,2026-02
1771963200.0,20,0.011354464211920493,0.014102832450924212,0.7523016752831354,0.8205610614361271,0.8360036725892707,1.2001269793056664,0.9169977915878327,20274,21228,2026-02
1771966800.0,21,0.014212819020398861,0.008365482635726385,0.8064442703753888,0.8537496047854428,0.872251406452055,0.9933214942041947,0.870773006185933,22657,25780,2026-02
1771970400.0,22,0.006237437499725866,0.013824720239819155,0.735493414415209,0.7841463910392237,0.8046960826959508,0.9319124112929118,0.7875843190504588,15867,15389,2026-02
1771974000.0,23,0.010509769393105071,0.015994726370275516,0.7590678714960255,0.8115512473606533,0.8258632854056547,1.0548180277042685,0.9367423602902731,18302,20064,2026-02
1771977600.0,0,0.006822147294896137,0.0211776794825827,0.7273944432510453,0.7885202628578581,0.8003447884168503,1.2246933158430193,0.898634147591967,18328,17658,2026-02
1771981200.0,1,0.03068230703061525,0.03289395967856025,0.9138589078902873,0.8854792923229592,0.962641875621171,0.7466007414593642,0.7646201213192922,108997,102994,2026-02
1771984800.0,2,0.018391914153717565,0.021867941398042396,0.8425254590562258,0.8438602012232304,0.8769538831565081,1.4065833007493878,1.5976236150038665,42293,47155,2026-02
1771988400.0,3,0.017133220991083446,0.014348362569753652,0.7949214496864971,0.8322028716277243,0.8476529316405221,1.5613224209420888,1.6979496033331156,34135,41513,2026-02
1771992000.0,4,0.019464729460190178,0.028877635437800427,0.7680965144945798,0.8012907475556011,0.8244128639351765,1.4035769217552403,1.3532243100680625,26750,30383,2026-02
1771995600.0,5,0.01739710115506731,0.019341474600685086,0.7294137418094757,0.8206327759948399,0.8429527682989382,1.8751348525254767,1.535071041940407,28821,37203,2026-02
1771999200.0,6,0.015332733958006464,0.018430054563299283,0.6457668036839108,0.7380858896631409,0.751233995864337,1.5225833301170095,1.3908427567370856,17396,20735,2026-02
1772002800.0,7,0.0216292246945335,0.02223672501427574,0.7012082780877336,0.7150247264436455,0.7472928679550764,1.6147037934834976,1.8899307043139948,23341,26859,2026-02
1772006400.0,8,0.015200831884506773,0.012175042507600486,0.7712839264240674,0.798889309755422,0.819883635441651,1.6763769982913013,1.3625578942449255,29733,28957,2026-02
1772010000.0,9,0.010907904476980855,0.010727409897075003,0.7236946642022026,0.7706155243252758,0.7824354339751933,1.5576602868923906,1.4614743498953437,22458,24963,2026-02
1772013600.0,10,0.009160743898849468,0.009287800661059253,0.5813953403612578,0.7049627522943932,0.7198216288589416,1.5916222429352305,1.3931413622954498,15515,18568,2026-02
1772017200.0,11,0.010103112429814504,0.01653700961432278,0.591129987350049,0.7239016798686022,0.7492560049643846,1.5768946011618814,1.3796392603263603,16891,21217,2026-02
1772020800.0,12,0.00990359321844212,0.030300801393230936,0.7591255538251924,0.811409052169372,0.8342335553024061,1.9282496038938253,1.7333205883939948,34109,43133,2026-02
1772024400.0,13,0.013844440550370641,0.041552052011687976,0.7230170355756073,0.7933906022971285,0.8248837094438264,2.3593553532873925,2.1393226929561617,36211,49688,2026-02
1772028000.0,14,0.025205189306119265,0.039263111761194396,0.796800641042655,0.8376313073278971,0.8818836390439053,2.469913612460822,2.134848225043114,59071,72182,2026-02
1772031600.0,15,0.016380046301760043,0.03697572497422553,0.7788930779794672,0.8378087550374704,0.8648105214524117,2.536486083850765,3.014026513178792,61682,97602,2026-02
1772035200.0,16,0.018164633140651535,0.04808662495110974,0.7771710675036183,0.8189223295154403,0.8439924248222906,2.5959161080483275,3.181784599994416,53498,75453,2026-02
1772038800.0,17,0.004804629238886969,0.03810364410402085,0.8217483114134687,0.8243315454435282,0.8697218674766223,2.5989656217484955,2.5355304199013156,61121,80138,2026-02
1772042400.0,18,0.01843602704802986,0.055381418569698616,0.7998063183538658,0.8350091446985892,0.8826720992479613,1.9216549917745886,1.9007262806577951,51727,69975,2026-02
1772046000.0,19,0.01911889074070844,0.02397695685098332,0.8009596747512817,0.8390609539306929,0.8730931606109108,1.5185047567119085,1.7395357704107162,38766,52527,2026-02
1772049600.0,20,0.013131068301493354,0.015409028461505369,0.770113589310331,0.8472807893193978,0.8521584308700902,1.6077686310441701,1.6033108359130737,32087,42194,2026-02
1772053200.0,21,0.014558489808273322,0.02594620520107808,0.8292683459595167,0.8941584176454808,0.9250337340974731,1.24085571284037,1.2976825750904395,54601,72434,2026-02
1772056800.0,22,0.017957683048764512,0.020633675366814666,0.7627670036426804,0.8688995710437959,0.8996604920017854,1.5686561091641258,1.2816015017557583,32779,48061,2026-02
1772060400.0,23,0.017783179667022864,0.01669325851255934,0.7954409213877773,0.8518939238985446,0.8855708115768952,1.34754707031274,1.3602287769088974,33627,45714,2026-02
1772064000.0,0,0.010572375788181237,0.015201923870846708,0.7979431043695366,0.8549255805559766,0.87833950562977,1.5451079553498168,1.3644684438764523,33415,44228,2026-02
1772067600.0,1,0.008973032973882768,0.019265160998194156,0.7736638713433192,0.8300561143040405,0.8590068717338033,1.201747271443333,1.2044994298400074,23627,32831,2026-02
1772071200.0,2,0.016163878281983398,0.0182934953423302,0.7588498995266714,0.8004553786324109,0.8255003554400424,1.4362729299170005,1.5697675706794487,26418,33859,2026-02
1772074800.0,3,0.011747008596581112,0.014119694146452788,0.6810689277797318,0.7565803691503558,0.7821205265985163,1.4723472143575735,1.3667103425678369,19428,23756,2026-02
1772078400.0,4,0.009430796723466523,0.02826077368547938,0.7364339528960892,0.7465169083647942,0.7807030094615304,1.5768308854848954,1.698098382897059,25517,29051,2026-02
1772082000.0,5,0.015081197801721565,0.03100689734646723,0.6985163940675778,0.7595988725738662,0.7864661915107743,1.494345216869271,1.6881222449743285,21057,30641,2026-02
1772085600.0,6,0.01562581390400688,0.013182992667868113,0.6338816751503838,0.6965080662727873,0.7174002174937085,1.5713694970892411,1.8579935432846866,17094,24550,2026-02
1772089200.0,7,0.01787025410386937,0.03623145980512697,0.6482083008604301,0.7035280731336839,0.7392010282976965,1.5831539479771042,1.9656230316989778,19355,28690,2026-02
1772092800.0,8,0.010599326946243517,0.018666179392267584,0.7011386893941066,0.7456175685362755,0.7682129729698811,1.6618716233524045,1.8360697357595865,23963,29518,2026-02
1772096400.0,9,0.010266847957298712,0.02391468087133126,0.763390427089309,0.7475961620415197,0.7863541288580312,1.6464598212144743,1.7147890866803643,27060,28247,2026-02
1772100000.0,10,0.013550638343290268,0.030982460050994344,0.660048703369366,0.7587450760716143,0.7793961679903076,1.58524566453092,1.495667390240653,19120,26588,2026-02
1772103600.0,11,0.011904873918589126,0.028433927374017714,0.6144126684793413,0.7502146717220569,0.7573003177971572,1.5619225087129756,1.5598917892418722,16332,24894,2026-02
1772107200.0,12,0.013189398588091684,0.022355360873298837,0.682322802488561,0.7663651578702018,0.7802702036627907,1.5622790781129638,1.5120165539708295,20125,26248,2026-02
1772110800.0,13,0.015897910539289618,0.02981680094600035,0.643218282805266,0.7586445774632733,0.7813959510417777,1.759199171008736,1.8524736695237094,20493,32514,2026-02
1772114400.0,14,0.025507000521240178,0.034501130168906775,0.8198881991053129,0.8676580202474099,0.895382696088615,2.0176912708260857,2.380299144676933,66605,84367,2026-02
1772118000.0,15,0.016749706655358573,0.03025928839007609,0.8170632205287274,0.8705946308463075,0.909301090614263,2.2787241976958152,2.101253793527959,73842,99431,2026-02
1772121600.0,16,0.012060681652934769,0.02527410496498936,0.7846125523719164,0.8592915983614999,0.8889272407303412,2.5429684783373685,2.0821129985820943,55781,77324,2026-02
1772125200.0,17,0.011584601858115858,0.019508472541461683,0.7605302509507983,0.8355514109652655,0.8536614841165077,1.8501487805260564,1.634008861584518,35478,44399,2026-02
1772128800.0,18,0.012144414777780286,0.01380814456453678,0.825438076685286,0.8468095814039238,0.878490366377244,1.3196488965249928,1.2221367440718711,34953,38160,2026-02
1772132400.0,19,0.015424865375839435,0.020432178740465722,0.844307902372224,0.8583797109808325,0.893106509006661,1.0519839766009362,1.0012056113956238,33574,34325,2026-02
1772136000.0,20,0.009285720556212684,0.011825464250001761,0.772098619939602,0.8141612531116356,0.8289892440617399,0.933810910413821,0.9037608551018291,17770,20445,2026-02
1772139600.0,21,0.013181448145535828,0.0077565263795870715,0.7574911442928592,0.7621276833641921,0.800935866733999,0.8415198281098255,0.8025731282698478,14583,14794,2026-02
1772143200.0,22,0.007976653955991573,0.009190462555637262,0.68519877572854,0.7677182425224103,0.7897100439305392,0.8362561799392941,0.6640804166330874,10483,12129,2026-02
1772146800.0,23,0.0057129966831669585,0.009244759544753057,0.6716467037706473,0.8378019954238735,0.8525138096768565,0.8976078693045246,0.7665208073379428,11877,19290,2026-02
1772150400.0,0,0.006798060378720442,0.0025614387289855677,0.7149350742628809,0.8617140181910428,0.8751312875681402,1.1711823621349597,0.8720323846980261,17691,26008,2026-02
1772154000.0,1,0.011448424341699494,0.014440285464713865,0.8025403994540785,0.8646732746495834,0.8918345573085601,1.1879117228912766,0.872600714462681,26302,31232,2026-02
1772157600.0,2,0.010748894189700691,0.01358444988276016,0.7076180661723619,0.7851362393274188,0.793755581257662,1.4054593040399785,1.1757005461415748,19347,21640,2026-02
1772161200.0,3,0.014308170312518556,0.01783140542123155,0.7178392655957327,0.7348982440261304,0.7578769282311426,1.4276584024886305,1.2291880992368653,20183,19011,2026-02
1772164800.0,4,0.019886381750674312,0.03272988280582057,0.787915833960018,0.8045094177969712,0.8391951522526198,1.7178197709722107,1.5500412314487404,33718,37724,2026-02
1772168400.0,5,0.010343150702601172,0.02402349424419638,0.6086757734111378,0.6694584717653186,0.6891289573299445,1.3297756531575395,1.4602334048934658,13373,17762,2026-02
1772172000.0,6,0.007702646842862879,0.022713530029712634,0.5677288642575672,0.6777907979688461,0.7139023120227257,1.4491120159788347,1.4658092960232536,13095,19842,2026-02
1772175600.0,7,0.006974536920372384,0.049570506682895046,0.5883334159131908,0.6663158454347372,0.7337133005666524,1.9829467735962738,1.6326471950156844,18500,25531,2026-02
1772179200.0,8,0.01625595391701497,0.0454666563574048,0.7216851571420897,0.6448895409351125,0.7676119852138302,1.3757142324231688,1.9763777202118251,21794,28506,2026-02
1772182800.0,9,0.025797463727463534,0.0228415586215327,0.7294498297205267,0.7730672021611942,0.8095984969187997,1.6915626720554484,1.7184918433685474,28301,34426,2026-02
1772186400.0,10,0.04008544742691062,0.01571052616392878,0.7418079157477929,0.8263662072850023,0.8661038768073662,2.0026721533625786,1.5284101035229616,37540,42762,2026-02
1772190000.0,11,0.03705804194714414,0.016182484596186243,0.7295775329816385,0.8242048279745824,0.8583953693789185,2.150805266843065,1.5266005288372013,40260,41766,2026-02
1772193600.0,12,0.043983040644024696,0.014254272536719638,0.7256221914267234,0.7459716815680505,0.7961126350320085,2.4500778598581885,1.8036818783667476,43629,31410,2026-02
1772197200.0,13,0.029336651532851674,0.022465375773478624,0.7609665514889646,0.7781661083202287,0.8270701807576375,2.105501623183353,1.7473387114439591,40962,37429,2026-02
1772200800.0,14,0.020854316962727947,0.025605639030484902,0.7826147188214404,0.8562467277745088,0.8913063154663349,2.0410975399252083,1.578632975760689,47226,59378,2026-02
1772204400.0,15,0.025472695527921738,0.02013594448586796,0.8035939425815292,0.8243096693555718,0.8657550394217748,1.7453203585217847,1.5292646280405322,43089,42420,2026-02
1772208000.0,16,0.023916480313938664,0.013599833524937238,0.7495780017481084,0.8301226344579864,0.8594675552847061,1.9833888542997034,1.4784323504955974,38356,41060,2026-02
1772211600.0,17,0.02085986035074393,0.012797382352916052,0.7883412358751174,0.8236670247477644,0.8494896820211727,2.056476644744212,1.5444195231123046,44656,38323,2026-02
1772215200.0,18,0.014855951469220065,0.01263465466389089,0.7653835362347117,0.8058805288942075,0.8374868081164766,1.4627400016020535,1.135475419077462,27055,26241,2026-02
1772218800.0,19,0.010276967376973015,0.010002438408408655,0.7506136328396665,0.7602808262597996,0.8015587511113043,1.2202226211157738,0.9730270214794571,20684,18259,2026-02
1772222400.0,20,0.008399144316217319,0.015351517748197796,0.7544520171950845,0.7667721730682294,0.798386011243011,1.0941554049078581,0.912342830690119,18439,17389,2026-02
1772226000.0,21,0.012632689300668853,0.01102208013447185,0.6838696102216208,0.7439112627318155,0.7872125185275216,0.9716860486983322,0.7830413183474333,12894,13689,2026-02
1772229600.0,22,0.02521594458853339,0.032690454679086524,0.7664520594475421,0.7849284541200021,0.855782773703268,1.0560104167044284,0.8284062741430612,23007,22926,2026-02
1772233200.0,23,0.009477748318288272,0.027960676335075596,0.7188114355439701,0.6925177855821626,0.7596214834209717,1.05890971717236,0.7687009767068137,15481,12118,2026-02
1772236800.0,0,0.015422835151546506,0.03484117190807724,0.6285094556705874,0.725477129605966,0.7514539011460274,1.072124805850045,0.879500252734724,12800,14115,2026-02
1772240400.0,1,0.006809104349380596,0.029555315437870575,0.5943274763354116,0.7415117205535549,0.7671078686312365,1.035076197174346,0.8873959012241999,10377,15031,2026-02
1772244000.0,2,0.008057089244306813,0.023738684195336493,0.573896045694164,0.6565595121390642,0.6864941371410053,1.0310363806652034,0.8216704984043972,9464,10092,2026-02
1772247600.0,3,0.01586327802117668,0.002518255262190721,0.5114097717861283,0.6714158047339249,0.6891346334264652,1.036372459268738,1.0462713868319142,8876,12258,2026-02
1772251200.0,4,0.01366197423649456,0.022560309103022345,0.5658884501564327,0.7346261884888566,0.7542002896581409,1.138972040347003,0.9461977966537958,10868,14816,2026-02
1772254800.0,5,0.003834214710069399,0.02302385480736746,0.5470451066517836,0.7117028713961133,0.7324923354298576,1.036984654892003,0.8322993046127313,9294,12023,2026-02
1772258400.0,6,0.06881452961365944,0.03250916041593577,0.8118897134849071,0.9172764227424731,0.9493038203638193,1.9372200736549927,1.7513046479897183,94721,138302,2026-02
1772262000.0,7,0.03852668890187873,0.031008992652619347,0.7612789489940152,0.8284750350258989,0.8633263224764042,3.2233076829760177,2.0413137321240646,69526,63765,2026-02
1772265600.0,8,0.021671861807094083,0.022725542413309215,0.6956469743896718,0.8299976045860713,0.8550947415175715,2.4033095574721344,1.5070128912135867,34861,42527,2026-02
1772269200.0,9,0.013757555299388508,0.021379018002518395,0.7077517373770865,0.8064495655920335,0.8286373418444083,2.1075038673101436,1.5485242931621774,29370,36057,2026-02
1772272800.0,10,0.013964339302913327,0.029617293667373135,0.7511524391471619,0.8080240952877992,0.8347175647599896,1.7810011795045086,1.5564042122901018,28319,36873,2026-02
1772276400.0,11,0.012412305387910242,0.01885300058241583,0.6914025479927663,0.7920112150629225,0.8218686539659187,1.6459753335780802,1.3583462829245334,21752,29645,2026-02
1772280000.0,12,0.004893035947396471,0.0028805302308570558,0.5971462767590645,0.7035650527516927,0.7350199784423972,1.7003713475277755,1.1087387253282284,16214,15558,2026-02
1772283600.0,13,0.026572463938799234,0.036554975141898274,0.8182401014275308,0.8092377562715929,0.8840649890786759,1.7018507654205601,1.0818807521414318,48269,39656,2026-02
1772287200.0,14,0.030213506895950912,0.03252049274744277,0.8075098974340501,0.8591669855961461,0.9039578152554792,1.4987903843065722,1.707481567884076,45715,65455,2026-02
1772290800.0,15,0.019867963474462253,0.01999041611042932,0.7736804404186095,0.7683013582973801,0.8211989635361772,1.5498656179059176,1.6620180372924012,31256,33951,2026-02
1772294400.0,16,0.011029479840961547,0.01978140787007192,0.7651945844463133,0.7582828304629392,0.7999784532873145,1.5592741948318978,1.6704162708010841,27709,30481,2026-02
1772298000.0,17,0.015974975743023756,0.028632324351152417,0.7712802065409455,0.7422305706565433,0.8117410490816411,1.4045481500018213,1.4903249637242622,27374,27148,2026-02
1772301600.0,18,0.015415269982470805,0.02602000689459709,0.8192532498278011,0.8279066084607316,0.8817827958840765,1.4098525009396523,1.3826329088715748,38933,42294,2026-02
1772305200.0,19,0.019692561777831002,0.03198576079868259,0.844117899386075,0.8551598358850373,0.9055191389425363,1.3820717100444038,1.3059776348153906,45722,53568,2026-02
1772308800.0,20,0.011510557648589914,0.0340685261714683,0.8510979650616237,0.8489465151644289,0.8981282862301906,1.2715374868887537,1.3552596169087907,40640,53286,2026-02
1772312400.0,21,0.01085176077404474,0.018932594264376903,0.8370368656109375,0.8639474584547143,0.8920972935450124,0.9971818383502131,1.2240297121400259,29873,45035,2026-02
1772316000.0,22,0.010485582592478365,0.027280014131187996,0.8661283380863449,0.8663336748218172,0.9150602026754819,1.2397176771183216,1.4872379715010982,46833,66871,2026-02
